id;categoria_id;categoria;referencia;descricao;tipo;disponibilidade;imagem;galeria;slug;quantidade;estoque;status;estoque_minimo;valor_atacado;valor_compra;valor_unitario;valor_custo;preco_promocional;ipi;percentual_custo;margem_lucro;ativo;destaque;novo;mais_vendido;visualizacoes;ultima_visualizacao;rating;total_avaliacoes;data_compra;ultima_atualizacao_estoque;deleted_at;created_at;updated_at;fornecedor
1;NULL;AUDIO E VIDEO / PLUGS;1;Jack Usb para som Pioneer Original;UNI;DISPONÍVEL;produtos/1.png;NULL;1-p10-mono-plastico-preto;1000;5;ativo;5;3,9;1,2;2,8;1,7612241;NULL;9,75;33,73;NULL;1;0;0;0;0;NULL;0.00;0;30/09/2024;NULL;NULL;2026-08-18 13:38:03;2026-08-21 05:05:56;ALIEXPRESS
2;NULL;AUDIO E VIDEO / PLUGS;3;Voltimetro Digital 3 FIOS VERMELHO;UNI;DISPONÍVEL;produtos/3.png;NULL;3-p10-stereo-plastico-preto;1000;0;ativo;5;13;7,4;13;7,4;NULL;0;0;NULL;1;0;0;0;7;2026-08-23 13:02:59;0.00;0;27/11/2025;NULL;NULL;2026-08-18 13:38:03;2026-08-23 13:02:59;SHOPEE
3;NULL;AUDIO E VIDEO / PLUGS;5;Voltimetro + Amperimetro;UNI;DISPONÍVEL;produtos/5.png;NULL;5-p10-stereo-plastico-vermelho;1000;0;ativo;5;20;8,9382;NULL;12,4599741;NULL;5;20,03;NULL;1;0;0;0;0;NULL;0.00;0;03/09/2026;NULL;NULL;2026-08-18 13:38:03;2026-08-23 13:40:04;NWT
4;NULL;AUDIO E VIDEO / PLUGS;6;DECODER MP3 COM BT E RADIO S/ AMPLIFICAÇÃO ;UNI;INDISPONIVEL;produtos/6.png;NULL;6-p10-mono-metal-niquel-com-mol;1000;0;ativo;5;26;13,43;32;13,43;NULL;0;0;NULL;1;0;0;0;1;2026-08-23 13:03:12;0.00;0;20/11/2025;NULL;NULL;2026-08-18 13:38:03;2026-08-23 13:03:12;aliexpress
5;NULL;AUDIO E VIDEO / PLUGS;7;Receptor de audio BT 5.0 MP3;UNI;INDISPONIVEL;produtos/7.png;NULL;7-p10-stereo-metal-com-mola;1000;0;ativo;5;11,65;4,11;NULL;7,398;NULL;0;80;NULL;1;0;0;0;2;2026-08-23 14:50:37;0.00;0;17/11/2025;NULL;NULL;2026-08-18 13:38:03;2026-08-23 14:50:37;aliexpress
6;NULL;AUDIO E VIDEO / PLUGS;10;KBPC 5010;UNI;DISPONÍVEL;produtos/10.png;NULL;10-p10-mono-metal-tipo-ninja-sant;1000;0;ativo;5;6,85;3,6;6,7;4,608;NULL;0;28;NULL;1;0;0;0;0;NULL;0.00;0;15/06/2024;NULL;NULL;2026-08-18 13:38:03;2026-08-23 13:40:04;CX
7;NULL;AUDIO E VIDEO / PLUGS;11;Chicote 2 Vias   ;UNI;DISPONÍVEL;produtos/11.png;NULL;11-p10-mono-profissional-metal-pr;1000;0;ativo;5;6,5;;6,5;0;NULL;NULL;NULL;NULL;1;0;0;0;0;NULL;0.00;0;;NULL;NULL;2026-08-18 13:38:03;2026-08-21 05:05:56;
8;NULL;AUDIO E VIDEO / PLUGS;12;Chicote 3 Vias   ;UNI;DISPONÍVEL;produtos/12.png;NULL;12-p10-mono-profissional-metal-ve;1000;0;ativo;5;9,5;;9,5;0;NULL;NULL;NULL;NULL;1;0;0;0;0;NULL;0.00;0;;NULL;NULL;2026-08-18 13:38:03;2026-08-21 05:05:56;
9;NULL;AUDIO E VIDEO / PLUGS;13;Chicote 4 Vias   ;UNI;DISPONÍVEL;produtos/13.png;NULL;13-p10-mono-profissional-metal-az;1000;0;ativo;5;10;;10;0;NULL;NULL;NULL;NULL;1;0;0;0;0;NULL;0.00;0;;NULL;NULL;2026-08-18 13:38:03;2026-08-21 05:05:56;
10;NULL;AUDIO E VIDEO / PLUGS;14;Chicote 6 Vias   ;UNI;INDISPONIVEL;produtos/14.png;NULL;14-plug-p10-mono-preto-linha-diam;1000;0;ativo;5;11;;11;0;NULL;NULL;NULL;NULL;1;0;0;0;1;2026-08-24 04:52:56;0.00;0;;NULL;NULL;2026-08-18 13:38:03;2026-08-24 04:52:56;
11;NULL;AUDIO E VIDEO / PLUGS;15;Chicote 9 Vias   ;UNI;DISPONÍVEL;produtos/15.png;NULL;15-plug-p10-stereo-linha-diamante;1000;0;ativo;5;13;;13;0;NULL;NULL;NULL;NULL;1;0;0;0;2;2026-08-23 13:03:21;0.00;0;;NULL;NULL;2026-08-18 13:38:03;2026-08-23 13:03:21;
12;NULL;AUDIO E VIDEO / PLUGS;16;Chicote 12 Vias   ;UNI;DISPONÍVEL;produtos/16.png;NULL;16-p10-mono-90-metalico-profissio;1000;0;ativo;5;15;;17;0;NULL;NULL;NULL;NULL;1;0;0;0;2;2026-08-23 13:14:25;0.00;0;;NULL;NULL;2026-08-18 13:38:03;2026-08-23 13:14:25;
13;NULL;AUDIO E VIDEO / PLUGS;17;Chicote 16 Vias macho  ;UNI;DISPONÍVEL;produtos/17.png;NULL;17-p10-mono-90-metalplastico;1000;0;ativo;5;7,4;3,2683;7,4;4,43711205;NULL;5;29,23;NULL;1;0;0;0;3;2026-08-21 05:13:21;0.00;0;07/09/2024;NULL;NULL;2026-08-18 13:38:03;2026-08-21 05:13:21;NWT
14;NULL;AUDIO E VIDEO / PLUGS;18;Chicote 16 Vias femea ;UNI;DISPONÍVEL;produtos/18.png;NULL;18-p10-stereo-90-metalplastico;1000;0;ativo;5;8;3,4094;8,3;4,3424304;NULL;5;21,28;NULL;1;0;0;0;2;2026-08-21 05:13:07;0.00;0;03/11/2025;NULL;NULL;2026-08-18 13:38:03;2026-08-21 05:13:07;NWT
15;NULL;AUDIO E VIDEO / PLUGS;20;CHICOTE PIONEER MODELO NOVO  ;UNI;DISPONÍVEL;produtos/20.png;NULL;20-plug-p10-90-graus-mono-metal-c;1000;0;ativo;5;7;3,201;7;4,081056;NULL;5;21,46;NULL;1;0;0;0;2;2026-08-24 21:58:06;0.00;0;05/02/2026;NULL;NULL;2026-08-18 13:38:03;2026-08-24 21:58:06;NWT
16;NULL;AUDIO E VIDEO / JACKS;21;CHICOTE PORTA RELE 5 VIAS  ;UNI;DISPONÍVEL;produtos/21.png;NULL;21-jack-j10-stereo-c-trava-p-c;1000;0;ativo;5;5;;NULL;0;NULL;NULL;NULL;NULL;1;0;0;0;0;NULL;0.00;0;;NULL;NULL;2026-08-18 13:38:03;2026-08-21 05:05:56;
17;NULL;AUDIO E VIDEO / PLUGS;22;KIT CONECTOR 2 VIAS P/ MONTAGEM  ;UNI;DISPONÍVEL;produtos/22.png;NULL;22-plug-p2-stereo-plastico;1000;0;ativo;5;2,5;1,1023;2,5;1,462100475;NULL;9,75;21,11;NULL;1;0;0;0;0;NULL;0.00;0;15/01/2026;NULL;NULL;2026-08-18 13:38:03;2026-08-21 05:05:56;NWT
18;NULL;AUDIO E VIDEO / PLUGS;23;KIT CONECTOR 3 VIAS P/ MONTAGEM  ;UNI;DISPONÍVEL;produtos/23.png;NULL;23-p2-mono-plastico-preto;1000;0;ativo;5;3,3;1,505;NULL;2,0070651975;NULL;9,75;20,03;NULL;1;0;0;0;3;2026-08-20 19:52:53;0.00;0;03/09/2026;NULL;NULL;2026-08-18 13:38:03;2026-08-21 05:05:56;NWT
19;NULL;AUDIO E VIDEO / PLUGS;24;KIT CONECTOR 4 VIAS P/ MONTAGEM  ;UNI;DISPONÍVEL;produtos/24.png;NULL;24-p2-stereo-metal-c-mola;1000;0;ativo;5;4;1,8992;4,05;2,3526525825;NULL;9,75;20,03;NULL;1;0;0;0;0;NULL;0.00;0;03/09/2026;NULL;NULL;2026-08-18 13:38:03;2026-08-21 05:05:56;NWT
20;NULL;AUDIO E VIDEO / PLUGS;25;KIT CONECTOR 6 VIAS P/ MONTAGEM  ;UNI;DISPONÍVEL;produtos/25.png;NULL;25-p2-mono-metal-c-mola;1000;0;ativo;5;5,65;2,389;NULL;3,3362474475;NULL;9,75;20,03;NULL;1;0;0;0;0;NULL;0.00;0;03/09/2026;NULL;NULL;2026-08-18 13:38:03;2026-08-21 05:05:56;NWT
21;NULL;AUDIO E VIDEO / PLUGS;26;KIT CONECTOR 8 VIAS P/ MONTAGEM  ;UNI;DISPONÍVEL;produtos/26.png;NULL;26-p2-stereo-metal-preto-profissi;1000;0;ativo;5;7;2,9862;NULL;4,2135077325;NULL;9,75;20,03;NULL;1;0;0;0;0;NULL;0.00;0;03/09/2026;NULL;NULL;2026-08-18 13:38:03;2026-08-21 05:05:56;NWT
22;NULL;AUDIO E VIDEO / PLUGS;30;FONTE 12V 2 AMP ;UNI;DISPONÍVEL;produtos/30.png;NULL;30-plug-p2-gold-p-fone;1000;0;ativo;5;21;11,9113;21;15,4102;NULL;0;20,03;NULL;1;0;0;0;0;NULL;0.00;0;03/09/2026;NULL;NULL;2026-08-18 13:38:03;2026-08-21 05:05:56;NWT
23;NULL;AUDIO E VIDEO / PLUGS;31;ALCOOL ISOPROPILICO 100 ML;UNI;DISPONÍVEL;produtos/31.png;NULL;31-plug-p3-gold-p-fone;1000;0;ativo;5;8,5;;8;0;NULL;NULL;NULL;NULL;1;0;0;0;0;NULL;0.00;0;;NULL;NULL;2026-08-18 13:38:03;2026-08-21 05:05:56;
24;NULL;AUDIO E VIDEO / PLUGS;32;FONTE 9V 2 AMP ;UNI;DISPONÍVEL;produtos/32.png;NULL;32-p2-stereo-plastico-90-graus;1000;0;ativo;5;14;11,7347;21;14,8216907625;NULL;3,75;21,79;NULL;1;0;0;0;0;NULL;0.00;0;30/09/2024;NULL;NULL;2026-08-18 13:38:03;2026-08-21 05:05:56;SANTANA
25;NULL;AUDIO E VIDEO / PLUGS;34;Plug DC 3 pinos mesa de som Behringer ;UNI;INDISPONIVEL;produtos/34.png;NULL;34-p2-mono-plastico-90-graus;1000;0;ativo;5;;;NULL;0;NULL;NULL;NULL;NULL;1;0;0;0;0;NULL;0.00;0;;NULL;NULL;2026-08-18 13:38:03;2026-08-21 05:05:56;
26;NULL;AUDIO E VIDEO / PLUGS;35;Mini Amplificador 60W MONO 12 - 19V;UNI;INDISPONIVEL;produtos/35.png;NULL;35-plug-p2-90-graus-linha-diamant;1000;0;ativo;5;23;11,66;NULL;11,66;NULL;0;0;NULL;1;0;0;0;0;NULL;0.00;0;06/10/2025;NULL;NULL;2026-08-18 13:38:03;2026-08-21 05:05:56;aliexpress
27;NULL;AUDIO E VIDEO / PLUGS;36;Mini Amplificador 3W 5v ;UNI;DISPONÍVEL;produtos/36.png;NULL;36-plug-j2-stereo-plastico-preto;1000;0;ativo;5;5;2,09;NULL;2,09;NULL;0;0;NULL;1;0;0;0;0;NULL;0.00;0;29/09/2025;NULL;NULL;2026-08-18 13:38:03;2026-08-21 05:05:56;aliexpress
28;NULL;AUDIO E VIDEO / PLUGS;37;Mini Amplificador 30W 12V 15+15 stereo ;UNI;INDISPONIVEL;produtos/37.png;NULL;37-plug-j2-estereo-metal;1000;0;ativo;5;19;5,92;17;5,92;NULL;0;0;NULL;1;0;0;0;0;NULL;0.00;0;26/06/2023;NULL;NULL;2026-08-18 13:38:03;2026-08-21 05:05:56;aliexpress
29;NULL;AUDIO E VIDEO / ADAPTADORES;38;Amplificador 60W STEREO 12-19V;UNI;INDISPONIVEL;produtos/38.png;NULL;38-j2-stereo-metal-corpo-preto;1000;0;ativo;5;22;10,16;NULL;10,16;NULL;0;0;NULL;1;0;0;0;0;NULL;0.00;0;06/10/2025;NULL;NULL;2026-08-18 13:38:03;2026-08-21 05:05:56;aliexpress
30;NULL;AUDIO E VIDEO / PLUGS;40;CONECTOR DE CARGA MICRO USB 5 PINOS MOD 02;UNI;DISPONÍVEL;produtos/40.png;NULL;40-rca-macho-metal-niquel-58mm-p;1000;0;ativo;5;1,4;0,55;1,45;0,724229275;NULL;9,75;19,98;NULL;1;0;0;0;0;NULL;0.00;0;30/06/2025;NULL;NULL;2026-08-18 13:38:03;2026-08-21 05:05:56;ALIEXPRESS
31;NULL;AUDIO E VIDEO / PLUGS;41;Tweeter tipo Leson  ;UNI;INDISPONIVEL;produtos/41.png;NULL;41-rca-macho-metal-niquel-58mm-v;1000;0;ativo;5;;7,4;NULL;9,936276;NULL;15;16,76;NULL;1;0;0;0;0;NULL;0.00;0;15/09/2025;NULL;NULL;2026-08-18 13:38:03;2026-08-21 05:05:56;SANTANA
32;NULL;AUDIO E VIDEO / PLUGS;42;Led 3535 6v 2w P/ TV ;PÇ;INDISPONIVEL;produtos/42.png;NULL;42-rca-macho-metal-profissional;1000;0;ativo;5;;;0,8;0;NULL;NULL;NULL;NULL;1;0;0;0;0;NULL;0.00;0;;NULL;NULL;2026-08-18 13:38:03;2026-08-21 05:05:56;
33;NULL;AUDIO E VIDEO / PLUGS;43;Led 2835 3v 1w P/ TV;PÇ;INDISPONIVEL;produtos/43.png;NULL;43-rca-macho-metal-profissional-v;1000;0;ativo;5;;;0,8;0;NULL;NULL;NULL;NULL;1;0;0;0;0;NULL;0.00;0;;NULL;NULL;2026-08-18 13:38:03;2026-08-21 05:05:56;
34;NULL;AUDIO E VIDEO / PLUGS;44;PONTA CÔNICA FERRO DE SOLDA 60W UNI PCO 4UNI;UNI;DISPONÍVEL;produtos/44.png;NULL;44-rca-macho-metal-tipo-santo-ang;1000;0;ativo;5;32;18,82;NULL;21,643;NULL;0;15;NULL;1;0;0;0;0;NULL;0.00;0;21/08/2025;NULL;NULL;2026-08-18 13:38:03;2026-08-21 05:05:56;TF
35;NULL;AUDIO E VIDEO / PLUGS;45;SOLDA CAST 500G 1MM ;UNI;INDISPONIVEL;produtos/45.png;NULL;45-rca-macho-metal-linha-diamante;1000;0;ativo;5;145;74,55;NULL;89,46;NULL;0;20;NULL;1;0;0;0;0;NULL;0.00;0;15/12/2025;NULL;NULL;2026-08-18 13:38:03;2026-08-21 05:05:56;CAST
36;NULL;AUDIO E VIDEO / PLUGS;46;PASTA DE SOLDA CAST 110G;UNI;DISPONÍVEL;produtos/46.png;NULL;46-rca-macho-metal-linha-diamante;1000;0;ativo;5;10;4,89;NULL;6,6015;NULL;NULL;35;NULL;1;0;0;0;0;NULL;0.00;0;19/09/2024;NULL;NULL;2026-08-18 13:38:03;2026-08-21 05:05:56;CAST
37;NULL;AUDIO E VIDEO / PLUGS;47;FLUXO PASTOSO SERINGA 10G IMPLASTEC;UNI;DISPONÍVEL;produtos/47.png;NULL;47-rca-femea-plastico-nickel-58m;1000;0;ativo;5;11,9;;12;0;NULL;NULL;NULL;NULL;1;0;0;0;0;NULL;0.00;0;17/07/2023;NULL;NULL;2026-08-18 13:38:03;2026-08-21 05:05:56;ALI
38;NULL;AUDIO E VIDEO / PLUGS;48;CAPSULA MIC SM58  ;UNI;DISPONÍVEL;produtos/48.png;NULL;48-rca-femea-plastico-nickel-58m;1000;0;ativo;5;22;8,6;NULL;11,547564;NULL;15;16,76;NULL;1;0;0;0;0;NULL;0.00;0;15/09/2025;NULL;NULL;2026-08-18 13:38:03;2026-08-21 05:05:56;SANTANA
39;NULL;AUDIO E VIDEO / PLUGS;49;Espuma Microfone PRETA;UNI;INDISPONIVEL;produtos/49.png;NULL;49-rca-femea-metal-nickel-58mm-ve;1000;0;ativo;5;2,9;1,2634;3,1;1,7651718;NULL;15;21,82;NULL;1;0;0;0;0;NULL;0.00;0;15/09/2025;NULL;NULL;2026-08-18 13:38:03;2026-08-21 05:05:56;NWT
40;NULL;AUDIO E VIDEO / PLUGS;50;MICRO VENT 40 X 40 X 20MM 12V ;UNI;DISPONÍVEL;produtos/50.png;NULL;50-rca-femea-metal-nickel-58mm-pr;1000;0;ativo;5;8,8;4,24;10,5;4,64528358;NULL;3,25;6,11;NULL;1;0;0;0;0;NULL;0.00;0;27/10/2025;NULL;NULL;2026-08-18 13:38:03;2026-08-21 05:05:56;TF
41;NULL;AUDIO E VIDEO / PLUGS;51;MICRO VENT 50 X 50 X 10MM 12V ;UNI;DISPONÍVEL;produtos/51.png;NULL;51-rca-femea-metal-profissional;1000;0;ativo;5;9,8;4,6043;10;6,451983;NULL;9,75;27,8;NULL;1;0;0;0;0;NULL;0.00;0;15/09/2025;NULL;NULL;2026-08-18 13:38:03;2026-08-21 05:05:56;NWT
42;NULL;AUDIO E VIDEO / PLUGS;52;MICRO VENT 40 X 40 X 10MM 12V ;UNI;DISPONÍVEL;produtos/52.png;NULL;52-rca-femea-metal-profissional-p;1000;0;ativo;5;8,5;3,8;8;4,2365953;NULL;3,25;7,98;NULL;1;0;0;0;0;NULL;0.00;0;15/01/2026;NULL;NULL;2026-08-18 13:38:03;2026-08-21 05:05:56;ALLSEMI
43;NULL;AUDIO E VIDEO / PLUGS;53;MICRO VENT 60 X 60 X 20MM 12V ;UNI;DISPONÍVEL;produtos/53.png;NULL;53-xlr-femea-metal-azul;1000;0;ativo;5;9,7;3,97;8,55;4,352344745;NULL;3,25;6,18;NULL;1;0;0;0;0;NULL;0.00;0;15/09/2025;NULL;NULL;2026-08-18 13:38:03;2026-08-21 05:05:56;ALLSEMI
44;NULL;AUDIO E VIDEO / PLUGS;54;MICRO VENT 80 X 80X 20MM 12V ;UNI;DISPONÍVEL;produtos/54.png;NULL;54-xlr-femea-metal-vermelha;1000;0;ativo;5;9,75;4,6313;NULL;5,79776008;NULL;3,25;21,28;NULL;1;0;0;0;0;NULL;0.00;0;03/11/2024;NULL;NULL;2026-08-18 13:38:03;2026-08-21 05:05:56;NWT
45;NULL;AUDIO E VIDEO / PLUGS;55;MICRO VENT 80 X 80X 20MM 24V ;UNI;DISPONÍVEL;produtos/55.png;NULL;55-xlr-femea-metal-preto;1000;0;ativo;5;9,5;5,9;10,5;6,289731875;NULL;3,25;3,25;NULL;1;0;0;0;0;NULL;0.00;0;26/07/2024;NULL;NULL;2026-08-18 13:38:03;2026-08-21 05:05:56;ALLSEMI
46;NULL;AUDIO E VIDEO / PLUGS;56;MICRO VENT 120 X 120X 38MM 220V ;UNI;DISPONÍVEL;produtos/56.png;NULL;56-xlr-macho-metal-vermelho;1000;0;ativo;5;55;23;49,8;26,92254075;NULL;3,25;13,37;NULL;1;0;0;0;0;NULL;0.00;0;05/10/2023;NULL;NULL;2026-08-18 13:38:03;2026-08-21 05:05:56;ALLSEMI
47;NULL;AUDIO E VIDEO / PLUGS;57;MICRO VENT 120 X 120X 25MM 12V ;UNI;DISPONÍVEL;produtos/57.png;NULL;57-xlr-macho-metal-azul;1000;0;ativo;5;16,5;7,3;16;8,03;NULL;0;10;NULL;1;0;0;0;0;NULL;0.00;0;10/02/2026;NULL;NULL;2026-08-18 13:38:03;2026-08-21 05:05:56;ALLSEMI
48;NULL;AUDIO E VIDEO / PLUGS;58;MICRO VENT 80 X 80X 38MM 220V ;UNI;DISPONÍVEL;produtos/58.png;NULL;58-xlr-macho-metal-preto;1000;0;ativo;5;47;23,25;47;25,921273875;NULL;3,25;7,98;NULL;1;0;0;0;0;NULL;0.00;0;04/06/2024;NULL;NULL;2026-08-18 13:38:03;2026-08-21 05:05:56;ALLSEMI
49;NULL;AUDIO E VIDEO / PLUGS;59;MICRO VENT 90 X 90X 25 12V;UNI;INDISPONIVEL;produtos/59.png;NULL;59-xlr-femea-metal-linha-silver-p;1000;0;ativo;5;11,2;4,8876;NULL;6,5812737375;NULL;3,25;30,35;NULL;1;0;0;0;0;NULL;0.00;0;15/10/2024;NULL;NULL;2026-08-18 13:38:03;2026-08-21 05:05:56;NWT
50;NULL;AUDIO E VIDEO / PLUGS;60;MICRO VENT 70 X 70 X 10MM 12V ;UNI;DISPONÍVEL;produtos/60.png;NULL;60-xlr-macho-metal-linha-silver-p;1000;0;ativo;5;10,2;4,2804;NULL;5,64849362;NULL;3,25;27,82;NULL;1;0;0;0;0;NULL;0.00;0;26/06/2024;NULL;NULL;2026-08-18 13:38:03;2026-08-21 05:05:56;NWT
51;NULL;AUDIO E VIDEO / PLUGS;61;GRADE METÁLICA  80 X 80;UNI;DISPONÍVEL;produtos/61.png;NULL;61-xlr-macho-metal-preto-linha-di;1000;0;ativo;5;4,5;1,8064;3,8;2,269874845;NULL;3,25;21,46;NULL;1;0;0;0;0;NULL;0.00;0;05/02/2026;NULL;NULL;2026-08-18 13:38:03;2026-08-21 05:05:56;NWT
52;NULL;AUDIO E VIDEO / PLUGS;62;GRADE METÁLICA  120 X 120  ;UNI;DISPONÍVEL;produtos/62.png;NULL;62-xlr-femea-metal-preto-linha-di;1000;0;ativo;5;3,8;2,1415;NULL;2,6735555;NULL;3,25;21;NULL;1;0;0;0;0;NULL;0.00;0;26/06/2024;NULL;NULL;2026-08-18 13:38:03;2026-08-21 05:05:56;NWT
53;NULL;AUDIO E VIDEO / PLUGS;63;FERRO DE SOLDAR 40W CHIP SCE ;UNI;INDISPONIVEL;produtos/63.png;NULL;63-xlr-macho-metal-linha-black-co;1000;0;ativo;5;25;19,67;24;23,50690888;NULL;4;14,91;NULL;1;0;0;0;0;NULL;0.00;0;08/10/2023;NULL;NULL;2026-08-18 13:38:03;2026-08-21 05:05:56;SANTANA
54;NULL;AUDIO E VIDEO / PLUGS;64;MALHA REMOVEDORA DE SOLDA 3MM 1,5M ;UNI;DISPONÍVEL;produtos/64.png;NULL;64-xlr-macho-metal-linha-black-co;1000;0;ativo;5;14;7,95;11;8,548635;NULL;0;7,53;NULL;1;0;0;0;0;NULL;0.00;0;17/11/2025;NULL;NULL;2026-08-18 13:38:03;2026-08-21 05:05:56;TF
55;NULL;AUDIO E VIDEO / PLUGS;67;PASTA TÉRMICA BRANCA 15G IMPLASTEC;UNI;DISPONÍVEL;produtos/67.png;NULL;67-xlr-macho-metal-linha-black-co;1000;0;ativo;5;5,85;3,39;6,3;4,024608;NULL;0;18,72;NULL;1;0;0;0;0;NULL;0.00;0;28/05/2024;NULL;NULL;2026-08-18 13:38:03;2026-08-21 05:05:56;SANTANA
56;NULL;AUDIO E VIDEO / PLUGS;68;PASTA TÉRMICA BRANCA 50G IMPLASTEC ;UNI;DISPONÍVEL;produtos/68.png;NULL;68-xlr-femea-metal-linha-black-co;1000;0;ativo;5;13,5;10,12;NULL;12,27556;NULL;0;21,3;NULL;1;0;0;0;0;NULL;0.00;0;16/04/2024;NULL;NULL;2026-08-18 13:38:03;2026-08-21 05:05:56;SANTANA
57;NULL;AUDIO E VIDEO / PLUGS;69;CAMISINHA PARA SUGADOR;UNI;DISPONÍVEL;produtos/69.png;NULL;69-xlr-femea-metal-linha-black-co;1000;0;ativo;5;1,2;0,37;1,1;0,37;NULL;0;0;NULL;1;0;0;0;0;NULL;0.00;0;06/06/2023;NULL;NULL;2026-08-18 13:38:03;2026-08-21 05:05:56;NILTON
58;NULL;AUDIO E VIDEO / PLUGS;70;Pasta termica Termal Silver implastec 5G;UNI;INDISPONIVEL;produtos/70.png;NULL;70-xlr-femea-metal-linha-black-co;1000;0;ativo;5;22,4;;20,79;0;NULL;NULL;NULL;NULL;1;0;0;0;0;NULL;0.00;0;;NULL;NULL;2026-08-18 13:38:03;2026-08-21 05:05:56;
59;NULL;AUDIO E VIDEO / PLUGS;71;FLUXO P/ SOLDA LIQUIDO NO CLEAN 250ML;UNI;INDISPONIVEL;produtos/71.png;NULL;71-plug-speak-on-macho-c-rabic;1000;0;ativo;5;15;11;16;13,3969;NULL;0;21,79;NULL;1;0;0;0;0;NULL;0.00;0;30/09/2024;NULL;NULL;2026-08-18 13:38:03;2026-08-21 05:05:56;SANTANA
60;NULL;AUDIO E VIDEO / PLUGS;72;SUGADOR DE SOLDA;UNI;INDISPONIVEL;produtos/72.png;NULL;72-plug-speak-on-macho-c-trava;1000;0;ativo;5;8,8;3,75;7,5;4,125;NULL;0;10;NULL;1;0;0;0;0;NULL;0.00;0;10/02/2026;NULL;NULL;2026-08-18 13:38:03;2026-08-21 05:05:56;ALLSEMI
61;NULL;AUDIO E VIDEO / PLUGS;73;RELE 28V 5 PINOS;UNI;DISPONÍVEL;produtos/73.png;NULL;73-speak-on-macho-c-rabicho-8;1000;0;ativo;5;3,4;;3;0;NULL;NULL;NULL;NULL;1;0;0;0;0;NULL;0.00;0;;NULL;NULL;2026-08-18 13:38:03;2026-08-21 05:05:56;
62;NULL;AUDIO E VIDEO / PLUGS;74;RELE 12V 5 PINOS MINI;UNI;DISPONÍVEL;produtos/74.png;NULL;74-speak-on-macho-c-trava-90-g;1000;0;ativo;5;4,7;1,301;NULL;1,42649;NULL;0;9,73;NULL;1;0;0;0;0;NULL;0.00;0;05/02/2026;NULL;NULL;2026-08-18 13:38:03;2026-08-21 05:05:56;ASIA
63;NULL;AUDIO E VIDEO / PLUGS;75;RELE 12V 5 PINOS 10a;UNI;INDISPONIVEL;produtos/75.png;NULL;75-powercon-branco-macho-20a-ac-3;1000;0;ativo;5;2,75;1,26;2,8;1,64986479;NULL;3,25;26,82;NULL;1;0;0;0;0;NULL;0.00;0;13/10/2025;NULL;NULL;2026-08-18 13:38:03;2026-08-21 05:05:56;ACP
64;NULL;AUDIO E VIDEO / PLUGS;76;RELE 24V 5 PINOS;UNI;DISPONÍVEL;produtos/76.png;NULL;76-powercon-azul-macho-20a-ac-3;1000;0;ativo;5;3,4;1,41;3,5;1,551;NULL;0;10;NULL;1;0;0;0;0;NULL;0.00;0;25/06/2026;NULL;NULL;2026-08-18 13:38:03;2026-08-21 05:05:56;ASIA
65;NULL;AUDIO E VIDEO / PLUGS;77;JACK RCA  P/MODULO POWER SYSTEMS ;UNI;INDISPONIVEL;produtos/77.png;NULL;77-plug-jack-speak-on-femea-p;1000;0;ativo;5;1,7;0,76;2,1;0,8436;NULL;0;11;NULL;1;0;0;0;0;NULL;0.00;0;25/06/2026;NULL;NULL;2026-08-18 13:38:03;2026-08-21 05:05:56;ASIA
66;NULL;ENERGIA / DC PLUG;78;JACK RCA  P/MODULO MKS ;UNI;DISPONÍVEL;produtos/78.png;NULL;78-plug-jack-p4-com-born;1000;0;ativo;5;2,44;0,892;2,3;1,21912467;NULL;6,5;28,62;NULL;1;0;0;0;0;NULL;0.00;0;21/03/2024;NULL;NULL;2026-08-18 13:38:03;2026-08-21 05:05:56;ATLAS
67;NULL;ENERGIA / DC PLUG;79;JACK RCA  P/MODULO HORIZONTAL;UNI;DISPONÍVEL;produtos/79.png;NULL;79-plug-p4-com-born;1000;0;ativo;5;2,54;1;2,55;1,2680955;NULL;6,5;19,07;NULL;1;0;0;0;0;NULL;0.00;0;03/09/2025;NULL;NULL;2026-08-18 13:38:03;2026-08-21 05:05:56;ATLAS
68;NULL;ENERGIA / DC PLUG;80;JACK RCA  P/MODULO AV 4-8, 4-7;UNI;DISPONÍVEL;produtos/80.png;NULL;80-plug-p4-com-borne-engate-rap;1000;0;ativo;5;4,19;1,6534;NULL;2,092357575;NULL;6,5;19,07;NULL;1;0;0;0;0;NULL;0.00;0;03/09/2025;NULL;NULL;2026-08-18 13:38:03;2026-08-21 05:05:56;ATLAS
69;NULL;AUDIO E VIDEO / PLUGS;82;FUSÍVEL FACA 80A  ;PÇ;DISPONÍVEL;produtos/82.png;NULL;82-plug-rca-com-born;1000;0;ativo;5;3,95;;NULL;0;NULL;NULL;NULL;NULL;1;0;0;0;0;NULL;0.00;0;;NULL;NULL;2026-08-18 13:38:03;2026-08-21 05:05:56;
70;NULL;AUDIO E VIDEO / PLUGS;84;EMENDA RCA  SIMPLES ;UNI ;DISPONÍVEL;produtos/84.png;NULL;84-plug-bnc-com-born;1000;0;ativo;5;0,85;0,3482;NULL;0,467941075;NULL;9,75;21,82;NULL;1;0;0;0;0;NULL;0.00;0;15/09/2025;NULL;NULL;2026-08-18 13:38:03;2026-08-21 05:05:56;NWT
71;NULL;AUDIO E VIDEO / PLUGS;85;EMENDA RCA DUPLA;UNI ;DISPONÍVEL;produtos/85.png;NULL;85-plug-jack-bnc-com-born;1000;0;ativo;5;1,83;0,709;NULL;0,949251895;NULL;9,75;21,82;NULL;1;0;0;0;0;NULL;0.00;0;15/09/2025;NULL;NULL;2026-08-18 13:38:03;2026-08-21 05:05:56;NWT
72;NULL;AUDIO E VIDEO / PLUGS;86;EMENDA RCA TRIPLA;UNI ;DISPONÍVEL;produtos/86.png;NULL;86-plug-bnc-com-mola-metal;1000;0;ativo;5;2,53;1,0572;NULL;1,41719297;NULL;9,75;21,82;NULL;1;0;0;0;0;NULL;0.00;0;15/09/2025;NULL;NULL;2026-08-18 13:38:03;2026-08-21 05:05:56;NWT
73;NULL;PLUGS / DC - AC;87;BORNE FEMEA P/ PINO BANANA PRETO;UNI;DISPONÍVEL;produtos/87.png;NULL;87-plug-dc-3-pinos-mesa-de-som-be;1000;0;ativo;5;0,95;0,4528;0,95;0,653989275;NULL;9,75;32,42;NULL;1;0;0;0;0;NULL;0.00;0;07/11/2024;NULL;NULL;2026-08-18 13:38:03;2026-08-21 05:05:56;NWT
74;NULL;PLUGS / DC-AC;88;BORNE FEMEA P/ PINO BANANA VERMELHO;UNI;DISPONÍVEL;produtos/88.png;NULL;88-plug-acendedor-de-cigarro-c-l;1000;0;ativo;5;0,95;0,4228;0,95;0,61038999;NULL;9,75;32,42;NULL;1;0;0;0;0;NULL;0.00;0;07/11/2024;NULL;NULL;2026-08-18 13:38:03;2026-08-21 05:05:56;NWT
75;NULL;PLUGS / BANANA;89;Bornes De Pressão Metálico UNI VERMELHO;UNI;DISPONÍVEL;produtos/89.png;NULL;89-plug-pino-banana-vermelho-simp;1000;0;ativo;5;4,7;2,0186;5;2,6982399675;NULL;9,75;20,03;NULL;1;0;0;0;0;NULL;0.00;0;03/09/2026;NULL;NULL;2026-08-18 13:38:03;2026-08-21 05:05:56;NWT
76;NULL;PLUGS / BANANA;90;PLUG PINO BANANA VERMELHO SIMPLES ;UNI;DISPONÍVEL;produtos/90.png;NULL;90-plug-pino-banana-preto-simples;1000;0;ativo;5;0,75;0,3076;0,72;0,450525945;NULL;9,75;32,42;NULL;1;0;0;0;0;NULL;0.00;0;07/11/2024;NULL;NULL;2026-08-18 13:38:03;2026-08-21 05:05:56;NWT
77;NULL;PLUGS / DC;91;PLUG J4 P/ CABO PLASTICO;UNI;DISPONÍVEL;produtos/91.png;NULL;91-plug-p4-macho-plastico-21-sim;1000;0;ativo;5;1,65;0,688;2,35;0,919786215;NULL;9,75;21,46;NULL;1;0;0;0;0;NULL;0.00;0;05/02/2026;NULL;NULL;2026-08-18 13:38:03;2026-08-21 05:05:56;NWT
78;NULL;PLUGS / DC;92;PLUG P4 MACHO PLASTICO 2.1 SIMPLES CURTO  ;UNI;DISPONÍVEL;produtos/92.png;NULL;92-plug-p4-macho-plastico-21-sim;1000;0;ativo;5;0,78;0,35;0,83;0,519879165;NULL;9,75;20,03;NULL;1;0;0;0;0;NULL;0.00;0;03/09/2026;NULL;NULL;2026-08-18 13:38:03;2026-08-21 05:05:56;NWT
79;NULL;PLUGS / DC;93;EMENDA F FEMEA COAXIAL;UNI;DISPONÍVEL;produtos/93.png;NULL;93-plug-p4-macho-plastico-21-pla;1000;0;ativo;5;0,52;0,235;NULL;0,335835;NULL;9,75;27,5;NULL;1;0;0;0;0;NULL;0.00;0;15/09/2025;NULL;NULL;2026-08-18 13:38:03;2026-08-21 05:05:56;NWT
80;NULL;PLUGS / DC;94;EMENDA T FEMEA COAXIAL;UNI;DISPONÍVEL;produtos/94.png;NULL;94-plug-p4-macho-plastico-21-pla;1000;0;ativo;5;1,25;0,5203;1,4;0,71876592;NULL;9,75;20,03;NULL;1;0;0;0;0;NULL;0.00;0;03/09/2026;NULL;NULL;2026-08-18 13:38:03;2026-08-21 05:05:56;NWT
81;NULL;PLUGS / DC;95;DIVISOR DE ANTENA 1X2;UNI;DISPONÍVEL;produtos/95.png;NULL;95-plug-p4-macho-plastico-17-pla;1000;0;ativo;5;3,15;1,4104;NULL;1,885134045;NULL;9,75;21,82;NULL;1;0;0;0;0;NULL;0.00;0;15/09/2025;NULL;NULL;2026-08-18 13:38:03;2026-08-21 05:05:56;NWT
82;NULL;PLUGS / DC;96;DIVISOR DE ANTENA 1X3;UNI;DISPONÍVEL;produtos/96.png;NULL;96-plug-p4-femea-plastico-21-c;1000;0;ativo;5;3,95;1,746;NULL;2,339705375;NULL;9,75;21,82;NULL;1;0;0;0;0;NULL;0.00;0;15/09/2025;NULL;NULL;2026-08-18 13:38:03;2026-08-21 05:05:56;NWT
83;NULL;JACKS / DC;97;CONECTOR F Rg6 ROSCA;UNI;DISPONÍVEL;produtos/97.png;NULL;97-plug-j4-p-cabo-plastico;1000;0;ativo;5;0,25;0,1028;NULL;0,132918225;NULL;9,75;20,03;NULL;1;0;0;0;0;NULL;0.00;0;03/09/2026;NULL;NULL;2026-08-18 13:38:03;2026-08-21 05:05:56;NWT
84;NULL;AUDIO E VIDEO / JACKS;98;CONECTOR F Rg6 C/ ANEL;UNI;DISPONÍVEL;produtos/98.png;NULL;98-jack-j10-mono-p-placa-plastic;1000;0;ativo;5;0,3;0,1731;0,3;0,2426407875;NULL;9,75;30,05;NULL;1;0;0;0;0;NULL;0.00;0;30/06/2025;NULL;NULL;2026-08-18 13:38:03;2026-08-21 05:05:56;NWT
85;NULL;AUDIO E VIDEO / JACKS;99;ABRAÇADEIRA DE NYLON 3,6 100MM PRETO ;PCO 100X;DISPONÍVEL;produtos/99.png;NULL;99-jack-j10-mono-p-placa-plastic;1000;0;ativo;5;4,5;0,0179;3;0,02798625;NULL;9,75;27,5;NULL;1;0;0;0;0;NULL;0.00;0;15/09/2025;NULL;NULL;2026-08-18 13:38:03;2026-08-21 05:05:56;NWT
86;NULL;AUDIO E VIDEO / JACKS;100;ABRAÇADEIRA DE NYLON 3,6 150MM PRETO ;PCO 100X;DISPONÍVEL;produtos/100.png;NULL;100-jack-j10-stereo-p-placa-plast;1000;0;ativo;5;6;0,0262;NULL;0,041979375;NULL;9,75;27,5;NULL;1;0;0;0;0;NULL;0.00;0;15/09/2025;NULL;NULL;2026-08-18 13:38:03;2026-08-21 05:05:56;NWT
87;NULL;AUDIO E VIDEO / JACKS;101;FIXA CABO 8MM PCO 100 PÇ PRETO/BRANCO;PCO 100X;DISPONÍVEL;produtos/101.png;NULL;101-jack-j10-stereo-p-placa-plast;1000;0;ativo;5;5,95;0,0245;NULL;0,02722125;NULL;5;20,03;NULL;1;0;0;0;0;NULL;0.00;0;03/09/2026;NULL;NULL;2026-08-18 13:38:03;2026-08-21 05:05:56;NWT
88;NULL;AUDIO E VIDEO / JACKS;105;RESISTOR 15R 5W PORCELANA ;PÇ;DISPONÍVEL;produtos/105.png;NULL;105-jack-j10-stereo-p-placa-plast;1000;0;ativo;5;0,7;;0,7;0;NULL;NULL;NULL;NULL;1;0;0;0;0;NULL;0.00;0;;NULL;NULL;2026-08-18 13:38:03;2026-08-21 05:05:56;
89;NULL;AUDIO E VIDEO / JACKS;106;RESISTOR 15R 20W FIO;PÇ;DISPONÍVEL;produtos/107.png;NULL;106-jack-j10-mono-p-painel-metal;1000;0;ativo;5;3,27;1,2628;NULL;0;NULL;6,5;21,46;NULL;1;0;0;0;0;NULL;0.00;0;05/02/2026;NULL;NULL;2026-08-18 13:38:03;2026-08-21 05:05:56;NWT
90;NULL;AUDIO E VIDEO / JACKS;107;RESISTOR 10R 5W PORCELANA;PÇ;DISPONÍVEL;produtos/108.png;NULL;107-jack-j10-mono-p-painel-metal;1000;0;ativo;5;1,5;;0,7;0;NULL;NULL;NULL;NULL;1;0;0;0;0;NULL;0.00;0;;NULL;NULL;2026-08-18 13:38:03;2026-08-21 05:05:56;
91;NULL;AUDIO E VIDEO / JACKS;108;RESISTOR 100K 1/4W CENTO;PÇ 100X;DISPONÍVEL;produtos/109.png;NULL;108-jack-j10-stereo-p-painel-meta;1000;0;ativo;5;3;;NULL;2,080386;NULL;NULL;NULL;NULL;1;0;0;0;0;NULL;0.00;0;;NULL;NULL;2026-08-18 13:38:03;2026-08-21 05:05:56;
92;NULL;AUDIO E VIDEO / JACKS;109;EMENDA RAPIDA RABICHO FITA LED /P PLUG P4;UNI;DISPONÍVEL;produtos/110.png;NULL;109-jack-j10-stereo-p-painel-meta;1000;0;ativo;5;3,45;1,4557;NULL;0,7918449;NULL;5;20,03;NULL;1;0;0;0;0;NULL;0.00;0;01/09/2026;NULL;NULL;2026-08-18 13:38:03;2026-08-21 05:05:56;NWT
93;NULL;AUDIO E VIDEO / JACKS;110;CONECTOR FEMEA EMENDA RABICHO 4 VIAS PARA FITA LED RGB;UNI;DISPONÍVEL;produtos/111.png;NULL;110-jack-j10-stereo-para-painel-me;1000;0;ativo;5;1,29;0,5891;NULL;0,125938125;NULL;5;27,82;NULL;1;0;0;0;0;NULL;0.00;0;26/06/2024;NULL;NULL;2026-08-18 13:38:03;2026-08-21 05:05:56;NWT
94;NULL;AUDIO E VIDEO / JACKS;111;CONECTOR ARANHA P/  FITA LED 4 VIAS;UNI;DISPONÍVEL;produtos/112.png;NULL;111-jack-j2-stereo-p-painel-metal;1000;0;ativo;5;0,2;0,0903;NULL;0;NULL;9,75;27,5;NULL;1;0;0;0;0;NULL;0.00;0;15/09/2025;NULL;NULL;2026-08-18 13:38:03;2026-08-21 05:05:56;NWT
95;NULL;AUDIO E VIDEO / JACKS;112;MICA ISOLANTE 5200/1943 TO3-PL;PÇ;DISPONÍVEL;produtos/115.png;NULL;112-jack-j2-pci-estereo-90-graus-p;1000;0;ativo;5;0,6;;NULL;13,6265685;NULL;NULL;NULL;NULL;1;0;0;0;0;NULL;0.00;0;;NULL;NULL;2026-08-18 13:38:03;2026-08-21 05:05:56;
96;NULL;AUDIO E VIDEO / JACKS;115;CAPACITOR DE ALTA TENSÃO MICRO-ONDAS(0,80UF 2100V);UNI;DISPONÍVEL;produtos/116.png;NULL;115-jack-j2-pci-estereo-90-prat;1000;0;ativo;5;22;11,5;24,8;12,6522;NULL;6,5;11,26;NULL;1;0;0;0;0;NULL;0.00;0;03/11/2025;NULL;NULL;2026-08-18 13:38:03;2026-08-21 05:05:56;ALLSEMI
97;NULL;AUDIO E VIDEO / JACKS;116;CAPACITOR DE ALTA TENSÃO MICRO-ONDAS(0,85UF 2100V);UNI;DISPONÍVEL;produtos/117.png;NULL;116-jack-j2-pci-estereo-180-p;1000;0;ativo;5;22;11;24,8;14,061834;NULL;6,5;8;NULL;1;0;0;0;0;NULL;0.00;0;03/05/2024;NULL;NULL;2026-08-18 13:38:03;2026-08-21 05:05:56;ALLSEMI
98;NULL;CONECTORES / JACK RCA;117;CAPACITOR DE ALTA TENSÃO MICRO-ONDAS(0,90UF 2100V);UNI;DISPONÍVEL;produtos/118.png;NULL;117-jack-rca-pmodulo-power-syste;1000;0;ativo;5;22;12;24,8;13,286088;NULL;6,5;10,03;NULL;1;0;0;0;0;NULL;0.00;0;10/02/2026;NULL;NULL;2026-08-18 13:38:03;2026-08-21 05:05:56;ALLSEMI
99;NULL;CONECTORES / JACK RCA;118;CAPACITOR DE ALTA TENSÃO MICRO-ONDAS(0,95UF 2100V);UNI;DISPONÍVEL;produtos/119.png;NULL;118-jack-rca-pmodulos-c4-polos;1000;0;ativo;5;22;11,5;24,8;0,5281005375;NULL;6,5;8,48;NULL;1;0;0;0;0;NULL;0.00;0;15/01/2026;NULL;NULL;2026-08-18 13:38:03;2026-08-21 05:05:56;ALLSEMI
100;NULL;CONECTORES / JACK RCA;119;Emenda RJ45;UNI;DISPONÍVEL;produtos/120.png;NULL;119-jack-rca-pmodulo-mks;1000;0;ativo;5;0,9;0,3662;NULL;0,0923769;NULL;9,75;30,05;NULL;1;0;0;0;0;NULL;0.00;0;30/06/2025;NULL;NULL;2026-08-18 13:38:03;2026-08-21 05:05:56;NWT
101;NULL;CONECTORES / JACK RCA;120;Conector RJ45 CAT5;UNI;DISPONÍVEL;produtos/124.png;NULL;120-jack-rca-pmodulo-horizontal;1000;0;ativo;5;0,16;0,0679;0,17;3,519254475;NULL;7,5;20,03;NULL;1;0;0;0;0;NULL;0.00;0;03/09/2026;NULL;NULL;2026-08-18 13:38:03;2026-08-21 05:05:56;NWT
102;NULL;CONECTORES / JACK RCA;124;GARRA DE JACARÉ 13,5CM, 300A PRETA  ;UNI;DISPONÍVEL;produtos/125.png;NULL;124-jack-rca-pmodulo-av-4-8-4-7;1000;0;ativo;5;5,8;2,4609;NULL;3,519254475;NULL;9,75;30,35;NULL;1;0;0;0;1;2026-08-21 04:43:24;0.00;0;15/10/2024;NULL;NULL;2026-08-18 13:38:03;2026-08-21 05:05:56;NWT
103;NULL;CONECTORES / JACK RCA;125;GARRA DE JACARÉ 13,5CM, 300A VERMELHA  ;UNI;DISPONÍVEL;produtos/126.png;NULL;125-jack-rca-p-processador-stets;1000;0;ativo;5;5,8;2,4609;NULL;1,7596272375;NULL;9,75;30,35;NULL;1;0;0;0;0;NULL;0.00;0;15/10/2024;NULL;NULL;2026-08-18 13:38:03;2026-08-21 05:05:56;NWT
104;NULL;AUDIO E VIDEO / JACKS;126;GARRA DE JACARÉ 10,5CM, 100A PRETA  ;UNI;DISPONÍVEL;produtos/127.png;NULL;126-jack-xlr-femea-painel-plastic;1000;0;ativo;5;2,55;0,9556;NULL;1,7596272375;NULL;9,75;20,03;NULL;1;0;0;0;0;NULL;0.00;0;03/09/2026;NULL;NULL;2026-08-18 13:38:03;2026-08-21 05:05:56;NWT
105;NULL;AUDIO E VIDEO / JACKS;127;GARRA DE JACARÉ 10,5CM, 100A VERMELHA;UNI;DISPONÍVEL;produtos/128.png;NULL;127-jack-xlr-femea-painel-plastic;1000;0;ativo;5;2,55;1,2184;NULL;1,0729434375;NULL;9,75;20,03;NULL;1;0;0;0;0;NULL;0.00;0;03/09/2026;NULL;NULL;2026-08-18 13:38:03;2026-08-21 05:05:56;NWT
106;NULL;AUDIO E VIDEO / JACKS;128;GARRA DE JACARÉ 10,0CM, 50A PRETA;UNI;DISPONÍVEL;produtos/129.png;NULL;128-jack-xlr-macho-painel-plastic;1000;0;ativo;5;;0,7468;NULL;1,0729434375;NULL;9,75;30,35;NULL;1;0;0;0;0;NULL;0.00;0;15/10/2024;NULL;NULL;2026-08-18 13:38:03;2026-08-21 05:05:56;NWT
107;NULL;AUDIO E VIDEO / JACKS;129;GARRA DE JACARÉ 10,0CM, 50A VERMELHA;UNI;DISPONÍVEL;produtos/130.png;NULL;129-jack-xlr-macho-painel-metal;1000;0;ativo;5;;0,7468;NULL;0,387722605;NULL;9,75;30,35;NULL;1;0;0;0;2;2026-08-21 05:06:41;0.00;0;15/10/2024;NULL;NULL;2026-08-18 13:38:03;2026-08-21 05:06:41;NWT
108;NULL;AUDIO E VIDEO / JACKS;130;GARRA DE JACARÉ 7,1CM, 30A PRETA  ;UNI;DISPONÍVEL;produtos/131.png;NULL;130-jack-xlr-femea-painel-metal-c;1000;0;ativo;5;0,69;0,2947;0,7;0,387722605;NULL;9,75;21,82;NULL;1;0;0;0;0;NULL;0.00;0;15/09/2025;NULL;NULL;2026-08-18 13:38:03;2026-08-21 05:05:56;NWT
109;NULL;AUDIO E VIDEO / JACKS;131;GARRA DE JACARÉ 7,1CM, 30A VERMELHA  ;UNI;DISPONÍVEL;produtos/132.png;NULL;131-jack-xlr-macho-painel-metal-c;1000;0;ativo;5;0,69;0,2947;0,7;0,360983115;NULL;9,75;21,82;NULL;1;0;0;0;0;NULL;0.00;0;15/09/2025;NULL;NULL;2026-08-18 13:38:03;2026-08-21 05:05:56;NWT
110;NULL;AUDIO E VIDEO / JACKS;132;GARRA DE JACARÉ 5,2CM, 5A VERMELHA  ;UNI;DISPONÍVEL;produtos/133.png;NULL;132-jack-xlr-femea-painel-metal-c;1000;0;ativo;5;0,7;0,2687;NULL;0,360983115;NULL;9,75;21,82;NULL;1;0;0;0;0;NULL;0.00;0;15/09/2025;NULL;NULL;2026-08-18 13:38:03;2026-08-21 05:05:56;NWT
111;NULL;AUDIO E VIDEO / JACKS;133;GARRA DE JACARÉ 5,2CM, 5A PRETA;UNI;DISPONÍVEL;produtos/134.png;NULL;133-jack-speak-on-femea-painel-pl;1000;0;ativo;5;0,7;0,2687;NULL;0,280764645;NULL;9,75;21,82;NULL;1;0;0;0;0;NULL;0.00;0;15/09/2025;NULL;NULL;2026-08-18 13:38:03;2026-08-21 05:05:56;NWT
112;NULL;AUDIO E VIDEO / JACKS;134;GARRA DE JACARÉ 4,4CM, 5A PRETA  ;UNI;DISPONÍVEL;produtos/135.png;NULL;134-jack-powercon-painel-branco-p;1000;0;ativo;5;0,5;0,2067;NULL;0,280764645;NULL;9,75;21,82;NULL;1;0;0;0;0;NULL;0.00;0;15/09/2025;NULL;NULL;2026-08-18 13:38:03;2026-08-21 05:05:56;NWT
113;NULL;AUDIO E VIDEO / JACKS;135;GARRA DE JACARÉ 4,4CM, 5A VERMELHA  ;UNI;DISPONÍVEL;produtos/136.png;NULL;135-jack-powercon-painel-azul-pow;1000;0;ativo;5;0,5;0,2067;NULL;0,150383178;NULL;9,75;21,82;NULL;1;0;0;0;1;2026-08-19 12:25:15;0.00;0;15/09/2025;NULL;NULL;2026-08-18 13:38:03;2026-08-21 05:05:56;NWT
114;NULL;AUDIO E VIDEO / JACKS;136;GARRA DE JACARÉ 3,6CM, 5A PRETA  ;UNI;DISPONÍVEL;produtos/137.png;NULL;136-jack-speak-on-femea-painel-4-v;1000;0;ativo;5;0,33;0,106;0,28;0,164054376;NULL;9,8;24,51;NULL;1;0;0;0;0;NULL;0.00;0;02/01/2024;NULL;NULL;2026-08-18 13:38:03;2026-08-21 05:05:56;NWT
115;NULL;AUDIO E VIDEO / JACKS;137;GARRA DE JACARÉ 3,6CM, 5A VERMELHA  ;UNI;DISPONÍVEL;produtos/138.png;NULL;137-jack-speak-on-para-painel-4-po;1000;0;ativo;5;0,33;0,1198;0,28;0,17127585;NULL;9,8;24,51;NULL;1;0;0;0;0;NULL;0.00;0;02/01/2024;NULL;NULL;2026-08-18 13:38:03;2026-08-21 05:05:56;NWT
116;NULL;AUDIO E VIDEO / JACKS;138;GARRA DE JACARÉ 2,7CM, 5A PRETA  ;UNI;DISPONÍVEL;produtos/139.png;NULL;138-jack-speak-on-femea-painel-4-v;1000;0;ativo;5;0,3;0,1197;NULL;0,17127585;NULL;9,75;30,05;NULL;1;0;0;0;0;NULL;0.00;0;30/06/2025;NULL;NULL;2026-08-18 13:38:03;2026-08-21 05:05:56;NWT
117;NULL;AUDIO E VIDEO / JACKS;139;GARRA DE JACARÉ 2,7CM, 5A VERMELHA  ;UNI;DISPONÍVEL;produtos/140.png;NULL;139-jack-speak-on-femea-painel-8-v;1000;0;ativo;5;0,3;0,1197;NULL;0,205549856;NULL;9,75;30,05;NULL;1;0;0;0;0;NULL;0.00;0;26/06/2025;NULL;NULL;2026-08-18 13:38:03;2026-08-21 05:05:56;NWT
118;NULL;ENERGIA / DC JACK;140;DIODO MUR120 ;UNI;DISPONÍVEL;produtos/141.png;NULL;140-jack-dc-painel-21mm-metal;1000;0;ativo;5;0,36;0,15985;0,35;0,18863073;NULL;1,3;26,82;NULL;1;0;0;0;0;NULL;0.00;0;13/10/2025;NULL;NULL;2026-08-18 13:38:03;2026-08-21 05:05:56;ACP
119;NULL;ENERGIA / DC JACK;141;DIODO MUR160 ;UNI;DISPONÍVEL;produtos/142.png;NULL;141-jack-dc-painel-21mm-plastico;1000;0;ativo;5;0,38;0,1528;0,36;0,39208;NULL;1,3;24,14;NULL;1;0;0;0;0;NULL;0.00;0;17/07/2023;NULL;NULL;2026-08-18 13:38:03;2026-08-21 05:05:56;ACP
120;NULL;ENERGIA / DC JACK;142;Diodo 6A10;UNI;DISPONÍVEL;produtos/143.png;NULL;142-jack-dc-painel-21mm-plastico;1000;0;ativo;5;0,6;0,285;NULL;0,060308955;NULL;0;35,2;NULL;1;0;0;0;0;NULL;0.00;0;03/09/2025;NULL;NULL;2026-08-18 13:38:03;2026-08-21 05:05:56;ALLNETSYS
121;NULL;AUDIO E VIDEO / JACK USB;143;DIODO 4007 (FITADO GRANDE);CENTO;DISPONÍVEL;produtos/144.png;NULL;143-jack-usb-para-som-pioneer-orig;1000;0;ativo;5;9,95;0,0486;9;0,181808;NULL;1,3;19,07;NULL;1;0;0;0;0;NULL;0.00;0;03/09/2025;NULL;NULL;2026-08-18 13:38:03;2026-08-21 05:05:56;ATLAS
122;NULL;AUDIO E VIDEO / JACK USB;144;DIODO 1N5408 ;UNI;DISPONÍVEL;produtos/145.png;NULL;144-jack-usb-pci-180-graus;1000;0;ativo;5;0,36;0,159;0,37;0,67264548;NULL;3,3;10;NULL;1;0;0;0;0;NULL;0.00;0;25/06/2026;NULL;NULL;2026-08-18 13:38:03;2026-08-21 05:05:56;ASIA
123;NULL;AUDIO E VIDEO / JACK USB;145;2m2 x 250v laranja;PÇ;DISPONÍVEL;produtos/146.png;NULL;145-jack-usb-pci-180-graus-p-cabo;1000;0;ativo;5;1,2049;0,5196;NULL;0,428025;NULL;6,5;21,46;NULL;1;0;0;0;0;NULL;0.00;0;05/02/2026;NULL;NULL;2026-08-18 13:38:03;2026-08-21 05:05:56;NWT
124;NULL;AUDIO E VIDEO / JACK USB;146;2m2 x 400v poliester;PÇ;DISPONÍVEL;produtos/147.png;NULL;146-conector-usb-pci-90-graus;1000;0;ativo;5;1,6;0,3884;NULL;1,85843626;NULL;0;9,75;NULL;1;0;0;0;0;NULL;0.00;0;05/02/2026;NULL;NULL;2026-08-18 13:38:03;2026-08-21 05:05:56;ASIA
125;NULL;AUDIO E VIDEO / JACK USB;147;4m7 x 250v poliester;PÇ;DISPONÍVEL;produtos/148.png;NULL;147-conector-mini-usb-femea-pci-m;1000;0;ativo;5;2,7949;1,3617;NULL;0,9585;NULL;9,75;24,51;NULL;1;0;0;0;0;NULL;0.00;0;02/01/2024;NULL;NULL;2026-08-18 13:38:03;2026-08-21 05:05:56;NWT
126;NULL;AUDIO E VIDEO / JACK USB;148;3m3 x 250v laranja;PÇ;DISPONÍVEL;produtos/149.png;NULL;148-conector-carga-usb-tipo-c-rabi;1000;0;ativo;5;1,72;0,9038;3;10,9897065;NULL;0;6,5;NULL;1;0;0;0;0;NULL;0.00;0;25/06/2026;NULL;NULL;2026-08-18 13:38:03;2026-08-21 05:05:56;ACP
127;NULL;AUDIO E VIDEO / JACK USB;149;FUSIVEL 1A 5X20 VIDRO CX 100 PÇS ;CX 100X;DISPONÍVEL;produtos/150.png;NULL;149-conector-de-carga-micro-usb-5;1000;0;ativo;5;18;9;19;10,715112;NULL;9,75;11,26;NULL;1;0;0;0;0;NULL;0.00;0;03/11/2025;NULL;NULL;2026-08-18 13:38:03;2026-08-21 05:05:56;ALLSEMI
128;NULL;AUDIO E VIDEO / JACK USB;150;FUSIVEL 2A 5X20 VIDRO CX 100 PÇS ;CX 100X;DISPONÍVEL;produtos/151.png;NULL;150-conector-de-carga-tipo-c-6-pin;1000;0;ativo;5;18;9;19;10,4879295;NULL;9,75;8,48;NULL;1;0;0;0;0;NULL;0.00;0;26/07/2024;NULL;NULL;2026-08-18 13:38:03;2026-08-21 05:05:56;ALLSEMI
129;NULL;AUDIO E VIDEO / JACK USB;151;FUSIVEL 3A 5X20 VIDRO CX 100 PÇS ;CX 100X;DISPONÍVEL;produtos/152.png;NULL;151-conector-svga-macho-hd15;1000;0;ativo;5;18;9;NULL;8,23125;NULL;9,75;6,18;NULL;1;0;0;0;0;NULL;0.00;0;15/09/2025;NULL;NULL;2026-08-18 13:38:03;2026-08-21 05:05:56;ALLSEMI
130;NULL;AUDIO E VIDEO / JACK USB;152;FUSIVEL 5A 5X20 VIDRO CX 100 PÇS ;CX 100X;DISPONÍVEL;produtos/153.png;NULL;152-conector-db9-femea-180-graus-p;1000;0;ativo;5;18;7,5;NULL;10,86525;NULL;0;9,75;NULL;1;0;0;0;0;NULL;0.00;0;05/06/2026;NULL;NULL;2026-08-18 13:38:03;2026-08-21 05:05:56;ASIA
131;NULL;AUDIO E VIDEO / JACK USB;153;FUSIVEL 10A 5X20 VIDRO CX 100 PÇS ;CX 100X;DISPONÍVEL;produtos/154.png;NULL;153-conector-db9-macho-180-graus-p;1000;0;ativo;5;18;9;18;10,43360325;NULL;9,75;10;NULL;1;0;0;0;0;NULL;0.00;0;10/02/2026;NULL;NULL;2026-08-18 13:38:03;2026-08-21 05:05:56;ALLSEMI
132;NULL;AUDIO E VIDEO / JACK USB;154;FUSIVEL 2,5A 5X20 VIDRO CX 100 PÇS ;CX 100X;DISPONÍVEL;produtos/155.png;NULL;154-conector-db9-macho-180-graus-p;1000;0;ativo;5;18;9;19;2,046576;NULL;9,75;5,63;NULL;1;0;0;0;0;NULL;0.00;0;19/06/2023;NULL;NULL;2026-08-18 13:38:03;2026-08-21 05:05:56;ALLSEMI
133;NULL;AUDIO E VIDEO / JACK USB;155;Cabo P2 / 2RCA 1,80M;UNI;DISPONÍVEL;produtos/156.png;NULL;155-conector-db25-femea-180-graus;1000;0;ativo;5;3,25;1,4669;NULL;1,4793828;NULL;5;20,03;NULL;1;0;0;0;0;NULL;0.00;0;02/09/2026;NULL;NULL;2026-08-18 13:38:03;2026-08-21 05:05:56;NWT
134;NULL;AUDIO E VIDEO / CONECTORES;156;Cabo P2 / P2 1,80M;UNI;DISPONÍVEL;produtos/157.png;NULL;156-capa-db9hd15-vga-com-trava-ki;1000;0;ativo;5;2,45;1,0734;NULL;3,55703;NULL;5;20,03;NULL;1;0;0;0;0;NULL;0.00;0;02/09/2026;NULL;NULL;2026-08-18 13:38:03;2026-08-21 05:05:56;NWT
135;NULL;AUDIO E VIDEO / CONECTORES;157;CABO 3+3 RCA 1,80 M;UNI;INDISPONIVEL;produtos/159.png;NULL;157-capa-db9hd15-vga-com-trava-si;1000;0;ativo;5;5,69;3,35;6;2,3211006;NULL;0;6,18;NULL;1;0;0;0;0;NULL;0.00;0;15/09/2025;NULL;NULL;2026-08-18 13:38:03;2026-08-21 05:05:56;ALLSEMI
136;NULL;AUDIO E VIDEO / JACK USB;159;CABO P2 MACHO STEREO P/ P10 STEREO 1,8M;UNI;DISPONÍVEL;produtos/160.png;NULL;159-conector-usb-pci-b-femea-90g-p;1000;0;ativo;5;4,1;1,8221;NULL;2,84004945;NULL;5;21,46;NULL;1;0;0;0;0;NULL;0.00;0;05/02/2026;NULL;NULL;2026-08-18 13:38:03;2026-08-21 05:05:56;NWT
137;NULL;AUDIO E VIDEO / CONECTORES;160;CABO P10 STEREO  P/ 2RCA;UNI;INDISPONIVEL;produtos/161.png;NULL;160-tomada-tripolar-macho;1000;0;ativo;5;4,4;2,1092;NULL;2,49009075;NULL;5;28,19;NULL;1;0;0;0;0;NULL;0.00;0;14/03/2024;NULL;NULL;2026-08-18 13:38:03;2026-08-21 05:05:56;NWT
138;NULL;AUDIO E VIDEO / CONECTORES;161;CABO P10 MONO  P/ 2RCA;UNI;DISPONÍVEL;produtos/163.png;NULL;161-tomada-tripolar-macho-c-porta;1000;0;ativo;5;4,2;1,8483;4,5;4,336122;NULL;5;28,19;NULL;1;0;0;0;0;NULL;0.00;0;14/03/2024;NULL;NULL;2026-08-18 13:38:03;2026-08-21 05:05:56;NWT
139;NULL;AUDIO E VIDEO / JACKS;163;CABO 2+2 RCA 1,50 M 90 GRAUS ;UNI;INDISPONIVEL;produtos/165.png;NULL;163-borne-caixa-de-som-2-terminais;1000;0;ativo;5;8,67;3,3981;NULL;8,8635435;NULL;5;21,46;NULL;1;0;0;0;1;2026-08-20 19:53:03;0.00;0;05/02/2026;NULL;NULL;2026-08-18 13:38:03;2026-08-21 05:05:56;NWT
140;NULL;AUDIO E VIDEO / JACKS;165;CABO 2+2 RCA 5M INJETADO CRYSTAL ;UNI;DISPONÍVEL;produtos/166.png;NULL;165-borne-caixa-de-som-2-terminais;1000;0;ativo;5;14,95;6,5863;NULL;7,0195356;NULL;5;20,03;NULL;1;0;0;0;0;NULL;0.00;0;03/09/2026;NULL;NULL;2026-08-18 13:38:03;2026-08-21 05:05:56;NWT
141;NULL;AUDIO E VIDEO / JACKS;166;CABO 2+2 RCA 3M INJETADO CRYSTAL ;UNI;DISPONÍVEL;produtos/167.png;NULL;166-borne-caixa-de-som-4-terminais;1000;0;ativo;5;11,2;5,3302;NULL;4,36177665;NULL;5;20,03;NULL;1;0;0;0;0;NULL;0.00;0;03/09/2026;NULL;NULL;2026-08-18 13:38:03;2026-08-21 05:05:56;NWT
142;NULL;AUDIO E VIDEO / JACKS;167;CABO 2+2 RCA 1M INJETADO CRYSTAL ;UNI;DISPONÍVEL;produtos/170.png;NULL;167-borne-caixa-de-som-4-terminais;1000;0;ativo;5;8,73;3,434;NULL;0;NULL;5;21,11;NULL;1;0;0;0;0;NULL;0.00;0;15/01/2026;NULL;NULL;2026-08-18 13:38:03;2026-08-21 05:05:56;NWT
143;NULL;BORNES / BANANA;170;CABO P3 MACHO P/ 3 RCA TV BOX  ;UNI;DISPONÍVEL;produtos/171.png;NULL;170-borne-femea-p-pino-banana-pre;1000;0;ativo;5;5,8;2,4635;6,6;1,5176427;NULL;5;20,03;NULL;1;0;0;0;0;NULL;0.00;0;02/09/2026;NULL;NULL;2026-08-18 13:38:03;2026-08-21 05:05:56;NWT
144;NULL;BORNES / BANANA;171;Cabo Y 2 MACHOS p/ 1FEMEA;UNI;DISPONÍVEL;produtos/172.png;NULL;171-borne-femea-p-pino-banana-ver;1000;0;ativo;5;2,65;1,1884;NULL;2,87933076;NULL;5;21,46;NULL;1;0;0;0;0;NULL;0.00;0;05/02/2026;NULL;NULL;2026-08-18 13:38:03;2026-08-21 05:05:56;NWT
145;NULL;BORNES / BANANA;172;Cabo Y 2 MACHOS p/ 1FEMEA INJETADO CRYSTAL;UNI;DISPONÍVEL;produtos/174.png;NULL;172-borne-femea-p-pino-banana-pre;1000;0;ativo;5;4,8;2,1621;NULL;1,912995;NULL;9,75;21,46;NULL;1;0;0;0;1;2026-08-20 19:53:24;0.00;0;05/02/2026;NULL;NULL;2026-08-18 13:38:03;2026-08-21 05:05:56;NWT
146;NULL;BORNES / BANANA;174;CABO P2 p/ J2 STEREO 1,50M;UNI;DISPONÍVEL;produtos/175.png;NULL;174-borne-femea-p-pino-banana-ver;1000;0;ativo;5;2,7;0,9554;3,3;0;NULL;5;20,03;NULL;1;0;0;0;0;NULL;0.00;0;02/09/2026;NULL;NULL;2026-08-18 13:38:03;2026-08-21 05:05:56;NWT
147;NULL;BORNES / PRESSÃO;175;CABO DE FORÇA TRIPOLAR;UNI;INDISPONIVEL;produtos/176.png;NULL;175-bornes-de-pressao-metalico-u;1000;0;ativo;5;;;12;4,247435;NULL;NULL;NULL;NULL;1;0;0;0;0;NULL;0.00;0;;NULL;NULL;2026-08-18 13:38:03;2026-08-21 05:05:56;
148;NULL;BORNES / PRESSÃO;176;CABO DE FORÇA TIPO 8;UNI;DISPONÍVEL;produtos/177.png;NULL;176-bornes-de-pressao-metalico-u;1000;0;ativo;5;7,95;3,95;6;0;NULL;0;7,53;NULL;1;0;0;0;0;NULL;0.00;0;15/12/2025;NULL;NULL;2026-08-18 13:38:03;2026-08-21 05:05:56;TF
149;NULL;CONECTORES / JACK RCA;177;CABO DE FORÇA SORRISO;UNI;DISPONÍVEL;produtos/178.png;NULL;177-borne-rca-p-painel-simples-v;1000;0;ativo;5;10,95;;NULL;7,875517325;NULL;NULL;NULL;NULL;1;0;0;0;0;NULL;0.00;0;;NULL;NULL;2026-08-18 13:38:03;2026-08-21 05:05:56;
150;NULL;CONECTORES / JACK RCA;178;Cabo Óptico para Áudio Digital ;UNI;DISPONÍVEL;produtos/179.png;NULL;178-borne-rca-p-painel-simples-v;1000;0;ativo;5;12,6;5,7825;14;0;NULL;9,75;24,15;NULL;1;0;0;0;0;NULL;0.00;0;08/10/2023;NULL;NULL;2026-08-18 13:38:03;2026-08-21 05:05:56;NWT
151;NULL;AUDIO E VIDEO / ADAPTADORES;179;CABO ADAPTADOR PLUG P3 P/ 2 J2 ;UNI;DISPONÍVEL;produtos/180.png;NULL;179-adp-p10-p-j2-mono;1000;0;ativo;5;4,79;;4,79;0;NULL;NULL;NULL;NULL;1;0;0;0;0;NULL;0.00;0;;NULL;NULL;2026-08-18 13:38:03;2026-08-21 05:05:56;
152;NULL;AUDIO E VIDEO / ADAPTADORES;180;CABO TIPO C P/ P3 ADAPTADOR;UNI;DISPONÍVEL;produtos/181.png;NULL;180-adp-p10-p-j2-stereo;1000;0;ativo;5;3;;3;1,7044797;NULL;NULL;NULL;NULL;1;0;0;0;0;NULL;0.00;0;;NULL;NULL;2026-08-18 13:38:03;2026-08-21 05:05:56;
153;NULL;AUDIO E VIDEO / ADAPTADORES;181;Cabo Espiral Preto 2M;UNI;DISPONÍVEL;produtos/182.png;NULL;181-adp-p10-stereo-p-j2-stereo-me;1000;0;ativo;5;3,2;1,2706;NULL;4,157867775;NULL;5;27,82;NULL;1;0;0;0;0;NULL;0.00;0;26/06/2024;NULL;NULL;2026-08-18 13:38:03;2026-08-21 05:05:56;NWT
154;NULL;AUDIO E VIDEO / ADAPTADORES;182;Plug P2 Gold p/ fone ;UNI;INDISPONIVEL;produtos/183.png;NULL;182-adp-p10-p-2x-j10-stereo;1000;0;ativo;5;7,95;2,93;NULL;4,157867775;NULL;9,75;29,3;NULL;1;0;0;0;0;NULL;0.00;0;25/08/2025;NULL;NULL;2026-08-18 13:38:03;2026-08-21 05:05:56;DUALCOMP
155;NULL;AUDIO E VIDEO / ADAPTADORES;183;Plug P3 Gold p/ fone ;UNI;INDISPONIVEL;produtos/184.png;NULL;183-adp-p10-p-2x-j10-mono;1000;0;ativo;5;7,95;2,93;NULL;2,2036;NULL;9,75;29,3;NULL;1;0;0;0;0;NULL;0.00;0;25/08/2025;NULL;NULL;2026-08-18 13:38:03;2026-08-21 05:05:56;ALIEXPRESS
156;NULL;AUDIO E VIDEO / ADAPTADORES;184;XLR FEMEA METAL AZUL;UNI;DISPONÍVEL;produtos/185.png;NULL;184-adp-plug-p10-mono-para-jack-rc;1000;0;ativo;5;4;1,85;4,95;2,2036;NULL;0;11,45;NULL;1;0;0;0;0;NULL;0.00;0;03/09/2026;NULL;NULL;2026-08-18 13:38:03;2026-08-21 05:05:56;TF
157;NULL;AUDIO E VIDEO / ADAPTADORES;185;XLR MACHO METAL VERMELHO ;UNI;DISPONÍVEL;produtos/188.png;NULL;185-adp-p10-p-rca-mono-metal;1000;0;ativo;5;3,9;1,85;4,5;1,0633458;NULL;0;11,45;NULL;1;0;0;0;0;NULL;0.00;0;03/09/2026;NULL;NULL;2026-08-18 13:38:03;2026-08-21 05:05:56;TF
158;NULL;AUDIO E VIDEO / ADAPTADORES;188;RCA macho metal níquel 58mm PRETO;UNI;DISPONÍVEL;produtos/189.png;NULL;188-adp-p10-p-rca-stereo-metal;1000;0;ativo;5;1,9;0,8041;NULL;1,243386285;NULL;9,75;21,11;NULL;1;0;0;0;0;NULL;0.00;0;15/01/2026;NULL;NULL;2026-08-18 13:38:03;2026-08-21 05:05:56;NWT
159;NULL;AUDIO E VIDEO / ADAPTADORES;189;RCA macho metal profissional  PRETO;UNI;INDISPONIVEL;produtos/192.png;NULL;189-adp-p10-stereo-p-2rca;1000;0;ativo;5;2,1;0,9329;2,55;1,91955384;NULL;9,75;21,82;NULL;1;0;0;0;0;NULL;0.00;0;15/09/2025;NULL;NULL;2026-08-18 13:38:03;2026-08-21 05:05:56;NWT
160;NULL;AUDIO E VIDEO / ADAPTADORES;192;RCA MACHO METAL TIPO SANTO ANGELO;UNI;DISPONÍVEL;produtos/194.png;NULL;192-adp-p10-mono-p-2rca;1000;0;ativo;5;3,3;1,4351;3,85;1,284568875;NULL;9,75;21,46;NULL;1;0;0;0;0;NULL;0.00;0;05/02/2026;NULL;NULL;2026-08-18 13:38:03;2026-08-21 05:05:56;NWT
161;NULL;AUDIO E VIDEO / ADAPTADORES;194;RCA femea metal Nickel 58mm VERMELHO;UNI;INDISPONIVEL;produtos/195.png;NULL;194-adp-p2-p-j10-stereo;1000;0;ativo;5;2;0,9003;NULL;1,666279375;NULL;9,75;30,05;NULL;1;0;0;0;0;NULL;0.00;0;30/06/2025;NULL;NULL;2026-08-18 13:38:03;2026-08-21 05:05:56;NWT
162;NULL;AUDIO E VIDEO / ADAPTADORES;195;RCA Femea metal profissional  VERMELHO;UNI;INDISPONIVEL;produtos/197.png;NULL;195-adp-p2-p-j10-mono;1000;0;ativo;5;3,34;1,252;NULL;1,41719297;NULL;9,75;21,46;NULL;1;0;0;0;0;NULL;0.00;0;05/02/2026;NULL;NULL;2026-08-18 13:38:03;2026-08-21 05:05:56;NWT
163;NULL;AUDIO E VIDEO / ADAPTADORES;197;P10 Stereo metal com mola ;UNI;DISPONÍVEL;produtos/198.png;NULL;197-adp-p2-p-j10-stereo-metal;1000;0;ativo;5;2,42;1,0153;2,2;1,03852474;NULL;9,75;20,03;NULL;1;0;0;0;0;NULL;0.00;0;03/09/2026;NULL;NULL;2026-08-18 13:38:03;2026-08-21 05:05:56;NWT
164;NULL;AUDIO E VIDEO / ADAPTADORES;198;P10 Mono metal níquel com mola;UNI;DISPONÍVEL;produtos/199.png;NULL;198-adp-p2-p-2rca-stereo;1000;0;ativo;5;2,08;0,88;2,2;2,24611716;NULL;9,75;7,53;NULL;1;0;0;0;0;NULL;0.00;0;15/12/2025;NULL;NULL;2026-08-18 13:38:03;2026-08-21 05:05:56;TF
165;NULL;AUDIO E VIDEO / ADAPTADORES;199;P10 Mono profissional metal PRETO  ;UNI;INDISPONIVEL;produtos/201.png;NULL;199-adaptador-plug-p2-estereo-par;1000;0;ativo;5;3,85;1,6792;4,45;0;NULL;9,75;21,82;NULL;1;0;0;0;0;NULL;0.00;0;15/09/2025;NULL;NULL;2026-08-18 13:38:03;2026-08-21 05:05:56;NWT
166;NULL;AUDIO E VIDEO / ADAPTADORES;201;P10 Mono plástico Preto;UNI;DISPONÍVEL;produtos/204.png;NULL;201-adaptador-p2-stereo-para-j2-mo;1000;0;ativo;5;1,33;0,5614;2;3,719135565;NULL;9,75;20,03;NULL;1;0;0;0;0;NULL;0.00;0;03/09/2026;NULL;NULL;2026-08-18 13:38:03;2026-08-21 05:05:56;NWT
167;NULL;AUDIO E VIDEO / ADAPTADORES;204;P10 Mono 90 metal/plástico;UNI;DISPONÍVEL;produtos/205.png;NULL;204-adaptador-plug-p1-estereo-pa;1000;0;ativo;5;6,35;2,7873;6,4;3,425870395;NULL;9,75;21,46;NULL;1;0;0;0;0;NULL;0.00;0;05/02/2026;NULL;NULL;2026-08-18 13:38:03;2026-08-21 05:05:56;NWT
168;NULL;AUDIO E VIDEO / ADAPTADORES;205;P10 Mono 90 metalico PROFISSIONAL PONTA GOLD;UNI;DISPONÍVEL;produtos/206.png;NULL;205-adaptador-plug-p2-mono-para-ja;1000;0;ativo;5;5,5;2,5694;7,1;0,5486852475;NULL;9,75;21,46;NULL;1;0;0;0;0;NULL;0.00;0;05/02/2026;NULL;NULL;2026-08-18 13:38:03;2026-08-21 05:05:56;NWT
169;NULL;AUDIO E VIDEO / ADAPTADORES;206;P2 Stereo plástico 90 graus;UNI;DISPONÍVEL;produtos/207.png;NULL;206-adp-p3-p-2j2-stereo;1000;0;ativo;5;1,09;0,3863;1,75;0,5486852475;NULL;9,75;28,19;NULL;1;0;0;0;0;NULL;0.00;0;20/03/2024;NULL;NULL;2026-08-18 13:38:03;2026-08-21 05:05:56;NWT
170;NULL;AUDIO E VIDEO / ADAPTADORES;207;P2 Mono plástico 90 graus;UNI;DISPONÍVEL;produtos/208.png;NULL;207-adp-rca-p-2-jack-rca;1000;0;ativo;5;1,09;0,3863;1,5;0,8917308225;NULL;9,75;28,19;NULL;1;0;0;0;0;NULL;0.00;0;20/03/2024;NULL;NULL;2026-08-18 13:38:03;2026-08-21 05:05:56;NWT
171;NULL;AUDIO E VIDEO / PLUGS;208;Plug J2 STEREO plástico Preto;UNI;DISPONÍVEL;produtos/210.png;NULL;208-plug-adaptador-cb90;1000;0;ativo;5;1,6;0,6261;NULL;0,946446685;NULL;9,75;28,97;NULL;1;0;0;0;0;NULL;0.00;0;27/04/2024;NULL;NULL;2026-08-18 13:38:03;2026-08-21 05:05:56;NWT
172;NULL;AUDIO E VIDEO / PLUGS;210;P2 stereo metal C/ MOLA;UNI;EST.BAIXO;produtos/211.png;NULL;210-adap-p1o-mono-p-jack-cannon;1000;0;ativo;5;1,6;0,7114;NULL;3,11465232;NULL;9,75;21,46;NULL;1;0;0;0;0;NULL;0.00;0;05/02/2026;NULL;NULL;2026-08-18 13:38:03;2026-08-21 05:05:56;NWT
173;NULL;AUDIO E VIDEO / PLUGS;211;Plug SPEAK - ON MACHO C/ RABICHO ;UNI;DISPONÍVEL;produtos/212.png;NULL;211-adap-p1o-mono-p-plug-cannon;1000;0;ativo;5;5,4;2,337;NULL;0,90645598;NULL;9,75;21,28;NULL;1;0;0;0;0;NULL;0.00;0;03/11/2025;NULL;NULL;2026-08-18 13:38:03;2026-08-21 05:05:56;NWT
174;NULL;AUDIO E VIDEO / PLUGS;212;P2 mono metal C/ MOLA;UNI;DISPONÍVEL;produtos/213.png;NULL;212-adaptador-p10-duplo-reto-nique;1000;0;ativo;5;1,5;0,6211;1,55;7,43496985;NULL;9,75;20,03;NULL;1;0;0;0;0;NULL;0.00;0;03/09/2026;NULL;NULL;2026-08-18 13:38:03;2026-08-21 05:05:56;NWT
175;NULL;AUDIO E VIDEO / PLUGS;213;SPEAK - ON MACHO C/ TRAVA 90 GRAUS;UNI;INDISPONIVEL;produtos/214.png;NULL;213-p10-duplo-z-niquelado;1000;0;ativo;5;13,95;5,302;NULL;1,186390915;NULL;9,75;27,82;NULL;1;0;0;0;0;NULL;0.00;0;26/06/2024;NULL;NULL;2026-08-18 13:38:03;2026-08-21 05:05:56;NWT
176;NULL;ADAPTADORES / HDMI;214;PLUG ADAPTADOR CB90;UNI ;DISPONÍVEL;produtos/215.png;NULL;214-adp-hdmi-femea-p-mini-hdmi-ma;1000;0;ativo;5;2;0,8878;NULL;7,654239375;NULL;9,75;21,46;NULL;1;0;0;0;0;NULL;0.00;0;05/02/2026;NULL;NULL;2026-08-18 13:38:03;2026-08-21 05:05:56;NWT
177;NULL;ADAPTADORES / HDMI;215;ADAP P1O MONO P/ JACK CANNON;UNI ;DISPONÍVEL;produtos/216.png;NULL;215-adp-hdmi-femea-p-micro-hdmi-m;1000;0;ativo;5;12,3;5,4946;NULL;0,5989716;NULL;9,75;20,03;NULL;1;0;0;0;0;NULL;0.00;0;01/09/2026;NULL;NULL;2026-08-18 13:38:03;2026-08-21 05:05:56;NWT
178;NULL;ADAPTADORES / HDMI;216;Plug p2 stereo plástico;UNI;DISPONÍVEL;produtos/217.png;NULL;216-adp-md9-dvi-d-macho-x-hdmi-fe;1000;0;ativo;5;1;0,442;NULL;0,50654893;NULL;9,75;20,03;NULL;1;0;0;0;0;NULL;0.00;0;03/09/2026;NULL;NULL;2026-08-18 13:38:03;2026-08-21 05:05:56;NWT
179;NULL;ADAPTADORES / HDMI;217;P2 Mono plástico Preto;UNI;DISPONÍVEL;produtos/218.png;NULL;217-adp-hdmi-femea-p-hdmi-femea;1000;0;ativo;5;0,9;0,3703;0,75;1,252271196;NULL;9,75;20,03;NULL;1;0;0;0;0;NULL;0.00;0;03/09/2026;NULL;NULL;2026-08-18 13:38:03;2026-08-21 05:05:56;NWT
180;NULL;ADAPTADORES / HDMI;218;JACK XLR Femea Painel plástico reto ;UNI;DISPONÍVEL;produtos/219.png;NULL;218-adp-hdmi-macho-p-femea-90-gra;1000;0;ativo;5;2;0,9392;2,2;1,163167815;NULL;9,8;21,33;NULL;1;0;0;0;0;NULL;0.00;0;25/06/2023;NULL;NULL;2026-08-18 13:38:03;2026-08-21 05:05:56;NWT
181;NULL;ADAPTADORES / HDMI;219;JACK XLR Macho Painel plástico;UNI;DISPONÍVEL;produtos/220.png;NULL;219-adp-usb-tipo-c-p-usb-30-feme;1000;0;ativo;5;2;0,8707;2,5;3,15525982;NULL;9,75;21,82;NULL;1;0;0;0;0;NULL;0.00;0;15/09/2025;NULL;NULL;2026-08-18 13:38:03;2026-08-21 05:05:56;NWT
182;NULL;PLUGS / DC;220;Jack XLR Macho Painel metal;UNI;INDISPONIVEL;produtos/222.png;NULL;220-adaptador-p4-2155mm-femea;1000;0;ativo;5;5,27;2,361;NULL;4,199024025;NULL;9,75;21,82;NULL;1;0;0;0;0;NULL;0.00;0;15/09/2025;NULL;NULL;2026-08-18 13:38:03;2026-08-21 05:05:56;NWT
183;NULL;PLUGS / DC;222;Jack XLR Femea Painel metal C/ TRAVA;UNI;DISPONÍVEL;produtos/223.png;NULL;222-adaptador-p4-2155mm-femea;1000;0;ativo;5;6,3;2,9862;8;1,339167305;NULL;9,75;20,03;NULL;1;0;0;0;0;NULL;0.00;0;03/09/205;NULL;NULL;2026-08-18 13:38:03;2026-08-21 05:05:56;NWT
184;NULL;PLUGS / DC;223;JACK Speak-on femea Painel 4 VIAS plástico redondo simples;UNI;DISPONÍVEL;produtos/224.png;NULL;223-adaptador-p4-2155mm-femea;1000;0;ativo;5;2,27;0,976;2,45;0,95690586;NULL;9,75;24,51;NULL;1;0;0;0;0;NULL;0.00;0;02/01/2024;NULL;NULL;2026-08-18 13:38:03;2026-08-21 05:05:56;NWT
185;NULL;PLUGS / DC;224;JACK J10 MONO P/ PAINEL METAL FECHADO ;UNI;DISPONÍVEL;produtos/225.png;NULL;224-adaptador-p4-2155mm-femea;1000;0;ativo;5;1,98;0,7883;NULL;1,88566743;NULL;9,75;20,03;NULL;1;0;0;0;0;NULL;0.00;0;23/07/2026;NULL;NULL;2026-08-18 13:38:03;2026-08-21 05:05:56;NWT
186;NULL;PLUGS / DC;225;JACK J10 STEREO P/ PAINEL METAL FECHADO ;UNI;DISPONÍVEL;produtos/226.png;NULL;225-adaptador-p4-2155mm-femea;1000;0;ativo;5;3,78;1,343;NULL;0,653181515;NULL;9,75;28,22;NULL;1;0;0;0;0;NULL;0.00;0;23/07/2024;NULL;NULL;2026-08-18 13:38:03;2026-08-21 05:05:56;NWT
187;NULL;PLUGS / DC;226;JACK J10 MONO P/ PLACA PLASTICO FECHADO 4 TERMINAIS ;UNI;DISPONÍVEL;produtos/227.png;NULL;226-adaptador-p4-2155mm-femea;1000;0;ativo;5;1,1;0,4659;NULL;1,34442;NULL;9,75;20,03;NULL;1;0;0;0;0;NULL;0.00;0;03/09/2026;NULL;NULL;2026-08-18 13:38:03;2026-08-21 05:05:56;NWT
188;NULL;AUDIO E VIDEO / ADAPTADORES;227;JACK J10 STEREO P/ PLACA PLASTICO FECHADO 6 TERMINAIS ;UNI;DISPONÍVEL;produtos/228.png;NULL;227-emenda-j2-stereo-p-j2-stereo;1000;0;ativo;5;3,1;1,1;NULL;1,6165681125;NULL;0;22,22;NULL;1;0;0;0;0;NULL;0.00;0;15/12/2025;NULL;NULL;2026-08-18 13:38:03;2026-08-21 05:05:56;STARCABLE
189;NULL;AUDIO E VIDEO / ADAPTADORES;228;JACK J10 STEREO P/ PLACA PLASTICO ABERTO 3 TERMINAIS ;UNI;DISPONÍVEL;produtos/229.png;NULL;228-emenda-j10-stereo-p-j10-stere;1000;0;ativo;5;2,95;1,1319;NULL;1,864815;NULL;9,75;30,35;NULL;1;0;0;0;0;NULL;0.00;0;05/03/2025;NULL;NULL;2026-08-18 13:38:03;2026-08-21 05:05:56;NWT
190;NULL;ADAPTADORES / RCA;229;BORNE CAIXA DE SOM 4 TERMINAIS PAINEL 90 GRAUS ;UNI;DISPONÍVEL;produtos/230.png;NULL;229-emenda-rca-simples;1000;0;ativo;5;5;1,3615;4,9;1,1;NULL;6,5;28,75;NULL;1;0;0;0;0;NULL;0.00;0;04/09/2024;NULL;NULL;2026-08-18 13:38:03;2026-08-21 05:05:56;ATLAS
191;NULL;ADAPTADORES / RCA;230;Jack DC PAINEL 2,1MM METAL;UNI;DISPONÍVEL;produtos/231.png;NULL;230-emenda-rca-dupla;1000;0;ativo;5;2,45;1;NULL;0,38600392;NULL;0;10;NULL;1;0;0;0;0;NULL;0.00;0;25/06/2026;NULL;NULL;2026-08-18 13:38:03;2026-08-21 05:05:56;mxt
192;NULL;ADAPTADORES / RCA;231;Jack DC PAINEL 2,1MM PLASTICO;UNI;DISPONÍVEL;produtos/232.png;NULL;231-emenda-rca-tripla;1000;0;ativo;5;0,85;0,2854;1,3;1,239711855;NULL;9,75;21,28;NULL;1;0;0;0;0;NULL;0.00;0;03/11/2025;NULL;NULL;2026-08-18 13:38:03;2026-08-21 05:05:56;NWT
193;NULL;MICROCENTILADORES /TELAS;232;PORTA FUSÍVEL 6X30 ;PÇ;DISPONÍVEL;produtos/233.png;NULL;232-micro-vent-40-x-40-x-20mm-12v;1000;0;ativo;5;2,47;0,9279;NULL;0,93311645;NULL;9,75;21,46;NULL;1;0;0;0;0;NULL;0.00;0;05/02/2026;NULL;NULL;2026-08-18 13:38:03;2026-08-21 05:05:56;NWT
194;NULL;MICROCENTILADORES /TELAS;233;PORTA FUSÍVEL 5X20 ;PÇ;DISPONÍVEL;produtos/234.png;NULL;233-micro-vent-40-x-40-x-10mm-12v;1000;0;ativo;5;1,87;0,7006;NULL;0,7868251875;NULL;9,75;21,46;NULL;1;0;0;0;0;NULL;0.00;0;05/02/2026;NULL;NULL;2026-08-18 13:38:03;2026-08-21 05:05:56;NWT
195;NULL;MICROCENTILADORES /TELAS;234;Plug JACK P4 COM BORN;UNI;DISPONÍVEL;produtos/235.png;NULL;234-micro-vent-50-x-50-x-10mm-12v;1000;0;ativo;5;1,05;0,4659;NULL;0,56152929;NULL;9,75;20,03;NULL;1;0;0;0;0;NULL;0.00;0;03/09/2026;NULL;NULL;2026-08-18 13:38:03;2026-08-21 05:05:56;NWT
196;NULL;MICROCENTILADORES /TELAS;235;PLUG P4 COM BORN ;UNI;DISPONÍVEL;produtos/236.png;NULL;235-micro-vent-60-x-60-x-20mm-12v;1000;0;ativo;5;0,85;0,3769;NULL;0,600848325;NULL;9,75;20,03;NULL;1;0;0;0;0;NULL;0.00;0;03/09/2026;NULL;NULL;2026-08-18 13:38:03;2026-08-21 05:05:56;NWT
197;NULL;MICROCENTILADORES /TELAS;236;PLUG RCA COM BORN;UNI;DISPONÍVEL;produtos/237.png;NULL;236-micro-vent-60-x-60-x-20mm-5v;1000;0;ativo;5;1,4;0,5853;1,7;1,20327705;NULL;9,75;20,03;NULL;1;0;0;0;0;NULL;0.00;0;03/09/2026;NULL;NULL;2026-08-18 13:38:04;2026-08-21 05:05:56;NWT
198;NULL;MICROCENTILADORES /TELAS;237;PLUG BNC COM BORN;UNI;DISPONÍVEL;produtos/238.png;NULL;237-micro-vent-70-x-70-x-10mm-12v;1000;0;ativo;5;2;0,8827;NULL;1,2030795;NULL;9,75;20,03;NULL;1;0;0;0;0;NULL;0.00;0;02/09/2026;NULL;NULL;2026-08-18 13:38:04;2026-08-21 05:05:56;NWT
199;NULL;MICROCENTILADORES /TELAS;238;Plug JACK BNC COM BORN;UNI;DISPONÍVEL;produtos/239.png;NULL;238-micro-vent-80-x-80x-20mm-12v;1000;0;ativo;5;2;0,9044;2,2;0,965525625;NULL;9,75;21,8;NULL;1;0;0;0;0;NULL;0.00;0;15/10/2024;NULL;NULL;2026-08-18 13:38:04;2026-08-21 05:05:56;NWT
200;NULL;MICROCENTILADORES /TELAS;239;PLUG BNC COM MOLA METAL;UNI;DISPONÍVEL;produtos/240.png;NULL;239-micro-vent-80-x-80x-20mm-24v;1000;0;ativo;5;1,75;0,6897;NULL;1,19137137;NULL;9,75;27,5;NULL;1;0;0;0;0;NULL;0.00;0;15/09/2025;NULL;NULL;2026-08-18 13:38:04;2026-08-21 05:05:56;NWT
201;NULL;MICROCENTILADORES /TELAS;240;ADP P2 P/ J10 STEREO;UNI ;DISPONÍVEL;produtos/241.png;NULL;240-micro-vent-80-x-80x-20mm-5v;1000;0;ativo;5;1,85;0,8429;NULL;1,082949345;NULL;9,75;29,23;NULL;1;0;0;0;0;NULL;0.00;0;07/09/2024;NULL;NULL;2026-08-18 13:38:04;2026-08-21 05:05:56;NWT
202;NULL;MICROCENTILADORES /TELAS;241;ADP P2 P/ J10 MONO;UNI ;DISPONÍVEL;produtos/242.png;NULL;241-micro-vent-80-x-80x-38mm-220v;1000;0;ativo;5;1,7;0,8085;1,6;0;NULL;9,75;21,82;NULL;1;0;0;0;0;NULL;0.00;0;12/09/2025;NULL;NULL;2026-08-18 13:38:04;2026-08-21 05:05:56;NWT
203;NULL;MICROCENTILADORES /TELAS;242;ADP P2 P/ 2RCA STEREO;UNI ;DISPONÍVEL;produtos/243.png;NULL;242-micro-vent-90-x-90x-25-12v;1000;0;ativo;5;1,77;;1,95;1,082949345;NULL;NULL;NULL;NULL;1;0;0;0;0;NULL;0.00;0;;NULL;NULL;2026-08-18 13:38:04;2026-08-21 05:05:56;
204;NULL;MICROCENTILADORES /TELAS;243;ADP P10 P/ J2 STEREO ;UNI ;INDISPONIVEL;produtos/244.png;NULL;243-micro-vent-90-x-90x-25-24v;1000;0;ativo;5;1,85;0,8085;NULL;1,082949345;NULL;9,75;21,82;NULL;1;0;0;0;0;NULL;0.00;0;15/09/2025;NULL;NULL;2026-08-18 13:38:04;2026-08-21 05:05:56;NWT
205;NULL;MICROCENTILADORES /TELAS;244;ADP P10 P/ J2 MONO;UNI ;INDISPONIVEL;produtos/245.png;NULL;244-micro-vent-120-x-120x-25mm-12v;1000;0;ativo;5;1,75;0,8085;NULL;1,41300491;NULL;9,75;21,82;NULL;1;0;0;0;0;NULL;0.00;0;12/09/2025;NULL;NULL;2026-08-18 13:38:04;2026-08-21 05:05:56;NWT
206;NULL;MICROCENTILADORES /TELAS;245;ADP P10 P/ RCA MONO METAL;UNI ;DISPONÍVEL;produtos/246.png;NULL;245-micro-vent-120-x-120x-25mm-24v;1000;0;ativo;5;2,83;1,0726;2,5;1,401979425;NULL;9,75;20,03;NULL;1;0;0;0;0;NULL;0.00;0;02/09/2026;NULL;NULL;2026-08-18 13:38:04;2026-08-21 05:05:56;NWT
207;NULL;MICROCENTILADORES /TELAS;246;ADP P10 STEREO P/ 2RCA;UNI ;DISPONÍVEL;produtos/247.png;NULL;246-micro-vent-120-x-120x-38mm-220;1000;0;ativo;5;2,05;0,9843;NULL;1,97872226;NULL;9,75;30,35;NULL;1;0;0;0;0;NULL;0.00;0;15/10/2025;NULL;NULL;2026-08-18 13:38:04;2026-08-21 05:05:56;NWT
208;NULL;MICROCENTILADORES /TELAS;247;ADP P10 STEREO P/ J2 STEREO METAL;UNI ;DISPONÍVEL;produtos/248.png;NULL;247-micro-vent-120-x-120x-38mm-220;1000;0;ativo;5;3,25;1,4802;NULL;1,17837258;NULL;9,75;21,82;NULL;1;0;0;0;0;NULL;0.00;0;12/09/2025;NULL;NULL;2026-08-18 13:38:04;2026-08-21 05:05:56;NWT
209;NULL;MICROCENTILADORES /TELAS;248;ADP P10 MONO P/ 2RCA;UNI ;DISPONÍVEL;produtos/249.png;NULL;248-grade-metalica-40-x-40;1000;0;ativo;5;2,05;0,8422;NULL;0,9811845;NULL;9,75;27,82;NULL;1;0;0;0;0;NULL;0.00;0;26/06/2024;NULL;NULL;2026-08-18 13:38:04;2026-08-21 05:05:56;NWT
210;NULL;MICROCENTILADORES /TELAS;249;Pot Acel 100KB 3 PINOS L15 EIXO CURTO;UNI;DISPONÍVEL;produtos/251.png;NULL;249-grade-metalica-60-x-60;1000;0;ativo;5;1,6;0,751174;1,9;0,949474125;NULL;6,5;22,84;NULL;1;0;0;0;0;NULL;0.00;0;10/02/2026;NULL;NULL;2026-08-18 13:38:04;2026-08-21 05:05:56;ATLAS
211;NULL;MICROCENTILADORES /TELAS;251;Pot Acel 10KB 3 PINOS L15 EIXO CURTO;UNI;DISPONÍVEL;produtos/252.png;NULL;251-grade-metalica-80-x-80;1000;0;ativo;5;1,6;0,7512;1,9;0,9811845;NULL;6,5;18,87;NULL;1;0;0;0;0;NULL;0.00;0;15/12/2025;NULL;NULL;2026-08-18 13:38:04;2026-08-21 05:05:56;ATLAS
212;NULL;MICROCENTILADORES /TELAS;252;Pot Acel 500KB 3 PINOS L15 EIXO CURTO;UNI;DISPONÍVEL;produtos/253.png;NULL;252-grade-metalica-90-x-90;1000;0;ativo;5;1,6;0,751174;1,9;1,02453;NULL;6,5;22,84;NULL;1;0;0;0;0;NULL;0.00;0;10/02/2026;NULL;NULL;2026-08-18 13:38:04;2026-08-21 05:05:56;ATLAS
213;NULL;MICROCENTILADORES /TELAS;253;Pot Acel 5KB 3 PINOS L15 EIXO CURTO ;UNI;DISPONÍVEL;produtos/254.png;NULL;253-grade-metalica-120-x-120;1000;0;ativo;5;1,6;0,74178;1,9;0,93839067;NULL;6,5;30;NULL;1;0;0;0;0;NULL;0.00;0;30/06/2025;NULL;NULL;2026-08-18 13:38:04;2026-08-21 05:05:56;ATLAS
214;NULL;AUDIO E VIDEO / POTENCIOMETROS;254;Pot Acel 250KB 3 PINOS  L20 EIXO LONGO;UNI;DISPONÍVEL;produtos/256.png;NULL;254-pot-acel-1kb-3-pinos-l15-eixo;1000;0;ativo;5;1,6;0,7417;1,9;0,9811845;NULL;6,5;19,07;NULL;1;0;0;0;0;NULL;0.00;0;03/09/2025;NULL;NULL;2026-08-18 13:38:04;2026-08-21 05:05:56;ATLAS
215;NULL;AUDIO E VIDEO / POTENCIOMETROS;256;Pot Acel 50KB 3 PINOS L15 EIXO CURTO;UNI;DISPONÍVEL;produtos/257.png;NULL;256-pot-acel-1kb-3-pinos-l20-eixo;1000;0;ativo;5;1,6;0,751174;1,9;0,92811555;NULL;6,5;22,84;NULL;1;0;0;0;0;NULL;0.00;0;10/02/2026;NULL;NULL;2026-08-18 13:38:04;2026-08-21 05:05:56;ATLAS
216;NULL;AUDIO E VIDEO / POTENCIOMETROS;257;Pot Acel 1MB 3 PINOS L15 EIXO CURTO ;UNI;DISPONÍVEL;produtos/258.png;NULL;257-pot-acel-5kb-3-pinos-l15-eixo;1000;0;ativo;5;1,6;0,6854;1,9;1,361665335;NULL;6,5;26,3;NULL;1;0;0;0;0;NULL;0.00;0;31/10/2023;NULL;NULL;2026-08-18 13:38:04;2026-08-21 05:05:56;ATLAS
217;NULL;AUDIO E VIDEO / POTENCIOMETROS;258;Pot Acel 500KB Estereo L20 EIXO LONGO;UNI;DISPONÍVEL;produtos/259.png;NULL;258-pot-acel-5kb-3-pinos-l20-eixo;1000;0;ativo;5;2,6;1,01408;2,7;1,430541015;NULL;6,5;26,59;NULL;1;0;0;0;0;NULL;0.00;0;02/01/2024;NULL;NULL;2026-08-18 13:38:04;2026-08-21 05:05:56;ATLAS
218;NULL;AUDIO E VIDEO / POTENCIOMETROS;259;Pot Acel 50KB Estereo  L20 EIXO LONGO;UNI;DISPONÍVEL;produtos/260.png;NULL;259-pot-acel-5ka-3-pinos-l15-eixo;1000;0;ativo;5;2,6;1,126;2,7;1,38025278;NULL;6,5;18,87;NULL;1;0;0;0;0;NULL;0.00;0;15/12/2025;NULL;NULL;2026-08-18 13:38:04;2026-08-21 05:05:56;ATLAS
219;NULL;AUDIO E VIDEO / POTENCIOMETROS;260;Pot Acel 20KB Estereo  L20 EIXO LONGO;UNI;DISPONÍVEL;produtos/261.png;NULL;260-pot-acel-10kb-3-pinos-l15-eixo;1000;0;ativo;5;2,6;1,02347;2,7;1,522018125;NULL;6,5;27,06;NULL;1;0;0;0;0;NULL;0.00;0;25/06/2024;NULL;NULL;2026-08-18 13:38:04;2026-08-21 05:05:56;ATLAS
220;NULL;AUDIO E VIDEO / POTENCIOMETROS;261;Pot Acel 50KB com chave L15 EIXO CURTO ;UNI;INDISPONIVEL;produtos/262.png;NULL;261-pot-acel-10kb-3-pinos-l20-eixo;1000;0;ativo;5;2,6;1,108;2,7;1,52166348;NULL;6,5;28,75;NULL;1;0;0;0;0;NULL;0.00;0;04/09/2024;NULL;NULL;2026-08-18 13:38:04;2026-08-21 05:05:56;ATLAS
221;NULL;AUDIO E VIDEO / POTENCIOMETROS;262;Pot Acel 200KB com chave L15 EIXO CURTO ;UNI;DISPONÍVEL;produtos/263.png;NULL;262-pot-acel-10ka-3-pinos-l15-eixo;1000;0;ativo;5;2,6;1,108;2,7;1,378537065;NULL;6,5;28,72;NULL;1;0;0;0;0;NULL;0.00;0;04/09/2024;NULL;NULL;2026-08-18 13:38:04;2026-08-21 05:05:56;ATLAS
222;NULL;AUDIO E VIDEO / POTENCIOMETROS;263;Pot Acel 10KB com chave L15 EIXO CURTO ;UNI;INDISPONIVEL;produtos/264.png;NULL;263-pot-acel-10ka-3-pinos-l20-eixo;1000;0;ativo;5;;1,0329;2,7;2,95;NULL;6,5;25,67;NULL;1;0;0;0;0;NULL;0.00;0;17/07/2023;NULL;NULL;2026-08-18 13:38:04;2026-08-21 05:05:56;ATLAS
223;NULL;AUDIO E VIDEO / POTENCIOMETROS;264;Pot 50KB 50k 6 pinos 90g MINI  ;UNI;DISPONÍVEL;produtos/265.png;NULL;264-pot-acel-20kb-3-pinos-l15-eixo;1000;0;ativo;5;5,95;2,95;NULL;3,03412536;NULL;0;0;NULL;1;0;0;0;0;NULL;0.00;0;06/10/2023;NULL;NULL;2026-08-18 13:38:04;2026-08-21 05:05:56;NILTON
224;NULL;AUDIO E VIDEO / POTENCIOMETROS;265;Pot 50KB 50k 6 pinos 90g ;UNI;DISPONÍVEL;produtos/267.png;NULL;265-pot-acel-20kb-3-pinos-l20-eixo;1000;0;ativo;5;5,7;2,44;NULL;1,25093835;NULL;6,5;16,76;NULL;1;0;0;0;0;NULL;0.00;0;15/09/2025;NULL;NULL;2026-08-18 13:38:04;2026-08-21 05:05:56;SANTANA
225;NULL;AUDIO E VIDEO / POTENCIOMETROS;267;Pot MINI linear 5KB EIXO L35 3 pinos ;UNI;DISPONÍVEL;produtos/268.png;NULL;267-pot-acel-20ka-3-pinos-l15-eixo;1000;0;ativo;5;2,5;0,92957;2,5;1,303944465;NULL;6,5;26,3;NULL;1;0;0;0;0;NULL;0.00;0;31/10/2023;NULL;NULL;2026-08-18 13:38:04;2026-08-21 05:05:56;ATLAS
226;NULL;AUDIO E VIDEO / POTENCIOMETROS;268;Pot MINI linear 10KB EIXO L35 3 pinos ;UNI;DISPONÍVEL;produtos/269.png;NULL;268-pot-acel-20ka-3-pinos-l20-eixo;1000;0;ativo;5;2,5;1,032;2,5;1,303944465;NULL;6,5;18,87;NULL;1;0;0;0;0;NULL;0.00;0;15/12/2025;NULL;NULL;2026-08-18 13:38:04;2026-08-21 05:05:56;ATLAS
227;NULL;AUDIO E VIDEO / POTENCIOMETROS;269;Pot MINI linear 20KB EIXO L35 3 pinos ;UNI;DISPONÍVEL;produtos/270.png;NULL;269-pot-acel-50kb-3-pinos-l15-eixo;1000;0;ativo;5;2,5;1,032;2,5;1,16433255;NULL;6,5;18,87;NULL;1;0;0;0;0;NULL;0.00;0;15/12/2025;NULL;NULL;2026-08-18 13:38:04;2026-08-21 05:05:56;ATLAS
228;NULL;AUDIO E VIDEO / POTENCIOMETROS;270;Pot MINI linear 50KB EIXO L35 3 pinos ;UNI;DISPONÍVEL;produtos/271.png;NULL;270-pot-acel-50kb-3-pinos-l20-eixo;1000;0;ativo;5;2,5;0,84508;2,5;1,303944465;NULL;6,5;28,62;NULL;1;0;0;0;0;NULL;0.00;0;21/03/2024;NULL;NULL;2026-08-18 13:38:04;2026-08-21 05:05:56;ATLAS
229;NULL;AUDIO E VIDEO / POTENCIOMETROS;271;Pot MINI linear 100KB EIXO L35 3 pinos ;UNI;DISPONÍVEL;produtos/272.png;NULL;271-pot-acel-50ka-3-pinos-l15-eixo;1000;0;ativo;5;2,5;1,032;2,5;1,20433821;NULL;6,5;18,87;NULL;1;0;0;0;0;NULL;0.00;0;15/12/2025;NULL;NULL;2026-08-18 13:38:04;2026-08-21 05:05:56;ATLAS
230;NULL;AUDIO E VIDEO / POTENCIOMETROS;272;Pot MINI linear 250KB EIXO L35 3 pinos ;UNI;DISPONÍVEL;produtos/273.png;NULL;272-pot-acel-50ka-3-pinos-l20-eixo;1000;0;ativo;5;2,5;0,8920207;2,5;1,20433821;NULL;6,5;27,06;NULL;1;0;0;0;0;NULL;0.00;0;26/06/2024;NULL;NULL;2026-08-18 13:38:04;2026-08-21 05:05:56;ATLAS
231;NULL;AUDIO E VIDEO / POTENCIOMETROS;273;Pot MINI linear 500KB EIXO L35 3 pinos ;UNI;DISPONÍVEL;produtos/275.png;NULL;273-pot-acel-50kc-3-pinos-l20-eixo;1000;0;ativo;5;2,5;0,8920207;2,5;3,99;NULL;6,5;27,06;NULL;1;0;0;0;0;NULL;0.00;0;27/06/2024;NULL;NULL;2026-08-18 13:38:04;2026-08-21 05:05:56;ATLAS
232;NULL;AUDIO E VIDEO / POTENCIOMETROS;275;Potenciometro p/ som auto-motivo pioneer;UNI;DISPONÍVEL;produtos/276.png;NULL;275-pot-acel-50kb-3-pinos-l15-eixo;1000;0;ativo;5;7,95;3,99;11;0;NULL;0;0;NULL;1;0;0;0;0;NULL;0.00;0;10/10/2025;NULL;NULL;2026-08-18 13:38:04;2026-08-21 05:05:56;ALI
233;NULL;AUDIO E VIDEO / POTENCIOMETROS;276;Potenciômetro 7 terminais 20KB;UNI;DISPONÍVEL;produtos/278.png;NULL;276-pot-acel-100kb-3-pinos-l15-eix;1000;0;ativo;5;2,2;;2,2;4,25541624;NULL;NULL;NULL;NULL;1;0;0;0;0;NULL;0.00;0;;NULL;NULL;2026-08-18 13:38:04;2026-08-21 05:05:56;
234;NULL;AUDIO E VIDEO / POTENCIOMETROS;278;Pot deslizante Behringer 10k 60mm curso;UNI;DISPONÍVEL;produtos/279.png;NULL;278-pot-acel-100kb-3-pinos-l20-eix;1000;0;ativo;5;6,95;2,9;9;3,16177839;NULL;0;11,45;NULL;1;0;0;0;0;NULL;0.00;0;03/09/2026;NULL;NULL;2026-08-18 13:38:04;2026-08-21 05:05:56;TF
235;NULL;AUDIO E VIDEO / POTENCIOMETROS;279;Pot deslizante STANER 10k 60mm curso;UNI;DISPONÍVEL;produtos/281.png;NULL;279-pot-acel-100ka-3-pinos-l15-eix;1000;0;ativo;5;5,95;2,1333;NULL;2,9839809;NULL;6,5;20,03;NULL;1;0;0;0;0;NULL;0.00;0;03/09/2026;NULL;NULL;2026-08-18 13:38:04;2026-08-21 05:05:56;NWT
236;NULL;AUDIO E VIDEO / POTENCIOMETROS;281;Pot deslizante STANER 20k 45mm curso  ;UNI;DISPONÍVEL;produtos/282.png;NULL;281-pot-acel-100ka-3-pinos-l20-eix;1000;0;ativo;5;5,3;2,2518;NULL;1,84703376;NULL;6,5;20,03;NULL;1;0;0;0;0;NULL;0.00;0;03/09/2026;NULL;NULL;2026-08-18 13:38:04;2026-08-21 05:05:56;NWT
237;NULL;AUDIO E VIDEO / POTENCIOMETROS;282;Pot deslizante CICLOTRON 20k 30mm curso;UNI;DISPONÍVEL;produtos/283.png;NULL;282-pot-acel-100kc-3-pinos-l15-eix;1000;0;ativo;5;3,75;1,3629;NULL;4,25541624;NULL;6,5;20,03;NULL;1;0;0;0;0;NULL;0.00;0;03/09/2026;NULL;NULL;2026-08-18 13:38:04;2026-08-21 05:05:56;NWT
238;NULL;AUDIO E VIDEO / POTENCIOMETROS;283;Pot deslizante Mesa SKP 10k 45mm curso  ;UNI;DISPONÍVEL;produtos/285.png;NULL;283-pot-acel-200kb-3-pinos-l15-ei;1000;0;ativo;5;8,52;3,284;NULL;0,22;NULL;6,5;21,82;NULL;1;0;0;0;0;NULL;0.00;0;15/09/2025;NULL;NULL;2026-08-18 13:38:04;2026-08-21 05:05:56;NWT
239;NULL;AUDIO E VIDEO / POTENCIOMETROS;285;KNOB PRETO SIMPLES AZUL / VERMELHO / LARANJA / BRANCO;UNI;DISPONÍVEL;produtos/289.png;NULL;285-pot-acel-200kb-3-pinos-l20-ei;1000;0;ativo;5;0,8;0,22469;NULL;1,02117546;NULL;0;0;NULL;1;0;0;0;0;NULL;0.00;0;29/09/2025;NULL;NULL;2026-08-18 13:38:04;2026-08-21 05:05:56;aliexpress
240;NULL;AUDIO E VIDEO / POTENCIOMETROS;289;Chave Gangorra KCD3-102N PRETA;UNI;DISPONÍVEL;produtos/290.png;NULL;289-pot-acel-200ka-3-pinos-l15-ei;1000;0;ativo;5;1,7;0,722;NULL;0,61500827;NULL;9,75;29,23;NULL;1;0;0;0;0;NULL;0.00;0;07/09/2024;NULL;NULL;2026-08-18 13:38:04;2026-08-21 05:05:56;NWT
241;NULL;AUDIO E VIDEO / POTENCIOMETROS;290;Chave Gangorra Redonda PRETA 2 TERMINAIS ;UNI;DISPONÍVEL;produtos/291.png;NULL;290-pot-acel-200ka-3-pinos-l20-ei;1000;0;ativo;5;1,05;0,4627;NULL;1,47260355;NULL;9,75;21,82;NULL;1;0;0;0;0;NULL;0.00;0;15/09/2025;NULL;NULL;2026-08-18 13:38:04;2026-08-21 05:05:56;NWT
242;NULL;AUDIO E VIDEO / POTENCIOMETROS;291;Chave  redonda NEON VERMELHO 6A 250V;UNI;DISPONÍVEL;produtos/292.png;NULL;291-pot-acel-250kb-3-pinos-l15-ei;1000;0;ativo;5;2,5;1,0669;2,42;0,5332094;NULL;9,75;25,4;NULL;1;0;0;0;0;NULL;0.00;0;05/02/2024;NULL;NULL;2026-08-18 13:38:04;2026-08-21 05:05:56;ALLSEMI
243;NULL;AUDIO E VIDEO / POTENCIOMETROS;292;Chave Gangorra Redonda MINI ;UNI;DISPONÍVEL;produtos/293.png;NULL;292-pot-acel-250kb-3-pinos-l20-ei;1000;0;ativo;5;0,9;0,3822;1,3;0,37324658;NULL;9,75;20,03;NULL;1;0;0;0;0;NULL;0.00;0;03/09/2026;NULL;NULL;2026-08-18 13:38:04;2026-08-21 05:05:56;NWT
244;NULL;AUDIO E VIDEO / POTENCIOMETROS;293;Chave Gangorra 2 polos PRETA;UNI;DISPONÍVEL;produtos/294.png;NULL;293-pot-acel-250ka-3-pinos-l15-ei;1000;0;ativo;5;0,7;0,2811;NULL;0,37435286;NULL;9,75;21,46;NULL;1;0;0;0;0;NULL;0.00;0;05/02/2026;NULL;NULL;2026-08-18 13:38:04;2026-08-21 05:05:56;NWT
245;NULL;AUDIO E VIDEO / POTENCIOMETROS;294;Chave Gangorra 3 PINOS ;UNI;DISPONÍVEL;produtos/295.png;NULL;294-pot-acel-250ka-3-pinos-l20-ei;1000;0;ativo;5;0,7;0,2811;NULL;1,26311724;NULL;9,75;21,82;NULL;1;0;0;0;0;NULL;0.00;0;15/09/2025;NULL;NULL;2026-08-18 13:38:04;2026-08-21 05:05:56;NWT
246;NULL;AUDIO E VIDEO / POTENCIOMETROS;295;Chave Gangorra NEON VERMELHO;UNI;DISPONÍVEL;produtos/296.png;NULL;295-pot-acel-500kb-3-pinos-l15-eix;1000;0;ativo;5;2,5;0,9036;NULL;0,5006387;NULL;9,8;27,82;NULL;1;0;0;0;0;NULL;0.00;0;26/06/2024;NULL;NULL;2026-08-18 13:38:04;2026-08-21 05:05:56;NWT
247;NULL;AUDIO E VIDEO / POTENCIOMETROS;296;Chave Gangorra 2 PINOS MINI;UNI;DISPONÍVEL;produtos/297.png;NULL;296-pot-acel-500kb-3-pinos-l20-eix;1000;0;ativo;5;0,95;0,41;0,9;0,43599285;NULL;6,18;15;NULL;1;0;0;0;0;NULL;0.00;0;15/09/2025;NULL;NULL;2026-08-18 13:38:04;2026-08-21 05:05:56;ALLSEMI
248;NULL;AUDIO E VIDEO / POTENCIOMETROS;297;Chave Gangorra 3 PINOS MINI ;UNI;DISPONÍVEL;produtos/298.png;NULL;297-pot-acel-500ka-3-pinos-l15-eix;1000;0;ativo;5;0,9;0,2953;NULL;0;NULL;9,75;32,42;NULL;1;0;0;0;0;NULL;0.00;0;07/11/2024;NULL;NULL;2026-08-18 13:38:04;2026-08-21 05:05:56;NWT
249;NULL;AUDIO E VIDEO / POTENCIOMETROS;298;Chave Gangorra ON OFF ON REDONDA;UNI;INDISPONIVEL;produtos/299.png;NULL;298-pot-acel-500ka-3-pinos-l20-eix;1000;0;ativo;5;2,95;;1,5;0,5420278125;NULL;NULL;NULL;NULL;1;0;0;0;0;NULL;0.00;0;;NULL;NULL;2026-08-18 13:38:04;2026-08-21 05:05:56;
250;NULL;AUDIO E VIDEO / POTENCIOMETROS;299;Chave Gangorra  ON OFF ON QUADRADA;UNI;DISPONÍVEL;produtos/300.png;NULL;299-pot-acel-1mb-3-pinos-l15-eixo;1000;0;ativo;5;1,08;0,4479;NULL;3,292568045;NULL;9,75;9,75;NULL;1;0;0;0;0;NULL;0.00;0;07/11/2024;NULL;NULL;2026-08-18 13:38:04;2026-08-21 05:05:56;NWT
251;NULL;AUDIO E VIDEO / POTENCIOMETROS;300;CHAVE AUTOMOTIVA 90 CP-101 COM PARAFUSO;UNI;DISPONÍVEL;produtos/301.png;NULL;300-pot-acel-1mb-3-pinos-l20-eixo;1000;0;ativo;5;6,6;2,4742;NULL;4,465628725;NULL;9,75;21,46;NULL;1;0;0;0;0;NULL;0.00;0;05/02/2026;NULL;NULL;2026-08-18 13:38:04;2026-08-21 05:05:56;NWT
252;NULL;AUDIO E VIDEO / POTENCIOMETROS;301;Chave alavanca ON / ON 3 polos ;UNI;INDISPONIVEL;produtos/302.png;NULL;301-pot-acel-1ma-3-pinos-l20-eixo;1000;0;ativo;5;8,93;3,3505;NULL;4,31437347;NULL;9,75;21,46;NULL;1;0;0;0;0;NULL;0.00;0;05/02/2026;NULL;NULL;2026-08-18 13:38:04;2026-08-21 05:05:56;NWT
253;NULL;AUDIO E VIDEO / POTENCIOMETROS;302;Chave alavanca ON OFF ON 3 polos ;UNI;DISPONÍVEL;produtos/303.png;NULL;302-pot-acel-1kb-estereo-l15-eixo;1000;0;ativo;5;6,5;3,2379;NULL;4,666041005;NULL;9,75;21,33;NULL;1;0;0;0;0;NULL;0.00;0;25/06/2023;NULL;NULL;2026-08-18 13:38:04;2026-08-21 05:05:56;NWT
254;NULL;AUDIO E VIDEO / POTENCIOMETROS;303;Chave alavanca On off 4 polos ;UNI;DISPONÍVEL;produtos/304.png;NULL;303-pot-acel-1kb-estereo-l20-eixo;1000;0;ativo;5;8;3,4945;NULL;5,6152929;NULL;9,75;21,82;NULL;1;0;0;0;0;NULL;0.00;0;15/09/2025;NULL;NULL;2026-08-18 13:38:04;2026-08-21 05:05:56;NWT
255;NULL;AUDIO E VIDEO / POTENCIOMETROS;304;Chave alavanca On off On 6 polos ;UNI;DISPONÍVEL;produtos/305.png;NULL;304-pot-acel-5kb-estereo-l15-eixo;1000;0;ativo;5;9,35;4,1979;9;4,8109131;NULL;9,75;21,82;NULL;1;0;0;0;0;NULL;0.00;0;15/09/2025;NULL;NULL;2026-08-18 13:38:04;2026-08-21 05:05:56;NWT
256;NULL;AUDIO E VIDEO / POTENCIOMETROS;305;Chave alavanca On off 2 polos  ;UNI;DISPONÍVEL;produtos/306.png;NULL;305-pot-acel-5kb-estereo-l20-eixo;1000;0;ativo;5;8,5;3,85;NULL;4,906696415;NULL;3,25;23,08;NULL;1;0;0;0;0;NULL;0.00;0;03/09/2026;NULL;NULL;2026-08-18 13:38:04;2026-08-21 05:05:56;MXT
257;NULL;AUDIO E VIDEO / POTENCIOMETROS;306;Chave alavanca On off 2 polos 90 GRAUS ;UNI;INDISPONIVEL;produtos/307.png;NULL;306-pot-acel-10kb-estereo-l15-eix;1000;0;ativo;5;8,33;3,6693;7,9;1,319693265;NULL;9,75;21,82;NULL;1;0;0;0;0;NULL;0.00;0;15/09/2025;NULL;NULL;2026-08-18 13:38:04;2026-08-21 05:05:56;NWT
258;NULL;AUDIO E VIDEO / POTENCIOMETROS;307;Chave gangorra KCD4 4 PINOS /VERMMELHO;UNI;INDISPONIVEL;produtos/308.png;NULL;307-pot-acel-10kb-estereo-l20-eix;1000;0;ativo;5;2,6;0,9905;NULL;1,568435055;NULL;9,75;21,46;NULL;1;0;0;0;0;NULL;0.00;0;05/02/2026;NULL;NULL;2026-08-18 13:38:04;2026-08-21 05:05:56;NWT
259;NULL;AUDIO E VIDEO / POTENCIOMETROS;308;CHAVE PB METAL S/ TRAVA VERMELHA;UNI;DISPONÍVEL;produtos/309.png;NULL;308-pot-acel-10ka-estereo-l20-eix;1000;0;ativo;5;2,99;1,1849;NULL;2,45495385;NULL;9,75;21,11;NULL;1;0;0;0;0;NULL;0.00;0;15/01/2026;NULL;NULL;2026-08-18 13:38:04;2026-08-21 05:05:56;NWT
260;NULL;AUDIO E VIDEO / POTENCIOMETROS;309;Chave On/ON MINI 3 POLOS;UNI;DISPONÍVEL;produtos/310.png;NULL;309-pot-acel-20kb-estereo-l15-eix;1000;0;ativo;5;3,93;1,7196;NULL;12,9861105825;NULL;9,75;30,05;NULL;1;0;0;0;0;NULL;0.00;0;30/06/2025;NULL;NULL;2026-08-18 13:38:04;2026-08-21 05:05:56;NWT
261;NULL;AUDIO E VIDEO / POTENCIOMETROS;310;Botao Inox on off com Neon 16MM com trava (RACK MOVEL );UNI;DISPONÍVEL;produtos/311.png;NULL;310-pot-acel-20kb-estereo-l20-eix;1000;0;ativo;5;19,5;9,7733;14;0,642546306;NULL;9,75;21,11;NULL;1;0;0;0;0;NULL;0.00;0;15/01/2026;NULL;NULL;2026-08-18 13:38:04;2026-08-21 05:05:56;NWT
262;NULL;AUDIO E VIDEO / POTENCIOMETROS;311;Chave Push Button PBS-102104 PRETO (NORMALMENTE ABERTA);UNI;DISPONÍVEL;produtos/313.png;NULL;311-pot-acel-20ka-estereo-l20-eix;1000;0;ativo;5;1;0,4655;1,1;0;NULL;9,8;24,51;NULL;1;0;0;0;0;NULL;0.00;0;02/01/2024;NULL;NULL;2026-08-18 13:38:04;2026-08-21 05:05:56;NWT
263;NULL;AUDIO E VIDEO / POTENCIOMETROS;313;Ch Push Button 12 Pinos P/ Mesa Behringer C/tra  ;UNI;DISPONÍVEL;produtos/314.png;NULL;313-pot-acel-50kb-estereo-l15-eix;1000;0;ativo;5;3,95;;NULL;0;NULL;NULL;NULL;NULL;1;0;0;0;0;NULL;0.00;0;;NULL;NULL;2026-08-18 13:38:04;2026-08-21 05:05:56;
264;NULL;AUDIO E VIDEO / POTENCIOMETROS;314;Ch Push Button mesa Behringer / Crossover;UNI;INDISPONIVEL;produtos/316.png;NULL;314-pot-acel-50kb-estereo-l20-eix;1000;0;ativo;5;;;NULL;4,63881642;NULL;NULL;NULL;NULL;1;0;0;0;0;NULL;0.00;0;;NULL;NULL;2026-08-18 13:38:04;2026-08-21 05:05:56;
265;NULL;AUDIO E VIDEO / POTENCIOMETROS;316;Chave on/off TV LG / Toshiba ;UNI;INDISPONIVEL;produtos/318.png;NULL;316-pot-acel-50ka-estereo-l20-eix;1000;0;ativo;5;8,75;3,619;NULL;0;NULL;9,75;16,76;NULL;1;0;0;0;0;NULL;0.00;0;15/09/2025;NULL;NULL;2026-08-18 13:38:04;2026-08-21 05:05:56;SANTANA
266;NULL;AUDIO E VIDEO / POTENCIOMETROS;318;Chave de toque p/ controle GM / Positon / Citroen;UNI;INDISPONIVEL;produtos/319.png;NULL;318-pot-acel-50kb-estereo-l15-eix;1000;0;ativo;5;0,55;;11;0,126254205;NULL;NULL;NULL;NULL;1;0;0;0;0;NULL;0.00;0;;NULL;NULL;2026-08-18 13:38:04;2026-08-21 05:05:56;
267;NULL;AUDIO E VIDEO / POTENCIOMETROS;319;Chave de toque p/ controle GM / CONT. PORTAO  ;UNI;DISPONÍVEL;produtos/320.png;NULL;319-pot-acel-100kb-estereo-l15-ei;1000;0;ativo;5;0,22;0,0871;11,5;0,34236293;NULL;9,75;27,82;NULL;1;0;0;0;0;NULL;0.00;0;26/06/2024;NULL;NULL;2026-08-18 13:38:04;2026-08-21 05:05:56;NWT
268;NULL;AUDIO E VIDEO / POTENCIOMETROS;320;Chave de toque p/ controle VW / FORD MOD.1;UNI;DISPONÍVEL;produtos/321.png;NULL;320-pot-acel-100kb-estereo-l20-ei;1000;0;ativo;5;0,68;0,26;31,5;0;NULL;9,75;19,98;NULL;1;0;0;0;0;NULL;0.00;0;30/06/2024;NULL;NULL;2026-08-18 13:38:04;2026-08-21 05:05:56;SANTANA
269;NULL;AUDIO E VIDEO / POTENCIOMETROS;321;Chave de toque p/ controle VW / FORD MOD.2;UNI;INDISPONIVEL;produtos/323.png;NULL;321-pot-acel-100ka-estereo-l20-ei;1000;0;ativo;5;;;NULL;0,25187625;NULL;NULL;NULL;NULL;1;0;0;0;0;NULL;0.00;0;;NULL;NULL;2026-08-18 13:38:04;2026-08-21 05:05:56;
270;NULL;AUDIO E VIDEO / POTENCIOMETROS;323;Chave comutadora tactil 180 graus 12x12x5mm;UNI;DISPONÍVEL;produtos/324.png;NULL;323-pot-acel-200kb-estereo-l20-ei;1000;0;ativo;5;0,49;0,1838;NULL;0,2689346925;NULL;9,75;27,5;NULL;1;0;0;0;0;NULL;0.00;0;15/09/2025;NULL;NULL;2026-08-18 13:38:04;2026-08-21 05:05:56;NWT
271;NULL;AUDIO E VIDEO / POTENCIOMETROS;324;Chave comutadora tactil 180 graus 12x12x12mm;UNI;DISPONÍVEL;produtos/325.png;NULL;324-pot-acel-250kb-estereo-l15-ei;1000;0;ativo;5;0,5;0,1868;NULL;0,21979413;NULL;9,75;28,97;NULL;1;0;0;0;0;NULL;0.00;0;27/04/2024;NULL;NULL;2026-08-18 13:38:04;2026-08-21 05:05:56;NWT
272;NULL;AUDIO E VIDEO / POTENCIOMETROS;325;Chave Toque 2 Terminais Vertical Redonda 4,3mm;UNI;DISPONÍVEL;produtos/326.png;NULL;325-pot-acel-250kb-estereo-l20-ei;1000;0;ativo;5;0,4;0,18;NULL;0,14;NULL;9,75;11,26;NULL;1;0;0;0;0;NULL;0.00;0;03/11/2025;NULL;NULL;2026-08-18 13:38:04;2026-08-21 05:05:56;ALLSEMI
273;NULL;AUDIO E VIDEO / POTENCIOMETROS;326;Chave Toque 2 Terminais Vertical Redonda 5mm;UNI;DISPONÍVEL;produtos/327.png;NULL;326-pot-acel-500kb-estereo-l20-eix;1000;0;ativo;5;0,4;0,135;15;0;NULL;0;0;NULL;1;0;0;0;0;NULL;0.00;0;17/04/2024;NULL;NULL;2026-08-18 13:38:04;2026-08-21 05:05:56;ALI
274;NULL;AUDIO E VIDEO / POTENCIOMETROS;327;Chave toque quadrada 2 term 6x6x7mm;UNI;DISPONÍVEL;produtos/328.png;NULL;327-pot-acel-10kb-com-chave-l15-ei;1000;0;ativo;5;0,23;;NULL;0;NULL;NULL;NULL;NULL;1;0;0;0;0;NULL;0.00;0;;NULL;NULL;2026-08-18 13:38:04;2026-08-21 05:05:56;
275;NULL;AUDIO E VIDEO / POTENCIOMETROS;328;Chave toque quadrada 2 term 6x6x4,3mm;UNI;DISPONÍVEL;produtos/329.png;NULL;328-pot-acel-50kb-com-chave-l15-ei;1000;0;ativo;5;0,19;;8;0;NULL;NULL;NULL;NULL;1;0;0;0;0;NULL;0.00;0;;NULL;NULL;2026-08-18 13:38:04;2026-08-21 05:05:56;
276;NULL;AUDIO E VIDEO / POTENCIOMETROS;329;Chave toque quadrada 2 term 6x6x5mm;UNI;DISPONÍVEL;produtos/330.png;NULL;329-pot-acel-200kb-com-chave-l15-e;1000;0;ativo;5;0,19;;8;0;NULL;NULL;NULL;NULL;1;0;0;0;0;NULL;0.00;0;;NULL;NULL;2026-08-18 13:38:04;2026-08-21 05:05:56;
277;NULL;AUDIO E VIDEO / POTENCIOMETROS;330;Chave toque quadrada 4 term 6x6x9,5mm;UNI;DISPONÍVEL;produtos/331.png;NULL;330-pot-mini-linear-5kb-eixo-l35-3;1000;0;ativo;5;0,28;;12,5;0;NULL;NULL;NULL;NULL;1;0;0;0;0;NULL;0.00;0;;NULL;NULL;2026-08-18 13:38:04;2026-08-21 05:05:56;
278;NULL;AUDIO E VIDEO / POTENCIOMETROS;331;Chave toque quadrada 4 term 6x6x4,3mm;UNI;INDISPONIVEL;produtos/332.png;NULL;331-pot-mini-linear-10kb-eixo-l35;1000;0;ativo;5;0,13;;12;0;NULL;NULL;NULL;NULL;1;0;0;0;0;NULL;0.00;0;;NULL;NULL;2026-08-18 13:38:04;2026-08-21 05:05:56;
279;NULL;AUDIO E VIDEO / POTENCIOMETROS;332;Chave toque quadrada 4 term 6x6x5mm;UNI;INDISPONIVEL;produtos/333.png;NULL;332-pot-mini-linear-10ka-eixo-l35;1000;0;ativo;5;0,13;;12;0;NULL;NULL;NULL;NULL;1;0;0;0;0;NULL;0.00;0;;NULL;NULL;2026-08-18 13:38:04;2026-08-21 05:05:56;
280;NULL;AUDIO E VIDEO / POTENCIOMETROS;333;Micro interruptor 3 pinos on /off 4mm ;UNI;DISPONÍVEL;produtos/335.png;NULL;333-pot-mini-linear-20kb-eixo-l35;1000;0;ativo;5;1,2;;0,45;0;NULL;NULL;NULL;NULL;1;0;0;0;0;NULL;0.00;0;;NULL;NULL;2026-08-18 13:38:04;2026-08-21 05:05:56;
281;NULL;AUDIO E VIDEO / POTENCIOMETROS;335;Micro Switch KW3-03 7/2/14 C/ RODANA;UNI;DISPONÍVEL;produtos/336.png;NULL;335-pot-mini-linear-20ka-eixo-l35;1000;0;ativo;5;2,7;;2,85;1,4490951;NULL;NULL;NULL;NULL;1;0;0;0;0;NULL;0.00;0;;NULL;NULL;2026-08-18 13:38:04;2026-08-21 05:05:56;
282;NULL;AUDIO E VIDEO / POTENCIOMETROS;336;Micro Switch KW3-05 7/2/29 C/ RODANA;UNI;DISPONÍVEL;produtos/337.png;NULL;336-pot-mini-linear-50kb-eixo-l35;1000;0;ativo;5;2,7;1,2;NULL;1,34318635;NULL;9,75;10,03;NULL;1;0;0;0;0;NULL;0.00;0;09/09/2024;NULL;NULL;2026-08-18 13:38:04;2026-08-21 05:05:56;NWT
283;NULL;AUDIO E VIDEO / POTENCIOMETROS;337;Micro Switch KW3-01 7/1 S/ HASTE 2 TERMINAIS ;UNI;DISPONÍVEL;produtos/338.png;NULL;337-pot-mini-linear-50ka-eixo-l35;1000;0;ativo;5;2,7;1,1;2,5;0;NULL;9,75;11,26;NULL;1;0;0;0;0;NULL;0.00;0;03/11/2025;NULL;NULL;2026-08-18 13:38:04;2026-08-21 05:05:56;ALLSEMI
284;NULL;AUDIO E VIDEO / POTENCIOMETROS;338;Micro Switch KW3-02 7/3/14 ;UNI;DISPONÍVEL;produtos/339.png;NULL;338-pot-mini-linear-100ka-eixo-l35;1000;0;ativo;5;;;2,9;0;NULL;NULL;NULL;NULL;1;0;0;0;0;NULL;0.00;0;;NULL;NULL;2026-08-18 13:38:04;2026-08-21 05:05:56;
285;NULL;AUDIO E VIDEO / POTENCIOMETROS;339;Micro Switch KW3-04 7/3/27 ;UNI;DISPONÍVEL;produtos/340.png;NULL;339-pot-mini-linear-100kb-eixo-l35;1000;0;ativo;5;2,7;;NULL;1,781587115;NULL;NULL;NULL;NULL;1;0;0;0;0;NULL;0.00;0;;NULL;NULL;2026-08-18 13:38:04;2026-08-21 05:05:56;
286;NULL;AUDIO E VIDEO / POTENCIOMETROS;340;Micro Switch KW3-06 7/3/60 ;UNI;DISPONÍVEL;produtos/341.png;NULL;340-pot-mini-linear-250kb-eixo-l35;1000;0;ativo;5;2,7;1,2742;NULL;0,559623;NULL;9,75;27,82;NULL;1;0;0;0;0;NULL;0.00;0;26/06/2024;NULL;NULL;2026-08-18 13:38:04;2026-08-21 05:05:56;NWT
287;NULL;AUDIO E VIDEO / POTENCIOMETROS;341;TIP41;PÇ;INDISPONIVEL;produtos/342.png;NULL;341-pot-mini-linear-500kb-eixo-l35;1000;0;ativo;5;1,35;0,5087;NULL;0,559623;NULL;0;9,73;NULL;1;0;0;0;0;NULL;0.00;0;05/02/2026;NULL;NULL;2026-08-18 13:38:04;2026-08-21 05:05:56;ASIA
288;NULL;AUDIO E VIDEO / POTENCIOMETROS;342;TIP42;PÇ;DISPONÍVEL;produtos/343.png;NULL;342-pot-25kb-l16-3-pinos-c-trava;1000;0;ativo;5;1,35;0,5087;NULL;1,2075;NULL;0;9,73;NULL;1;0;0;0;0;NULL;0.00;0;05/02/2026;NULL;NULL;2026-08-18 13:38:04;2026-08-21 05:05:56;ASIA
289;NULL;AUDIO E VIDEO / POTENCIOMETROS;343;TIP105;PÇ;DISPONÍVEL;produtos/344.png;NULL;343-pot-50kb-l16-3-pinos-c-trava;1000;0;ativo;5;1,8;1,05;NULL;3,385995046;NULL;0;15;NULL;1;0;0;0;0;NULL;0.00;0;23/04/2025;NULL;NULL;2026-08-18 13:38:04;2026-08-21 05:05:56;SANTANA
290;NULL;AUDIO E VIDEO / POTENCIOMETROS;344;TIP 3055;PÇ;DISPONÍVEL;produtos/345.png;NULL;344-pot-100kb-l16-3-pinos-c-trava;1000;0;ativo;5;5,75;3,1;NULL;3,886258005;NULL;0;23,72;NULL;1;0;0;0;0;NULL;0.00;0;03/09/2026;NULL;NULL;2026-08-18 13:38:04;2026-08-21 05:05:56;ALLNETSYS
291;NULL;AUDIO E VIDEO / POTENCIOMETROS;345;TIP35 ORIGINAL;PÇ;DISPONÍVEL;produtos/346.png;NULL;345-pot-250kb-l16-3-pinos-c-trava;1000;0;ativo;5;5,45;3,1;4,85;2,940252;NULL;0;23,72;NULL;1;0;0;0;0;NULL;0.00;0;03/09/2026;NULL;NULL;2026-08-18 13:38:04;2026-08-21 05:05:56;ALLNETSYS
292;NULL;AUDIO E VIDEO / POTENCIOMETROS;346;TIP36 ORIGINAL;PÇ;DISPONÍVEL;produtos/347.png;NULL;346-pot-500kb-l16-3-pinos-c-trava;1000;0;ativo;5;4;2,383;4,85;0,9424;NULL;0;23,54;NULL;1;0;0;0;0;NULL;0.00;0;06/10/2023;NULL;NULL;2026-08-18 13:38:04;2026-08-21 05:05:56;CX
293;NULL;AUDIO E VIDEO / POTENCIOMETROS;347;TIP127 ;PÇ;INDISPONIVEL;produtos/348.png;NULL;347-pot-500ka-l16-3-pinos-c-trava;1000;0;ativo;5;2,2;0,6175;1,3;1,18;NULL;0;52;NULL;1;0;0;0;0;NULL;0.00;0;10/02/2026;NULL;NULL;2026-08-18 13:38:04;2026-08-21 05:05:56;CX
294;NULL;AUDIO E VIDEO / POTENCIOMETROS;348;TIP107;PÇ;DISPONÍVEL;produtos/349.png;NULL;348-pot-rot-wx32-30mm-10k-l40-fio;1000;0;ativo;5;1,98;1,18;NULL;0,847;NULL;0;0;NULL;1;0;0;0;0;NULL;0.00;0;17/04/2024;NULL;NULL;2026-08-18 13:38:04;2026-08-21 05:05:56;ALI
295;NULL;AUDIO E VIDEO / POTENCIOMETROS;349;TIP122 ;PÇ;INDISPONIVEL;produtos/350.png;NULL;349-pot-10kb-l40-23mm-s-chave-l;1000;0;ativo;5;1,4;0,77;2;12,10944;NULL;0;10;NULL;1;0;0;0;0;NULL;0.00;0;25/06/2026;NULL;NULL;2026-08-18 13:38:04;2026-08-21 05:05:56;ASIA
296;NULL;AUDIO E VIDEO / POTENCIOMETROS;350;TDA7269;PÇ;INDISPONIVEL;produtos/351.png;NULL;350-pot-50kb-50k-6-pinos-90g-mini;1000;0;ativo;5;16,8;10;NULL;10,5;NULL;2;18,72;NULL;1;0;0;0;0;NULL;0.00;0;28/05/2024;NULL;NULL;2026-08-18 13:38:04;2026-08-21 05:05:56;SANTANA
297;NULL;AUDIO E VIDEO / POTENCIOMETROS;351;TDA 7388 ;PÇ;INDISPONIVEL;produtos/352.png;NULL;351-pot-50kb-50k-6-pinos-90g;1000;0;ativo;5;;10,5;NULL;14,25157396;NULL;0;0;NULL;1;0;0;0;0;NULL;0.00;0;28/01/2025;NULL;NULL;2026-08-18 13:38:04;2026-08-21 05:05:56;RUFFUS
298;NULL;AUDIO E VIDEO / POTENCIOMETROS;352;TDA 7560 ;PÇ;INDISPONIVEL;produtos/353.png;NULL;352-potenciometro-7-terminais-20k;1000;0;ativo;5;;11,59;NULL;14,78660271;NULL;7;14,92;NULL;1;0;0;0;0;NULL;0.00;0;08/10/2023;NULL;NULL;2026-08-18 13:38:04;2026-08-21 05:05:56;SANTANA
299;NULL;AUDIO E VIDEO / POTENCIOMETROS;353;TDA 7294 original ST;PÇ;DISPONÍVEL;produtos/354.png;NULL;353-potenciometro-p-som-auto-moti;1000;0;ativo;5;25,4;10,58;NULL;24,30481296;NULL;6,5;31,23;NULL;1;0;0;0;0;NULL;0.00;0;13/01/2025;NULL;NULL;2026-08-18 13:38:04;2026-08-21 05:05:56;ACP
300;NULL;AUDIO E VIDEO / POTENCIOMETROS;354;PA2032 PIONEER ;PÇ;INDISPONIVEL;produtos/355.png;NULL;354-pot-p-som-auto-motivo-pioneer;1000;0;ativo;5;;19,96;NULL;0,45;NULL;2;19,38;NULL;1;0;0;0;0;NULL;0.00;0;23/04/2025;NULL;NULL;2026-08-18 13:38:04;2026-08-21 05:05:56;SANTANA
301;NULL;AUDIO E VIDEO / POTENCIOMETROS;355;TDA2822 ;PÇ;DISPONÍVEL;produtos/356.png;NULL;355-potenciometro-50k-12mm-spika-b;1000;0;ativo;5;1,95;0,4536;NULL;0;NULL;0;0;NULL;1;0;0;0;0;NULL;0.00;0;23/02/2026;NULL;NULL;2026-08-18 13:38:04;2026-08-21 05:05:56;aliexpress
302;NULL;AUDIO E VIDEO / POTENCIOMETROS;356;TDA2003 ;PÇ;DISPONÍVEL;produtos/357.png;NULL;356-potenciometro-50k-12mm-spika-b;1000;0;ativo;5;2,4;;2,45;1,053;NULL;NULL;NULL;NULL;1;0;0;0;0;NULL;0.00;0;;NULL;NULL;2026-08-18 13:38:04;2026-08-21 05:05:56;
303;NULL;AUDIO E VIDEO / POTENCIOMETROS;357;TDA2030;PÇ;DISPONÍVEL;produtos/358.png;NULL;357-pot-deslizante-behringer-10k-6;1000;0;ativo;5;1,95;0,78;NULL;7,79847936;NULL;0;35;NULL;1;0;0;0;0;NULL;0.00;0;13/10/2025;NULL;NULL;2026-08-18 13:38:04;2026-08-21 05:05:56;CX
304;NULL;AUDIO E VIDEO / POTENCIOMETROS;358;TDA4865;PÇ;DISPONÍVEL;produtos/359.png;NULL;358-pot-deslizante-staner-10k-60mm;1000;0;ativo;5;11,4;6,44;NULL;1,92;NULL;2;18,72;NULL;1;0;0;0;0;NULL;0.00;0;28/05/2024;NULL;NULL;2026-08-18 13:38:04;2026-08-21 05:05:56;SANTANA
305;NULL;AUDIO E VIDEO / POTENCIOMETROS;359;TDA2050;PÇ;DISPONÍVEL;produtos/360.png;NULL;359-pot-deslizante-staner-20k-45mm;1000;0;ativo;5;6,7;1,92;6,5;0;NULL;0;0;NULL;1;0;0;0;0;NULL;0.00;0;24/11/2025;NULL;NULL;2026-08-18 13:38:04;2026-08-21 05:05:56;aliexpress
306;NULL;AUDIO E VIDEO / POTENCIOMETROS;360;HT 8693 SP SMD;PÇ;INDISPONIVEL;produtos/361.png;NULL;360-pot-deslizante-ciclotron-20k-3;1000;0;ativo;5;4,5;;5;0;NULL;NULL;NULL;NULL;1;0;0;0;0;NULL;0.00;0;29/10/2023;NULL;NULL;2026-08-18 13:38:04;2026-08-21 05:05:56;ALI
307;NULL;AUDIO E VIDEO / POTENCIOMETROS;361;MD8002 A SMD P/ CAIXINHAS ;PÇ;INDISPONIVEL;produtos/362.png;NULL;361-pot-deslizante-mesa-skp-10k-45;1000;0;ativo;5;;;4;2,336;NULL;NULL;NULL;NULL;1;0;0;0;0;NULL;0.00;0;;NULL;NULL;2026-08-18 13:38:04;2026-08-21 05:05:56;
308;NULL;AUDIO E VIDEO / KNOBS;362;NS4110 SMD;PÇ;DISPONÍVEL;produtos/363.png;NULL;362-knob-preto-simples-azul-verm;1000;0;ativo;5;5,45;1,4551;5,45;2,93;NULL;0;60;NULL;1;0;0;0;0;NULL;0.00;0;06/10/2025;NULL;NULL;2026-08-18 13:38:04;2026-08-21 05:05:56;ali
309;NULL;AUDIO E VIDEO / KNOBS;363;XPT9911 SMD P/ CAIXINHAS;PÇ;INDISPONIVEL;produtos/364.png;NULL;363-knob-chicken-head-preto-amp-m;1000;0;ativo;5;9,85;2,93;NULL;0;NULL;0;0;NULL;1;0;0;0;0;NULL;0.00;0;23/02/2026;NULL;NULL;2026-08-18 13:38:04;2026-08-21 05:05:56;alie
310;NULL;AUDIO E VIDEO / KNOBS;364;CS8508 SMD;PÇ;DISPONÍVEL;produtos/365.png;NULL;364-botao-knob-redondo-estriado;1000;0;ativo;5;7,85;;6;0,312;NULL;NULL;NULL;NULL;1;0;0;0;0;NULL;0.00;0;;NULL;NULL;2026-08-18 13:38:04;2026-08-21 05:05:56;
311;NULL;AUDIO E VIDEO / KNOBS;365;PC 817;PÇ;DISPONÍVEL;produtos/366.png;NULL;365-botao-knob-redondo-cinza;1000;0;ativo;5;0,45;0,24;NULL;0;NULL;0;30;NULL;1;0;0;0;0;NULL;0.00;0;13/02/2025;NULL;NULL;2026-08-18 13:38:04;2026-08-21 05:05:56;CX
312;NULL;AUDIO E VIDEO / KNOBS;366;KA2206;PÇ;DISPONÍVEL;produtos/367.png;NULL;366-knob-deslizante-pequeno-cicl;1000;0;ativo;5;3,1;;2,55;0;NULL;NULL;NULL;NULL;1;0;0;0;0;NULL;0.00;0;;NULL;NULL;2026-08-18 13:38:04;2026-08-21 05:05:56;
313;NULL;ENERGIA / CHAVES BOTOES;367;CD4011;PÇ;DISPONÍVEL;produtos/368.png;NULL;367-chave-gangorra-2-polos-preta;1000;0;ativo;5;0,8;;0,7;0;NULL;NULL;NULL;NULL;1;0;0;0;0;NULL;0.00;0;;NULL;NULL;2026-08-18 13:38:04;2026-08-21 05:05:56;
314;NULL;ENERGIA / CHAVES BOTOES;368;CD4069;PÇ;DISPONÍVEL;produtos/369.png;NULL;368-chave-gangorra-2-polos-vermelh;1000;0;ativo;5;0,65;;0,8;0;NULL;NULL;NULL;NULL;1;0;0;0;0;NULL;0.00;0;;NULL;NULL;2026-08-18 13:38:04;2026-08-21 05:05:56;
315;NULL;ENERGIA / CHAVES BOTOES;369;CD4011S;PÇ;DISPONÍVEL;produtos/370.png;NULL;369-chave-gangorra-3-pinos;1000;0;ativo;5;1,5;;1,5;1,2416;NULL;NULL;NULL;NULL;1;0;0;0;0;NULL;0.00;0;;NULL;NULL;2026-08-18 13:38:04;2026-08-21 05:05:56;
316;NULL;ENERGIA / CHAVES BOTOES;370;CD4060;PÇ;DISPONÍVEL;produtos/371.png;NULL;370-chave-gangorra-neon-vermelho;1000;0;ativo;5;1,6;0,9656;NULL;0,96;NULL;0;28;NULL;1;0;0;0;0;NULL;0.00;0;15/06/2024;NULL;NULL;2026-08-18 13:38:04;2026-08-21 05:05:56;CX
317;NULL;ENERGIA / CHAVES BOTOES;371;REG 7815 ;PÇ;INDISPONIVEL;produtos/372.png;NULL;371-chave-gangorra-3-pinos-neon-ve;1000;0;ativo;5;1,78;0,9615;NULL;0;NULL;0;0;NULL;1;0;0;0;0;NULL;0.00;0;02/12/2025;NULL;NULL;2026-08-18 13:38:04;2026-08-21 05:05:56;aliexpress
318;NULL;ENERGIA / CHAVES BOTOES;372;REG 7915 ;PÇ;INDISPONIVEL;produtos/373.png;NULL;372-chave-gangorra-3-pinos-neon-az;1000;0;ativo;5;1,92;;1,95;0,822975;NULL;NULL;NULL;NULL;1;0;0;0;0;NULL;0.00;0;;NULL;NULL;2026-08-18 13:38:04;2026-08-21 05:05:56;
319;NULL;ENERGIA / CHAVES BOTOES;373;REG 7812 ;PÇ;DISPONÍVEL;produtos/374.png;NULL;373-chave-gangorra-pulsante-2t-k;1000;0;ativo;5;1,49;0,7486;1,3;0;NULL;0;9,73;NULL;1;0;0;0;0;NULL;0.00;0;05/02/2026;NULL;NULL;2026-08-18 13:38:04;2026-08-21 05:05:56;ASIA
320;NULL;ENERGIA / CHAVES BOTOES;374;REG 7912 ;PÇ;DISPONÍVEL;produtos/375.png;NULL;374-chave-gangorra-2-pinos-mini;1000;0;ativo;5;2,05;;1,5;0;NULL;NULL;NULL;NULL;1;0;0;0;0;NULL;0.00;0;;NULL;NULL;2026-08-18 13:38:04;2026-08-21 05:05:56;
321;NULL;ENERGIA / CHAVES BOTOES;375;REG 7809 ;PÇ;DISPONÍVEL;produtos/376.png;NULL;375-chave-gangorra-2-pinos-mini-ve;1000;0;ativo;5;1,9;;1,85;0,92;NULL;NULL;NULL;NULL;1;0;0;0;0;NULL;0.00;0;;NULL;NULL;2026-08-18 13:38:04;2026-08-21 05:05:56;
322;NULL;ENERGIA / CHAVES BOTOES;376;REG 7805 ;PÇ;INDISPONIVEL;produtos/377.png;NULL;376-chave-gangorra-3-pinos-mini;1000;0;ativo;5;1,6;0,85;NULL;0,624;NULL;0;23,72;NULL;1;0;0;0;0;NULL;0.00;0;03/09/2026;NULL;NULL;2026-08-18 13:38:04;2026-08-21 05:05:56;ALLNETSYS
323;NULL;ENERGIA / CHAVES BOTOES;377;TL072 SMD;PÇ;DISPONÍVEL;produtos/378.png;NULL;377-chave-gangorra-on-off-on-quad;1000;0;ativo;5;1,65;0,391;1,65;0,8208;NULL;0;60;NULL;1;0;0;0;0;NULL;0.00;0;06/08/2025;NULL;NULL;2026-08-18 13:38:04;2026-08-21 05:05:56;ALI
324;NULL;ENERGIA / CHAVES BOTOES;378;TL494 SMD ;PÇ;DISPONÍVEL;produtos/379.png;NULL;378-chave-gangorra-kcd3-102n-preta;1000;0;ativo;5;1,65;0,53865;1,45;0;NULL;0;52;NULL;1;0;0;0;0;NULL;0.00;0;10/02/2026;NULL;NULL;2026-08-18 13:38:04;2026-08-21 05:05:56;CX
325;NULL;ENERGIA / CHAVES BOTOES;379;LM393 SMD ;PÇ;DISPONÍVEL;produtos/380.png;NULL;379-chave-gangorra-kcd3-102n-verme;1000;0;ativo;5;1,05;;0,95;18,7;NULL;NULL;NULL;NULL;1;0;0;0;0;NULL;0.00;0;17/07/2023;NULL;NULL;2026-08-18 13:38:04;2026-08-21 05:05:56;ali
326;NULL;ENERGIA / CHAVES BOTOES;380;TAS5612LA SAIDA STETSON ;PÇ;INDISPONIVEL;produtos/381.png;NULL;380-chave-gangorra-kcd1-104;1000;0;ativo;5;37,4;18,7;26;0;NULL;0;0;NULL;1;0;0;0;0;NULL;0.00;0;23/02/2026;NULL;NULL;2026-08-18 13:38:04;2026-08-21 05:05:56;ALIE
327;NULL;ENERGIA / CHAVES BOTOES;381;LM358 SMD;PÇ;EST.BAIXO;produtos/382.png;NULL;381-chave-gangorra-kcd4-4-pinos-v;1000;0;ativo;5;1,1;;0,55;2,34414;NULL;NULL;NULL;NULL;1;0;0;0;0;NULL;0.00;0;29/10/2023;NULL;NULL;2026-08-18 13:38:04;2026-08-21 05:05:56;
328;NULL;ENERGIA / CHAVES BOTOES;382;SG 3524;PÇ;DISPONÍVEL;produtos/383.png;NULL;382-chave-gangorra-kcd4-4-pinos;1000;0;ativo;5;3,65;1,62;NULL;0;NULL;0;23,72;NULL;1;0;0;0;0;NULL;0.00;0;03/09/2026;NULL;NULL;2026-08-18 13:38:04;2026-08-21 05:05:56;ALLNETSYS
329;NULL;ENERGIA / CHAVES BOTOES;383;SG 3525 SMD;PÇ;INDISPONIVEL;produtos/384.png;NULL;383-chave-gangorra-kcd4-4-pinos;1000;0;ativo;5;5,25;;4,4;1,386;NULL;NULL;NULL;NULL;1;0;0;0;0;NULL;0.00;0;;NULL;NULL;2026-08-18 13:38:04;2026-08-21 05:05:56;
330;NULL;ENERGIA / CHAVES BOTOES;384;SG 3525;PÇ;INDISPONIVEL;produtos/385.png;NULL;384-chave-gangorra-kcd4-6-pinos;1000;0;ativo;5;;0,771;2,25;1,386;NULL;0;80;NULL;1;0;0;0;0;NULL;0.00;0;06/10/2025;NULL;NULL;2026-08-18 13:38:04;2026-08-21 05:05:56;ALIE
331;NULL;ENERGIA / CHAVES BOTOES;385;SG 3524 SMD;PÇ;DISPONÍVEL;produtos/387.png;NULL;385-chave-gangorra-kcd4-6-pinos;1000;0;ativo;5;4,22;0,771;3,95;1,634298225;NULL;0;80;NULL;1;0;0;0;0;NULL;0.00;0;06/10/2025;NULL;NULL;2026-08-18 13:38:04;2026-08-21 05:05:56;ALIE
332;NULL;ENERGIA / CHAVES BOTOES;387;IRF640 ORIGINAL IR;PÇ;DISPONÍVEL;produtos/388.png;NULL;387-chave-gangorra-kcd4-6-pinos;1000;0;ativo;5;3,1;1,47;3,7;2,77953018;NULL;1,3;9,75;NULL;1;0;0;0;0;NULL;0.00;0;25/06/2026;NULL;NULL;2026-08-18 13:38:04;2026-08-21 05:05:56;ASIA
333;NULL;ENERGIA / CHAVES BOTOES;388;IRF540;PÇ;INDISPONIVEL;produtos/389.png;NULL;388-chave-gangorra-redonda-preta-2;1000;0;ativo;5;;2,3469;NULL;2,7493;NULL;1,3;16,76;NULL;1;0;0;0;0;NULL;0.00;0;15/09/2025;NULL;NULL;2026-08-18 13:38:04;2026-08-21 05:05:56;SANTANA
334;NULL;ENERGIA / CHAVES BOTOES;389;IRF 3205 IOR ;PÇ;DISPONÍVEL;produtos/390.png;NULL;389-chave-gangorra-redonda-2-termi;1000;0;ativo;5;3,85;1,9;NULL;4,66;NULL;0;44,7;NULL;1;0;0;0;0;NULL;0.00;0;10/02/2026;NULL;NULL;2026-08-18 13:38:04;2026-08-21 05:05:56;COMPTOTAL
335;NULL;ENERGIA / CHAVES BOTOES;390;IRF1404 IOR;PÇ;EST.BAIXO;produtos/391.png;NULL;390-chave-redonda-neon-vermelho-6;1000;0;ativo;5;8,3;4,6628;NULL;2,1613392;NULL;0;NULL;NULL;1;0;0;0;0;NULL;0.00;0;06/10/2025;NULL;NULL;2026-08-18 13:38:04;2026-08-21 05:05:56;ALIEX
336;NULL;ENERGIA / CHAVES BOTOES;391;IRFZ44N IOR;PÇ;DISPONÍVEL;produtos/392.png;NULL;391-chave-redonda-neon-vermelho-1;1000;0;ativo;5;3,24;1,8;NULL;0;NULL;2;17,72;NULL;1;0;0;0;0;NULL;0.00;0;28/05/2024;NULL;NULL;2026-08-18 13:38:04;2026-08-21 05:05:56;SANTANA
337;NULL;ENERGIA / CHAVES BOTOES;392;IRFZ46 IOR;PÇ;DISPONÍVEL;produtos/393.png;NULL;392-chave-redonda-neon-verde;1000;0;ativo;5;3,9;;4,25;0;NULL;NULL;NULL;NULL;1;0;0;0;0;NULL;0.00;0;;NULL;NULL;2026-08-18 13:38:04;2026-08-21 05:05:56;
338;NULL;ENERGIA / CHAVES BOTOES;393;IRF730 ;PÇ;DISPONÍVEL;produtos/394.png;NULL;393-chave-redonda-neon-azul;1000;0;ativo;5;4,7049;;4,7;5,824952;NULL;NULL;NULL;NULL;1;0;0;0;0;NULL;0.00;0;;NULL;NULL;2026-08-18 13:38:04;2026-08-21 05:05:56;
339;NULL;ENERGIA / CHAVES BOTOES;394;IRFB 4227 IOR;PÇ;DISPONÍVEL;produtos/395.png;NULL;394-chave-gangorra-on-off-on-redon;1000;0;ativo;5;9,2;4,72;17;7,992686;NULL;0;23,41;NULL;1;0;0;0;0;NULL;0.00;0;13/10/2025;NULL;NULL;2026-08-18 13:38:04;2026-08-21 05:05:56;TOTALITTY
340;NULL;ENERGIA / CHAVES BOTOES;395;IRFB 4019 ;PÇ;INDISPONIVEL;produtos/396.png;NULL;395-chave-gangorra-redonda-mini;1000;0;ativo;5;;6,5;NULL;3,754890139;NULL;7;14,92;NULL;1;0;0;0;0;NULL;0.00;0;17/07/2023;NULL;NULL;2026-08-18 13:38:04;2026-08-21 05:05:56;SANTANA
341;NULL;ENERGIA / CHAVES BOTOES;396;IRF 9640 IOR ;PÇ;DISPONÍVEL;produtos/397.png;NULL;396-chave-gangorra-redondakcd1-e10;1000;0;ativo;5;6,9549;2,987;NULL;9,470303;NULL;1,3;23,97;NULL;1;0;0;0;0;NULL;0.00;0;04/09/2024;NULL;NULL;2026-08-18 13:38:04;2026-08-21 05:05:56;ACP
342;NULL;ENERGIA / CHAVES BOTOES;397;2SA 1943 TOSHIBA ORIGINAL ;PC;EST.BAIXO;produtos/398.png;NULL;397-chave-automotiva-90-cp-101-com;1000;0;ativo;5;12,5;7,7903;NULL;9,470303;NULL;0;21,57;NULL;1;0;0;0;0;NULL;0.00;0;15/09/2025;NULL;NULL;2026-08-18 13:38:04;2026-08-21 05:05:56;NWT
343;NULL;ENERGIA / CHAVES BOTOES;398;2SC 5200 TOSHIBA ORIGINAL ;PC;INDISPONIVEL;produtos/399.png;NULL;398-chave-alavanca-on-on-3-polos;1000;0;ativo;5;12,5;7,79;NULL;4,69797997;NULL;0;21,57;NULL;1;0;0;0;0;NULL;0.00;0;15/09/2025;NULL;NULL;2026-08-18 13:38:04;2026-08-21 05:05:56;AS COMP
344;NULL;ENERGIA / CHAVES BOTOES;399;2SC5198 ORIGINAL ;PC;INDISPONIVEL;produtos/400.png;NULL;399-chave-alavanca-on-off-on-3-pol;1000;0;ativo;5;7,849;3,65252;NULL;1,04876222;NULL;1,3;27,06;NULL;1;0;0;0;0;NULL;0.00;0;25/06/2024;NULL;NULL;2026-08-18 13:38:04;2026-08-21 05:05:56;ATLAS
345;NULL;ENERGIA / CHAVES BOTOES;400;2SA1941 ORIGINAL ;PC;INDISPONIVEL;produtos/401.png;NULL;400-chave-alavanca-on-off-4-polos;1000;0;ativo;5;7,8049;3,455;NULL;3,43908096;NULL;1,3;25,67;NULL;1;0;0;0;0;NULL;0.00;0;17/07/2023;NULL;NULL;2026-08-18 13:38:04;2026-08-21 05:05:56;ATLAS
346;NULL;ENERGIA / CHAVES BOTOES;401;LA78040;PÇ;INDISPONIVEL;produtos/402.png;NULL;401-chave-alavanca-on-off-on-6-pol;1000;0;ativo;5;;2,84;NULL;0,208525;NULL;2;18,72;NULL;1;0;0;0;0;NULL;0.00;0;28/05/2024;NULL;NULL;2026-08-18 13:38:04;2026-08-21 05:05:56;SANTANA
347;NULL;ENERGIA / CHAVES BOTOES;402;BD139 ;PÇ;DISPONÍVEL;produtos/403.png;NULL;402-chave-alavanca-on-off-2-polos;1000;0;ativo;5;0,4;0,189;0,5;0,247;NULL;0;9,75;NULL;1;0;0;0;0;NULL;0.00;0;05/02/2026;NULL;NULL;2026-08-18 13:38:04;2026-08-21 05:05:56;ASIA
348;NULL;ENERGIA / CHAVES BOTOES;403;BD140 ;PÇ;DISPONÍVEL;produtos/404.png;NULL;403-chave-alavanca-on-off-2-polos;1000;0;ativo;5;0,5;0,24;NULL;0,1064;NULL;0;23,72;NULL;1;0;0;0;0;NULL;0.00;0;03/09/2026;NULL;NULL;2026-08-18 13:38:04;2026-08-21 05:05:56;ALLNETSYS
349;NULL;ENERGIA / CHAVES BOTOES;404;BC327 ;PÇ;DISPONÍVEL;produtos/405.png;NULL;404-chave-on-off-mini-2-polos;1000;0;ativo;5;0,1649;0,072;8;0,10129;NULL;0;52;NULL;1;0;0;0;0;NULL;0.00;0;10/02/2026;NULL;NULL;2026-08-18 13:38:04;2026-08-21 05:05:56;CX
350;NULL;ENERGIA / CHAVES BOTOES;405;BC337 ;PÇ;DISPONÍVEL;produtos/406.png;NULL;405-chave-onon-mini-3-polos;1000;0;ativo;5;0,19;0,065;NULL;5,2092;NULL;0;44,7;NULL;1;0;0;0;0;NULL;0.00;0;10/02/2026;NULL;NULL;2026-08-18 13:38:04;2026-08-21 05:05:56;COMPTOTAL
351;NULL;ENERGIA / CHAVES BOTOES;406;BTA41-600B;PÇ;INDISPONIVEL;produtos/407.png;NULL;406-chave-onon-mini-6-polos;1000;0;ativo;5;9,83;3,6;NULL;4,55;NULL;0;44,7;NULL;1;0;0;0;0;NULL;0.00;0;10/02/2026;NULL;NULL;2026-08-18 13:38:04;2026-08-21 05:05:56;COMPTOTAL
352;NULL;ENERGIA / CHAVES BOTOES;407;YD 1028 ;PÇ;DISPONÍVEL;produtos/408.png;NULL;407-chave-onofon-mini-6-polos;1000;0;ativo;5;4,95;4,55;8;12,10944;NULL;0;0;NULL;1;0;0;0;0;NULL;0.00;0;28/01/2025;NULL;NULL;2026-08-18 13:38:04;2026-08-21 05:05:56;RUFFUS
353;NULL;ENERGIA / CHAVES BOTOES;408;STRW6554;PÇ;INDISPONIVEL;produtos/409.png;NULL;408-chave-seletora-hh-modulo-cross;1000;0;ativo;5;;10;NULL;5,947732252;NULL;2;18,72;NULL;1;0;0;0;0;NULL;0.00;0;28/05/2024;NULL;NULL;2026-08-18 13:38:04;2026-08-21 05:05:56;SANTANA
354;NULL;ENERGIA / CHAVES BOTOES;409;Md1803 DFX GRANDE ;PÇ;DISPONÍVEL;produtos/410.png;NULL;409-micro-interruptor-3-pinos-on;1000;0;ativo;5;5,95;4,84;NULL;0,85605;NULL;1,3;21,31;NULL;1;0;0;0;0;NULL;0.00;0;16/04/2024;NULL;NULL;2026-08-18 13:38:04;2026-08-21 05:05:56;SANTANA
355;NULL;ENERGIA / CHAVES BOTOES;410;LM317;PÇ;DISPONÍVEL;produtos/411.png;NULL;410-botao-inox-on-off-com-neon-16m;1000;0;ativo;5;1,7;0,7769;2,3;0;NULL;0;9,75;NULL;1;0;0;0;0;NULL;0.00;0;05/02/2026;NULL;NULL;2026-08-18 13:38:04;2026-08-21 05:05:56;ASIA
356;NULL;ENERGIA / CHAVES BOTOES;411;BT136-600E;PÇ;DISPONÍVEL;produtos/412.png;NULL;411-botao-inox-on-off-com-neon-19m;1000;0;ativo;5;1,6549;;1,52;6,753666948;NULL;NULL;NULL;NULL;1;0;0;0;0;NULL;0.00;0;;NULL;NULL;2026-08-18 13:38:04;2026-08-21 05:05:56;
357;NULL;ENERGIA / CHAVES BOTOES;412;MJE13009 GRANDE;PÇ;EST.BAIXO;produtos/413.png;NULL;412-botao-preto-on-off-com-neon-az;1000;0;ativo;5;10,4049;5,71;NULL;9,61709448;NULL;1,3;16,76;NULL;1;0;0;0;0;NULL;0.00;0;15/09/2025;NULL;NULL;2026-08-18 13:38:04;2026-08-21 05:05:56;SANTANA
358;NULL;ENERGIA / CHAVES BOTOES;413;IRS2092S SMD;PÇ;DISPONÍVEL;produtos/414.png;NULL;413-chave-push-button-s-trava-pbs;1000;0;ativo;5;15;7,64;18;1,908;NULL;2;23,41;NULL;1;0;0;0;0;NULL;0.00;0;13/10/2025;NULL;NULL;2026-08-18 13:38:04;2026-08-21 05:05:56;TOTALITY
359;NULL;ENERGIA / CHAVES BOTOES;414;VIPER12 SMD ;PÇ;DISPONÍVEL;produtos/415.png;NULL;414-chave-pbs-211-pushbutton-ds21;1000;0;ativo;5;3,81;1,059;3,81;2,1;NULL;0;80;NULL;1;0;0;0;0;NULL;0.00;0;16/10/2025;NULL;NULL;2026-08-18 13:38:04;2026-08-21 05:05:56;ALI
360;NULL;ENERGIA / CHAVES BOTOES;415;VIPER22A ;PÇ;DISPONÍVEL;produtos/416.png;NULL;415-chave-push-button-pbs-102104-p;1000;0;ativo;5;3,15;2,1;4;0;NULL;0;0;NULL;1;0;0;0;0;NULL;0.00;0;28/01/2025;NULL;NULL;2026-08-18 13:38:04;2026-08-21 05:05:56;RUFFUS
361;NULL;ENERGIA / CHAVES BOTOES;416;VIPER22 SMD ;PÇ;DISPONÍVEL;produtos/418.png;NULL;416-chave-push-button-pbs-102104-v;1000;0;ativo;5;4,5;;4,5;3,54;NULL;NULL;NULL;NULL;1;0;0;0;0;NULL;0.00;0;;NULL;NULL;2026-08-18 13:38:04;2026-08-21 05:05:56;
362;NULL;ENERGIA / CHAVES BOTOES;418;SD6835 ;PÇ;DISPONÍVEL;produtos/419.png;NULL;418-chave-push-button-pbs-102104-v;1000;0;ativo;5;10,44;3,54;8;5,13;NULL;0;0;NULL;1;0;0;0;0;NULL;0.00;0;17/04/2024;NULL;NULL;2026-08-18 13:38:04;2026-08-21 05:05:56;ALI
363;NULL;ENERGIA / CHAVES BOTOES;419;IR 2110 ;PÇ;DISPONÍVEL;produtos/420.png;NULL;419-chave-push-button-c-trava-nor;1000;0;ativo;5;10,45;5,13;10,45;0;NULL;0;0;NULL;1;0;0;0;0;NULL;0.00;0;23/02/2026;NULL;NULL;2026-08-18 13:38:04;2026-08-21 05:05:56;ALI
364;NULL;ENERGIA / CHAVES BOTOES;420;IR2110  SMD;PÇ;DISPONÍVEL;produtos/421.png;NULL;420-chave-push-button-c-trava-nor;1000;0;ativo;5;10,9;;10,9;2,35;NULL;NULL;NULL;NULL;1;0;0;0;0;NULL;0.00;0;17/07/2023;NULL;NULL;2026-08-18 13:38:04;2026-08-21 05:05:56;ALI
365;NULL;ENERGIA / CHAVES BOTOES;421;IR4427 ;PÇ;DISPONÍVEL;produtos/422.png;NULL;421-chave-push-button-s-trava-nor;1000;0;ativo;5;10,95;2,35;7,85;0,26;NULL;0;0;NULL;1;0;0;0;0;NULL;0.00;0;23/02/2026;NULL;NULL;2026-08-18 13:38:04;2026-08-21 05:05:56;AL
366;NULL;ENERGIA / CHAVES BOTOES;422;RC4558 ;PÇ;DISPONÍVEL;produtos/424.png;NULL;422-chave-push-button-s-trava-nor;1000;0;ativo;5;1,3;0,2557;NULL;4,534531407;NULL;0;0;NULL;1;0;0;0;0;NULL;0.00;0;17/11/2025;NULL;NULL;2026-08-18 13:38:04;2026-08-21 05:05:56;aliexpress
367;NULL;ENERGIA / CHAVES BOTOES;424;2SD2499  ORIGINAL ;PÇ;INDISPONIVEL;produtos/425.png;NULL;424-chave-pb-metal-s-trava-verde;1000;0;ativo;5;7,25;3,69;NULL;2,34;NULL;1,3;21,31;NULL;1;0;0;0;0;NULL;0.00;0;16/04/2023;NULL;NULL;2026-08-18 13:38:04;2026-08-21 05:05:56;SANTANA
368;NULL;ENERGIA / CHAVES BOTOES;425;TOP258PN ;PÇ;INDISPONIVEL;produtos/426.png;NULL;425-chave-pb-metal-s-trava-amare;1000;0;ativo;5;8,95;2,34;9,69;0,64;NULL;0;0;NULL;1;0;0;0;0;NULL;0.00;0;23/02/2026;NULL;NULL;2026-08-18 13:38:04;2026-08-21 05:05:56;ALIE
369;NULL;ENERGIA / CHAVES BOTOES;426;LM741;PÇ;DISPONÍVEL;produtos/427.png;NULL;426-chave-pb-metal-s-trava-preto;1000;0;ativo;5;2,55;0,64;NULL;0,970807537;NULL;0;0;NULL;1;0;0;0;0;NULL;0.00;0;17/04/2024;NULL;NULL;2026-08-18 13:38:04;2026-08-21 05:05:56;ALI
370;NULL;ENERGIA / CHAVES BOTOES;427;BT134-600E ;PÇ;DISPONÍVEL;produtos/428.png;NULL;427-chave-pb-metal-s-trava-branca;1000;0;ativo;5;1,45;0,79;NULL;2,030375;NULL;1,3;21,31;NULL;1;0;0;0;0;NULL;0.00;0;16/04/2024;NULL;NULL;2026-08-18 13:38:04;2026-08-21 05:05:56;SANTANA
371;NULL;ENERGIA / CHAVES BOTOES;428;BTA16-600B ;PÇ;DISPONÍVEL;produtos/429.png;NULL;428-chave-pb-metal-s-trava-vermel;1000;0;ativo;5;3,95;1,85;NULL;0,5632;NULL;0;9,75;NULL;1;0;0;0;0;NULL;0.00;0;25/06/2026;NULL;NULL;2026-08-18 13:38:04;2026-08-21 05:05:56;ASIA
372;NULL;ENERGIA / CHAVES BOTOES;429;MJE340;PÇ;INDISPONIVEL;produtos/430.png;NULL;429-chave-pbs-13-507-strava-2t-pl;1000;0;ativo;5;0,85;0,44;NULL;0,5632;NULL;0;28;NULL;1;0;0;0;0;NULL;0.00;0;12/09/2024;NULL;NULL;2026-08-18 13:38:04;2026-08-21 05:05:56;CX
373;NULL;ENERGIA / CHAVES BOTOES;430;MJE350;PÇ;DISPONÍVEL;produtos/431.png;NULL;430-chave-pbs-13-507-strava-2t-pl;1000;0;ativo;5;0,85;0,44;1,15;2,251766297;NULL;0;28;NULL;1;0;0;0;0;NULL;0.00;0;12/09/2024;NULL;NULL;2026-08-18 13:38:04;2026-08-21 05:05:56;CX
374;NULL;ENERGIA / CHAVES BOTOES;431;MJE15032;PÇ;DISPONÍVEL;produtos/432.png;NULL;431-chave-pbs-13-507-strava-2t-pl;1000;0;ativo;5;9;1,8658;9;3,311421025;NULL;1,3;18,87;NULL;1;0;0;0;0;NULL;0.00;0;15/12/2025;NULL;NULL;2026-08-18 13:38:04;2026-08-21 05:05:56;ALTAS
375;NULL;ENERGIA / CHAVES BOTOES;432;MJE15033;PÇ;DISPONÍVEL;produtos/433.png;NULL;432-chave-pbs-13-507-strava-2t-pl;1000;0;ativo;5;9;2,754;9;3,2175;NULL;1,3;18,87;NULL;1;0;0;0;0;NULL;0.00;0;15/12/2025;NULL;NULL;2026-08-18 13:38:04;2026-08-21 05:05:56;ATLAS
376;NULL;ENERGIA / CHAVES BOTOES;433;LNK 306PN;PÇ;DISPONÍVEL;produtos/434.png;NULL;433-chave-pbs-13-507-strava-2t-pl;1000;0;ativo;5;6,05;1,948;6;2,343;NULL;0;65;NULL;1;0;0;0;0;NULL;0.00;0;12/12/2025;NULL;NULL;2026-08-18 13:38:04;2026-08-21 05:05:56;ALIE
377;NULL;ENERGIA / CHAVES BOTOES;434;LNK 364PN;PÇ;DISPONÍVEL;produtos/435.png;NULL;434-chave-pbs-13-507-strava-2t-pl;1000;0;ativo;5;4,5;1,421;4,95;0;NULL;0;65;NULL;1;0;0;0;0;NULL;0.00;0;12/12/2025;NULL;NULL;2026-08-18 13:38:04;2026-08-21 05:05:56;ALIEXPRESS
378;NULL;ENERGIA / CHAVES BOTOES;435;LNK 306 GN;PÇ;DISPONÍVEL;produtos/436.png;NULL;435-ch-push-button-12-pinos-p-mes;1000;0;ativo;5;2,99;;8;3,45;NULL;NULL;NULL;NULL;1;0;0;0;0;NULL;0.00;0;;NULL;NULL;2026-08-18 13:38:04;2026-08-21 05:05:56;
379;NULL;ENERGIA / CHAVES BOTOES;436;LNK302DN SMD;PÇ;EST.BAIXO;produtos/437.png;NULL;436-ch-push-button-mesa-behringer;1000;0;ativo;5;8,95;3,45;7,5;4,55;NULL;0;0;NULL;1;0;0;0;0;NULL;0.00;0;23/02/2026;NULL;NULL;2026-08-18 13:38:04;2026-08-21 05:05:56;ALIEXPRESS
380;NULL;ENERGIA / CHAVES BOTOES;437;LNK306 SMD;PÇ;DISPONÍVEL;produtos/438.png;NULL;437-chave-push-button-6-polos-8mm;1000;0;ativo;5;6,4;4,55;7,95;1,64;NULL;0;0;NULL;1;0;0;0;0;NULL;0.00;0;28/01/2025;NULL;NULL;2026-08-18 13:38:04;2026-08-21 05:05:56;RUFFUS
381;NULL;ENERGIA / CHAVES BOTOES;438;FR9889 SMD;PÇ;DISPONÍVEL;produtos/439.png;NULL;438-chave-onoff-tv-lg-toshiba;1000;0;ativo;5;7,98;1,6368;7,98;3,318034902;NULL;0;0;NULL;1;0;0;0;0;NULL;0.00;0;27/08/2025;NULL;NULL;2026-08-18 13:38:04;2026-08-21 05:05:56;ALI
382;NULL;ENERGIA / CHAVES BOTOES;439;P4N80 ISOLADO;PÇ;DISPONÍVEL;produtos/441.png;NULL;439-chave-com-trava-mks-6-pinos-ve;1000;0;ativo;5;4,96;2,728;NULL;0,4992;NULL;1,3;19,98;NULL;1;0;0;0;0;NULL;0.00;0;30/06/2025;NULL;NULL;2026-08-18 13:38:04;2026-08-21 05:05:56;SANTANA
383;NULL;ENERGIA / CHAVES BOTOES;441;TL072CP;PÇ;DISPONÍVEL;produtos/442.png;NULL;441-chave-toque-quadrada-2-term-6x;1000;0;ativo;5;2;0,39;NULL;0,6016;NULL;0;28;NULL;1;0;0;0;0;NULL;0.00;0;12/09/2024;NULL;NULL;2026-08-18 13:38:04;2026-08-21 05:05:56;CX
384;NULL;ENERGIA / CHAVES BOTOES;442;TL071CP;PÇ;INDISPONIVEL;produtos/443.png;NULL;442-chave-toque-quadrada-2-term-6x;1000;0;ativo;5;;0,468;NULL;0,53856;NULL;0;28;NULL;1;0;0;0;0;NULL;0.00;0;15/06/2024;NULL;NULL;2026-08-18 13:38:04;2026-08-21 05:05:56;CX
385;NULL;ENERGIA / CHAVES BOTOES;443;NE555;PÇ;DISPONÍVEL;produtos/444.png;NULL;443-chave-toque-quadrada-2-term-6x;1000;0;ativo;5;1,2;0,48;0,6;0;NULL;2;10;NULL;1;0;0;0;0;NULL;0.00;0;25/06/2026;NULL;NULL;2026-08-18 13:38:04;2026-08-21 05:05:56;ASIA
386;NULL;ENERGIA / CHAVES BOTOES;444;TDA2009 ;PÇ;DISPONÍVEL;produtos/445.png;NULL;444-chave-toque-quadrada-2-term-6x;1000;0;ativo;5;7,95;;13,6;6,77218864;NULL;NULL;NULL;NULL;1;0;0;0;0;NULL;0.00;0;;NULL;NULL;2026-08-18 13:38:05;2026-08-21 05:05:56;
387;NULL;ENERGIA / CHAVES BOTOES;445;2SC2625 ;PÇ;INDISPONIVEL;produtos/447.png;NULL;445-chave-toque-quadrada-4-term-6x;1000;0;ativo;5;10,83;5,6;NULL;0;NULL;1,3;19,38;NULL;1;0;0;0;0;NULL;0.00;0;23/04/2025;NULL;NULL;2026-08-18 13:38:05;2026-08-21 05:05:56;SANTANA
388;NULL;ENERGIA / CHAVES BOTOES;447;FGH40N60 IGBT;PÇ;INDISPONIVEL;produtos/448.png;NULL;447-chave-toque-quadrada-4-term-6x;1000;0;ativo;5;;;20;0;NULL;NULL;NULL;NULL;1;0;0;0;0;NULL;0.00;0;;NULL;NULL;2026-08-18 13:38:05;2026-08-21 05:05:56;
389;NULL;ENERGIA / CHAVES BOTOES;448;FDA70N20 ;PÇ;DISPONÍVEL;produtos/453.png;NULL;448-chave-toque-quadrada-4-term-6x;1000;0;ativo;5;24;;24;0;NULL;NULL;NULL;NULL;1;0;0;0;0;NULL;0.00;0;17/07/2023;NULL;NULL;2026-08-18 13:38:05;2026-08-21 05:05:56;ALI
390;NULL;ENERGIA / CHAVES BOTOES;453;LED 5MM DIFUSO AMARELO PCO 50 UNI ;PÇ;DISPONÍVEL;produtos/454.png;NULL;453-chave-toque-quadrada-4-term-6x;1000;0;ativo;5;0,1;;6;0;NULL;NULL;NULL;NULL;1;0;0;0;0;NULL;0.00;0;;NULL;NULL;2026-08-18 13:38:05;2026-08-21 05:05:56;
391;NULL;ENERGIA / CHAVES BOTOES;454;LED 5MM DIFUSO VERMELHO PCO 50 UNI ;PÇ;DISPONÍVEL;produtos/455.png;NULL;454-chave-toque-quadrada-4-term-6x;1000;0;ativo;5;0,1;;6;0;NULL;NULL;NULL;NULL;1;0;0;0;0;NULL;0.00;0;;NULL;NULL;2026-08-18 13:38:05;2026-08-21 05:05:56;
392;NULL;ENERGIA / CHAVES BOTOES;455;LED 5MM DIFUSO AZUL PCO 50 UNI ;PÇ;DISPONÍVEL;produtos/456.png;NULL;455-chave-toque-quadrada-4-term-6x;1000;0;ativo;5;0,1;;6;0;NULL;NULL;NULL;NULL;1;0;0;0;0;NULL;0.00;0;;NULL;NULL;2026-08-18 13:38:05;2026-08-21 05:05:56;
393;NULL;ENERGIA / CHAVES BOTOES;456;LED 5MM DIFUSO VERDE PCO 50 UNI ;PÇ;DISPONÍVEL;produtos/457.png;NULL;456-chave-toque-quadrada-4-term-6x;1000;0;ativo;5;0,1;;6;0,08682;NULL;NULL;NULL;NULL;1;0;0;0;0;NULL;0.00;0;;NULL;NULL;2026-08-18 13:38:05;2026-08-21 05:05:56;
394;NULL;ENERGIA / CHAVES BOTOES;457;LED AUTO-BRILHO 5MM VERMELHO PCO 50 PCS;PÇ;DISPONÍVEL;produtos/458.png;NULL;457-chave-toque-quadrada-4-term-6x;1000;0;ativo;5;0,17;0,06;NULL;0,08682;NULL;0;44,7;NULL;1;0;0;0;0;NULL;0.00;0;10/02/2026;NULL;NULL;2026-08-18 13:38:05;2026-08-21 05:05:56;COMPTOTAL
395;NULL;ENERGIA / CHAVES BOTOES;458;LED AUTO-BRILHO 5MM AZUL PCO 50 PCS;PÇ;DISPONÍVEL;produtos/459.png;NULL;458-chave-comutadora-tactil-180-gr;1000;0;ativo;5;0,17;0,06;7;0,08682;NULL;0;44,7;NULL;1;0;0;0;0;NULL;0.00;0;10/02/2026;NULL;NULL;2026-08-18 13:38:05;2026-08-21 05:05:56;COMPTOTAL
396;NULL;ENERGIA / CHAVES BOTOES;459;LED AUTO-BRILHO 5MM VERDE PCO 50 PCS;PÇ;DISPONÍVEL;produtos/460.png;NULL;459-chave-comutadora-tactil-180-gr;1000;0;ativo;5;0,17;0,06;7;0,08682;NULL;0;44,7;NULL;1;0;0;0;0;NULL;0.00;0;10/02/2026;NULL;NULL;2026-08-18 13:38:05;2026-08-21 05:05:56;COMPTOTAL
397;NULL;ENERGIA / CHAVES BOTOES;460;LED AUTO-BRILHO 5MM AMARELO PCO 50 PCS;PÇ;DISPONÍVEL;produtos/461.png;NULL;460-chave-comutadora-tactil-180-gr;1000;0;ativo;5;0,17;0,06;7;0;NULL;0;44,7;NULL;1;0;0;0;0;NULL;0.00;0;10/02/2026;NULL;NULL;2026-08-18 13:38:05;2026-08-21 05:05:56;COMPTOTAL
398;NULL;ENERGIA / CHAVES BOTOES;461;LED AUTO-BRILHO 5MM BRANCO PCO 50 PCS;PÇ;DISPONÍVEL;produtos/463.png;NULL;461-chave-toque-quadrada-4-term-90;1000;0;ativo;5;0,17;;7;0;NULL;NULL;NULL;NULL;1;0;0;0;0;NULL;0.00;0;;NULL;NULL;2026-08-18 13:38:05;2026-08-21 05:05:56;
399;NULL;ENERGIA / CHAVES BOTOES;463;LED RGB 3MM PISCA RAPIDO PCO 50 PCS ;PÇ;INDISPONIVEL;produtos/465.png;NULL;463-chave-toque-2-terminais-vertic;1000;0;ativo;5;;;9,5;8,70098439;NULL;NULL;NULL;NULL;1;0;0;0;0;NULL;0.00;0;;NULL;NULL;2026-08-18 13:38:05;2026-08-21 05:05:56;
400;NULL;ENERGIA / CHAVES BOTOES;465;BATERIA A23 CART. 5 UNI GREEN;CART;DISPONÍVEL;produtos/466.png;NULL;465-chave-toque-2-terminais-vertic;1000;0;ativo;5;13,5;6,7855;NULL;8,82912849;NULL;9,75;16,76;NULL;1;0;0;0;0;NULL;0.00;0;15/09/2025;NULL;NULL;2026-08-18 13:38:05;2026-08-21 05:05:56;SANTANA
401;NULL;ENERGIA / CHAVES BOTOES;466;BATERIA A27 CART. 5 UNI GREEN;CART;DISPONÍVEL;produtos/467.png;NULL;466-chave-de-toque-p-controle-gm;1000;0;ativo;5;12,5;6,888;15,5;4,16468325;NULL;9,75;16,76;NULL;1;0;0;0;0;NULL;0.00;0;15/09/2025;NULL;NULL;2026-08-18 13:38:05;2026-08-21 05:05:56;SANTANA
402;NULL;ENERGIA / CHAVES BOTOES;467;BATERIA LR44 CART. 10 UNI GREEN;CART;INDISPONIVEL;produtos/469.png;NULL;467-chave-de-toque-p-controle-gm;1000;0;ativo;5;5;3,25;NULL;6,0227727;NULL;9,75;16,76;NULL;1;0;0;0;0;NULL;0.00;0;15/09/2025;NULL;NULL;2026-08-18 13:38:05;2026-08-21 05:05:56;SANTANA
403;NULL;ENERGIA / CHAVES BOTOES;469;BATERIA 2032  CART. 5 UNI GREEN;CART;DISPONÍVEL;produtos/470.png;NULL;469-chave-de-toque-p-controle-vw;1000;0;ativo;5;8,6;3,75;NULL;6,0227727;NULL;9,75;23,08;NULL;1;0;0;0;0;NULL;0.00;0;03/09/2026;NULL;NULL;2026-08-18 13:38:05;2026-08-21 05:05:56;MXT
404;NULL;ENERGIA / CHAVES BOTOES;470;BATERIA 2025 CART.5 UNI GREEN;CART;INDISPONIVEL;produtos/472.png;NULL;470-chave-de-toque-p-controle-vw;1000;0;ativo;5;7,2;4,7;6,5;6,0227727;NULL;9,75;16,76;NULL;1;0;0;0;0;NULL;0.00;0;15/09/2025;NULL;NULL;2026-08-18 13:38:05;2026-08-21 05:05:56;SANTANA
405;NULL;ENERGIA / CHAVES BOTOES;472;BATERIA 2016 CART. 5 UNI GREEN;CART;INDISPONIVEL;produtos/473.png;NULL;472-chave-de-toque-smd-2x2x100mm-s;1000;0;ativo;5;11,6;4,7;5,7;0,14207952;NULL;9,75;16,76;NULL;1;0;0;0;0;NULL;0.00;0;15/09/2025;NULL;NULL;2026-08-18 13:38:05;2026-08-21 05:05:56;SANTANA
406;NULL;ENERGIA / CHAVES BOTOES;473;CAPACITOR ELETROLITICO ELCO 47 x 63;PÇ;INDISPONIVEL;produtos/474.png;NULL;473-chave-de-toque-smd-8mm-smd;1000;0;ativo;5;0,2549;0,1146;NULL;0,685663125;NULL;6,5;21,28;NULL;1;0;0;0;0;NULL;0.00;0;03/11/2025;NULL;NULL;2026-08-18 13:38:05;2026-08-21 05:05:56;NWT
407;NULL;ENERGIA / CHAVES BOTOES;474;EMENDA RAP P/ FITA DE LED RGB COL. 4 VIAS 10MM COMP 5050/3528;UNI;INDISPONIVEL;produtos/475.png;NULL;474-micro-switch-kw3-03-7214-c;1000;0;ativo;5;1,2;0,489;1,1;2,140948125;NULL;9,75;27,5;NULL;1;0;0;0;0;NULL;0.00;0;15/09/2025;NULL;NULL;2026-08-18 13:38:05;2026-08-21 05:05:56;NWT
408;NULL;ENERGIA / CHAVES BOTOES;475;EMENDA FITA DE LED RGB 4 VIAS 10MM rabicho15CM MOD 5050 3528;UNI;DISPONÍVEL;produtos/476.png;NULL;475-micro-switch-kw3-05-7229-c;1000;0;ativo;5;3,42;1,5282;3,4;0;NULL;9,75;27,5;NULL;1;0;0;0;0;NULL;0.00;0;15/09/2025;NULL;NULL;2026-08-18 13:38:05;2026-08-21 05:05:56;NWT
409;NULL;ENERGIA / CHAVES BOTOES;476;CAPACITOR ELETROLITICO ELCO 47 x 100;PÇ;INDISPONIVEL;produtos/477.png;NULL;476-micro-switch-kw3-01-71-s-has;1000;0;ativo;5;0,4449;;0,45;0,57070794;NULL;NULL;NULL;NULL;1;0;0;0;0;NULL;0.00;0;;NULL;NULL;2026-08-18 13:38:05;2026-08-21 05:05:56;
410;NULL;ENERGIA / CHAVES BOTOES;477;CAPACITOR ELETROLITICO ELCO 47 x 160;PÇ;INDISPONIVEL;produtos/478.png;NULL;477-micro-switch-kw3-01-71-s-has;1000;0;ativo;5;;0,4388;NULL;2,6982399675;NULL;6,5;21,79;NULL;1;0;0;0;0;NULL;0.00;0;30/09/2024;NULL;NULL;2026-08-18 13:38:05;2026-08-21 05:05:56;SANTANA
411;NULL;ENERGIA / CHAVES BOTOES;478;Bornes De Pressão Metálico UNI PRETO;UNI;DISPONÍVEL;produtos/479.png;NULL;478-micro-switch-kw3-02-7314;1000;0;ativo;5;4,7;2,026;5;0,450525945;NULL;9,75;21,11;NULL;1;0;0;0;0;NULL;0.00;0;15/01/2026;NULL;NULL;2026-08-18 13:38:05;2026-08-21 05:05:56;NWT
412;NULL;ENERGIA / CHAVES BOTOES;479;PLUG PINO BANANA PRETO SIMPLES ;UNI;DISPONÍVEL;produtos/480.png;NULL;479-micro-switch-kw3-04-7327;1000;0;ativo;5;0,75;0,3076;0,72;2,27473155;NULL;9,75;32,42;NULL;1;0;0;0;0;NULL;0.00;0;07/11/2024;NULL;NULL;2026-08-18 13:38:05;2026-08-21 05:05:56;NWT
413;NULL;ENERGIA / CHAVES BOTOES;480;CABO P2 MACHO MONO P/ P10 MONO 1,8M;UNI;INDISPONIVEL;produtos/482.png;NULL;480-micro-switch-kw3-06-7360;1000;0;ativo;5;3,8;1,6914;NULL;0,1993114875;NULL;5;28,19;NULL;1;0;0;0;0;NULL;0.00;0;14/03/2023;NULL;NULL;2026-08-18 13:38:05;2026-08-21 05:05:56;NWT
414;NULL;ENERGIA / CHAVES BOTOES;482;CONECTOR F RG 59 COM ANEL;UNI;DISPONÍVEL;produtos/483.png;NULL;482-micro-switch-10t85-com-hast-15;1000;0;ativo;5;0,3;0,1525;0,35;0,1727366225;NULL;9,75;21,07;NULL;1;0;0;0;0;NULL;0.00;0;10/08/2023;NULL;NULL;2026-08-18 13:38:05;2026-08-21 05:05:56;NWT
415;NULL;ENERGIA / CHAVES BOTOES;483;CONECTOR F RG 59 COM ROSCA;UNI;DISPONÍVEL;produtos/484.png;NULL;483-micro-switch-10t85-com-hast-35;1000;0;ativo;5;0,29;0,1259;0,35;4,559083045;NULL;9,75;21,07;NULL;1;0;0;0;0;NULL;0.00;0;10/08/2023;NULL;NULL;2026-08-18 13:38:05;2026-08-21 05:05:56;NWT
416;NULL;AUDIO E VIDEO / CABOS;484;JACK J10 STEREO PARA PAINEL METAL/ C/ TRAVA;UNI;DISPONÍVEL;produtos/485.png;NULL;484-cabo-p2-2rca-180m;1000;0;ativo;5;7,5;3,4104;NULL;1,862477325;NULL;9,75;21,82;NULL;1;0;0;0;0;NULL;0.00;0;15/09/2025;NULL;NULL;2026-08-18 13:38:05;2026-08-21 05:05:56;NWT
417;NULL;AUDIO E VIDEO / CABOS;485;CAPACITOR ELETROLITICO ELCO 47 x 250;PÇ;DISPONÍVEL;produtos/486.png;NULL;485-cabo-p2-stereo-p-2-jack-rca-0;1000;0;ativo;5;2,79;1,372;NULL;2,2036;NULL;6,5;27,65;NULL;1;0;0;0;0;NULL;0.00;0;04/07/2024;NULL;NULL;2026-08-18 13:38:05;2026-08-21 05:05:56;ACP
418;NULL;AUDIO E VIDEO / CABOS;486;XLR MACHO METAL AZUL;UNI;DISPONÍVEL;produtos/487.png;NULL;486-cabo-22-rca-180m-granel;1000;0;ativo;5;3,9;1,85;4,5;2,2036;NULL;0;11,45;NULL;1;0;0;0;0;NULL;0.00;0;03/09/2026;NULL;NULL;2026-08-18 13:38:05;2026-08-21 05:05:56;TF
419;NULL;AUDIO E VIDEO / CABOS;487;XLR MACHO METAL PRETO;UNI;DISPONÍVEL;produtos/493.png;NULL;487-cabo-33-rca-180-m;1000;0;ativo;5;3,9;1,85;4,5;1,133069975;NULL;0;10,45;NULL;1;0;0;0;0;NULL;0.00;0;03/09/2026;NULL;NULL;2026-08-18 13:38:05;2026-08-21 05:05:56;TF
420;NULL;AUDIO E VIDEO / CABOS;493;JACK SPEAK-ON PARA PAINEL 4 POLOS QUADRADO;UNI;DISPONÍVEL;produtos/495.png;NULL;493-cabo-p10-stereo-p-2rca;1000;0;ativo;5;2,28;0,8537;NULL;0,93370041;NULL;9,75;21,46;NULL;1;0;0;0;0;NULL;0.00;0;05/02/2026;NULL;NULL;2026-08-18 13:38:05;2026-08-21 05:05:56;NWT
421;NULL;AUDIO E VIDEO / CABOS;495;Pot Acel 50KA 3 PINOS L20 EIXO LONGO;UNI;DISPONÍVEL;produtos/496.png;NULL;495-cabo-p10-mono-p-2rca;1000;0;ativo;5;1,6;0,6854;1,9;2,2036;NULL;6,5;27,06;NULL;1;0;0;0;0;NULL;0.00;0;25/06/2024;NULL;NULL;2026-08-18 13:38:05;2026-08-21 05:05:56;ATLAS
422;NULL;AUDIO E VIDEO / CABOS;496;XLR FEMEA METAL VERMELHA;UNI;DISPONÍVEL;produtos/497.png;NULL;496-cabo-p2-p2-180m;1000;0;ativo;5;4;1,85;4,95;0,10335612;NULL;0;11,45;NULL;1;0;0;0;0;NULL;0.00;0;03/09/2026;NULL;NULL;2026-08-18 13:38:05;2026-08-21 05:05:56;TF
423;NULL;AUDIO E VIDEO / CABOS;497;CAPACITOR ELETROLITICO ELCO 0,47 x 50;PÇ;DISPONÍVEL;produtos/498.png;NULL;497-cabo-p2-p2-300m;1000;0;ativo;5;0,1849;0,075;NULL;0,05281122;NULL;6,5;21,31;NULL;1;0;0;0;0;NULL;0.00;0;16/04/2024;NULL;NULL;2026-08-18 13:38:05;2026-08-21 05:05:56;SANTANA
424;NULL;AUDIO E VIDEO / CABOS;498;CAPACITOR ELETROLITICO ELCO 1 x 63;PÇ;DISPONÍVEL;produtos/499.png;NULL;498-cabo-p2-p-j2-stereo-180m;1000;0;ativo;5;0,11;0,0437;NULL;0,067973625;NULL;6,5;23,97;NULL;1;0;0;0;0;NULL;0.00;0;04/09/2024;NULL;NULL;2026-08-18 13:38:05;2026-08-21 05:05:56;ACP
425;NULL;AUDIO E VIDEO / CABOS;499;CAPACITOR ELETROLITICO ELCO 1 x 100;PÇ;DISPONÍVEL;produtos/500.png;NULL;499-cabo-p2-macho-stereo-p-p10-st;1000;0;ativo;5;0,1449;0,04574;NULL;0;NULL;6,5;27,65;NULL;1;0;0;0;0;NULL;0.00;0;04/07/2024;NULL;NULL;2026-08-18 13:38:05;2026-08-21 05:05:56;ACP
426;NULL;AUDIO E VIDEO / CABOS;500;CAPACITOR ELETROLITICO ELCO 3,3 x 100;PÇ;DISPONÍVEL;produtos/501.png;NULL;500-cabo-p2-macho-mono-p-p10-mono;1000;0;ativo;5;0,1749;;0,15;0,05402532;NULL;NULL;NULL;NULL;1;0;0;0;0;NULL;0.00;0;;NULL;NULL;2026-08-18 13:38:05;2026-08-21 05:05:56;
427;NULL;AUDIO E VIDEO / CABOS;501;CAPACITOR ELETROLITICO ELCO 4,7 x 50;PÇ;INDISPONIVEL;produtos/502.png;NULL;501-cabo-p2-macho-stereo-p-p10-mo;1000;0;ativo;5;0,1049;0,04048;NULL;0,06753165;NULL;6,5;26,82;NULL;1;0;0;0;0;NULL;0.00;0;13/10/2025;NULL;NULL;2026-08-18 13:38:05;2026-08-21 05:05:56;ACP
428;NULL;AUDIO E VIDEO / CABOS;502;CAPACITOR ELETROLITICO ELCO 4,7 x 63;PÇ;EST.BAIXO;produtos/503.png;NULL;502-cabo-p2-macho-stereo-p-p10-mo;1000;0;ativo;5;0,1149;0,04528;0,1;0,07749792;NULL;6,5;26,82;NULL;1;0;0;0;0;NULL;0.00;0;13/10/2025;NULL;NULL;2026-08-18 13:38:05;2026-08-21 05:05:56;ACP
429;NULL;AUDIO E VIDEO / CABOS;503;CAPACITOR ELETROLITICO ELCO 4,7 x 100;PÇ;INDISPONIVEL;produtos/504.png;NULL;503-cabo-p2-macho-stereo-p-p10-mo;1000;0;ativo;5;0,1649;0,0615;NULL;0,17178876;NULL;6,5;21,28;NULL;1;0;0;0;0;NULL;0.00;0;03/11/2025;NULL;NULL;2026-08-18 13:38:05;2026-08-21 05:05:56;NWT
430;NULL;AUDIO E VIDEO / CABOS;504;CAPACITOR ELETROLITICO ELCO 4,7 x 250;PÇ;DISPONÍVEL;produtos/505.png;NULL;504-cabo-22-rca-150-m-90-graus;1000;0;ativo;5;0,3249;0,12805;0,2;0,30133323;NULL;6,5;24,08;NULL;1;0;0;0;0;NULL;0.00;0;02/01/2024;NULL;NULL;2026-08-18 13:38:05;2026-08-21 05:05:56;ACP
431;NULL;AUDIO E VIDEO / CABOS;505;CAPACITOR ELETROLITICO ELCO 4,7 x 400;PÇ;DISPONÍVEL;produtos/506.png;NULL;505-cabo-22-rca-3m-90-graus;1000;0;ativo;5;0,5245;0,2236;NULL;0,37817724;NULL;6,5;28,61;NULL;1;0;0;0;0;NULL;0.00;0;30/09/2024;NULL;NULL;2026-08-18 13:38:05;2026-08-21 05:05:56;ACP
432;NULL;AUDIO E VIDEO / CABOS;506;CAPACITOR ELETROLITICO ELCO 4,7 x 450;PÇ;INDISPONIVEL;produtos/507.png;NULL;506-cabo-22-rca-5m-90-graus;1000;0;ativo;5;0,6549;0,279533;NULL;0,068559375;NULL;6,5;26,82;NULL;1;0;0;0;0;NULL;0.00;0;13/10/2025;NULL;NULL;2026-08-18 13:38:05;2026-08-21 05:05:56;ACP
433;NULL;AUDIO E VIDEO / CABOS;507;CAPACITOR ELETROLITICO ELCO 10 x 50;PÇ;INDISPONIVEL;produtos/508.png;NULL;507-cabo-22-rca-5m-injetado-cryst;1000;0;ativo;5;0,1149;0,046001;NULL;0,06753165;NULL;6,5;28,75;NULL;1;0;0;0;0;NULL;0.00;0;04/09/2024;NULL;NULL;2026-08-18 13:38:05;2026-08-21 05:05:56;ATLAS
434;NULL;AUDIO E VIDEO / CABOS;508;CAPACITOR ELETROLITICO ELCO 10 x 63;PÇ;DISPONÍVEL;produtos/509.png;NULL;508-cabo-22-rca-3m-injetado-cryst;1000;0;ativo;5;0,11;0,04528;NULL;0,367057575;NULL;6,5;26,82;NULL;1;0;0;0;0;NULL;0.00;0;13/10/2025;NULL;NULL;2026-08-18 13:38:05;2026-08-21 05:05:56;ACP
435;NULL;AUDIO E VIDEO / CABOS;509;CAPACITOR ELETROLITICO ELCO 10 x 250;PÇ;EST.BAIXO;produtos/510.png;NULL;509-cabo-22-rca-1m-injetado-cryst;1000;0;ativo;5;0,6049;0,26915;NULL;0,50619876;NULL;6,5;27,65;NULL;1;0;0;0;0;NULL;0.00;0;04/07/2024;NULL;NULL;2026-08-18 13:38:05;2026-08-21 05:05:56;ACP
436;NULL;AUDIO E VIDEO / CABOS;510;CAPACITOR ELETROLITICO ELCO 10 x 350;PÇ;DISPONÍVEL;produtos/511.png;NULL;510-cabo-1x1-rca-5m-com-fio-para;1000;0;ativo;5;0,7449;0,3752;NULL;0,56849913;NULL;6,5;25,08;NULL;1;0;0;0;0;NULL;0.00;0;02/01/2024;NULL;NULL;2026-08-18 13:38:05;2026-08-21 05:05:56;ACP
437;NULL;AUDIO E VIDEO / CABOS;511;CAPACITOR ELETROLITICO ELCO 10 x 450;PÇ;DISPONÍVEL;produtos/512.png;NULL;511-cabo-p3-macho-p-3-rca-tv-box;1000;0;ativo;5;1,1549;0,4291;NULL;0,068814975;NULL;6,5;24,14;NULL;1;0;0;0;0;NULL;0.00;0;17/07/2023;NULL;NULL;2026-08-18 13:38:05;2026-08-21 05:05:56;ACP
438;NULL;AUDIO E VIDEO / CABOS;512;CAPACITOR ELETROLITICO ELCO 22 x 25;PÇ;DISPONÍVEL;produtos/513.png;NULL;512-cabo-y-2-machos-p-1femea;1000;0;ativo;5;0,1149;0,0524;NULL;0,06849015;NULL;6,5;29,23;NULL;1;0;0;0;0;NULL;0.00;0;07/09/2024;NULL;NULL;2026-08-18 13:38:05;2026-08-21 05:05:56;NWT
439;NULL;AUDIO E VIDEO / CABOS;513;CAPACITOR ELETROLITICO ELCO 22 X 50;PÇ;EST.BAIXO;produtos/514.png;NULL;513-cabo-y-2-femea-p-1-macho;1000;0;ativo;5;0,1249;0,05169;NULL;0,619334775;NULL;6,5;28,62;NULL;1;0;0;0;0;NULL;0.00;0;21/03/2024;NULL;NULL;2026-08-18 13:38:05;2026-08-21 05:05:56;ATLAS
440;NULL;AUDIO E VIDEO / CABOS;514;CAPACITOR ELETROLITICO ELCO 22 x 250;PÇ;DISPONÍVEL;produtos/515.png;NULL;514-cabo-y-2-machos-p-1femea-inje;1000;0;ativo;5;0,9237;0,4474;NULL;0,90287505;NULL;6,5;29,23;NULL;1;0;0;0;0;NULL;0.00;0;07/09/2023;NULL;NULL;2026-08-18 13:38:05;2026-08-21 05:05:56;NWT
441;NULL;AUDIO E VIDEO / CABOS;515;CAPACITOR ELETROLITICO ELCO 22 x 350;PÇ;DISPONÍVEL;produtos/516.png;NULL;515-cabo-y-1-macho-p-2-femeas-cry;1000;0;ativo;5;1,6349;0,6995;NULL;0,7103976;NULL;6,5;21,11;NULL;1;0;0;0;0;NULL;0.00;0;15/01/2026;NULL;NULL;2026-08-18 13:38:05;2026-08-21 05:05:56;NWT
442;NULL;AUDIO E VIDEO / CABOS;516;CAPACITOR ELETROLITICO ELCO 22 x 400;PÇ;DISPONÍVEL;produtos/517.png;NULL;516-cabo-hdmi-180m-20;1000;0;ativo;5;1,2349;0,5545;NULL;1,9070955;NULL;6,5;21,28;NULL;1;0;0;0;0;NULL;0.00;0;03/11/2025;NULL;NULL;2026-08-18 13:38:05;2026-08-21 05:05:56;NWT
443;NULL;AUDIO E VIDEO / CABOS;517;CAPACITOR ELETROLITICO ELCO 22 x 450;PÇ;INDISPONIVEL;produtos/518.png;NULL;517-cabo-hdmi-20-4k-com-filtro-gr;1000;0;ativo;5;;1,5041;NULL;0,122352525;NULL;6,5;19,38;NULL;1;0;0;0;0;NULL;0.00;0;23/04/2025;NULL;NULL;2026-08-18 13:38:05;2026-08-21 05:05:56;SANTANA
444;NULL;ENERGIA / CABOS;518;CAPACITOR ELETROLITICO ELCO 33 x 63;PÇ;DISPONÍVEL;produtos/519.png;NULL;518-cabo-de-forca-tripolar;1000;0;ativo;5;0,2149;0,091467;NULL;0,42278796;NULL;6,5;27,65;NULL;1;0;0;0;0;NULL;0.00;0;04/07/2024;NULL;NULL;2026-08-18 13:38:05;2026-08-21 05:05:56;ACP
445;NULL;ENERGIA / CABOS;519;CAPACITOR ELETROLITICO ELCO 33 x 160;PÇ;DISPONÍVEL;produtos/520.png;NULL;519-cabo-de-forca-tipo-8;1000;0;ativo;5;0,8049;0,338;0,69;1,102503975;NULL;6,5;16,76;NULL;1;0;0;0;0;NULL;0.00;0;15/09/2025;NULL;NULL;2026-08-18 13:38:05;2026-08-21 05:05:56;SANTANA
446;NULL;ENERGIA / CABOS;520;CAPACITOR ELETROLITICO ELCO 33 x 250;PÇ;INDISPONIVEL;produtos/521.png;NULL;520-cabo-de-forca-sorriso;1000;0;ativo;5;1,6549;0,85;NULL;0,0543789;NULL;6,5;21,79;NULL;1;0;0;0;0;NULL;0.00;0;30/09/2024;NULL;NULL;2026-08-18 13:38:05;2026-08-21 05:05:56;SANTANA
447;NULL;AUDIO E VIDEO / CABOS;521;CAPACITOR ELETROLITICO ELCO 47 x 25;PÇ;DISPONÍVEL;produtos/522.png;NULL;521-cabo-optico-para-audio-digit;1000;0;ativo;5;0,1049;0,04278;NULL;0,0652419;NULL;6,5;27,65;NULL;1;0;0;0;0;NULL;0.00;0;04/07/2024;NULL;NULL;2026-08-18 13:38:05;2026-08-21 05:05:56;ACP
448;NULL;AUDIO E VIDEO / CABOS;522;CAPACITOR ELETROLITICO ELCO 47 x 35;PÇ;DISPONÍVEL;produtos/523.png;NULL;522-cabo-adaptador-plug-p3-p-2-j2;1000;0;ativo;5;0,1249;0,05132;NULL;0,088617585;NULL;6,5;22,52;NULL;1;0;0;0;0;NULL;0.00;0;29/10/2023;NULL;NULL;2026-08-18 13:38:05;2026-08-21 05:05:56;ACP
449;NULL;AUDIO E VIDEO / CABOS;523;CAPACITOR ELETROLITICO ELCO 47 x 50;PÇ;INDISPONIVEL;produtos/524.png;NULL;523-cabo-tipo-c-p-p3-adaptador;1000;0;ativo;5;0,1849;0,0749;NULL;0,56833938;NULL;6,5;18,87;NULL;1;0;0;0;0;NULL;0.00;0;15/12/2025;NULL;NULL;2026-08-18 13:38:05;2026-08-21 05:05:56;ATLAS
450;NULL;INTERNET TELEFONIA / CABOS;524;RESISTOR  0,33R 5W FIO ;PÇ;INDISPONIVEL;produtos/525.png;NULL;524-cabo-espiral-preto-2m;1000;0;ativo;5;;0,4225359;NULL;0,448625925;NULL;6,5;27,06;NULL;1;0;0;0;0;NULL;0.00;0;25/06/2024;NULL;NULL;2026-08-18 13:38:05;2026-08-21 05:05:56;ATLAS
451;NULL;AUDIO E VIDEO / CABOS;525;RESISTOR 0,47R 5W FIO ;PÇ;INDISPONIVEL;produtos/526.png;NULL;525-cabo-usb-v8-20-1m;1000;0;ativo;5;0,87;0,38;NULL;0;NULL;6,5;23,72;NULL;1;0;0;0;0;NULL;0.00;0;03/09/2026;NULL;NULL;2026-08-18 13:38:05;2026-08-21 05:05:56;COMPTOTAL
452;NULL;INTERNET TELEFONIA / CABOS;526;RESISTOR  FIO 5W 10K;PÇ;DISPONÍVEL;produtos/527.png;NULL;526-organizador-de-cabos-e-fios-19;1000;0;ativo;5;0,9;;0,8;0,48279006;NULL;NULL;NULL;NULL;1;0;0;0;0;NULL;0.00;0;;NULL;NULL;2026-08-18 13:38:05;2026-08-21 05:05:56;
453;NULL;AUDIO E VIDEO / CHICOTES;527;RESISTOR 10R 5W FIO ;PÇ;INDISPONIVEL;produtos/528.png;NULL;527-chicote-2-vias;1000;0;ativo;5;;0,370067;0,8;0,4894101;NULL;6,5;22,52;NULL;1;0;0;0;0;NULL;0.00;0;29/10/2023;NULL;NULL;2026-08-18 13:38:05;2026-08-21 05:05:56;ACP
454;NULL;AUDIO E VIDEO / CHICOTES;528;RESISTOR 22R 5W FIO ;PÇ;DISPONÍVEL;produtos/529.png;NULL;528-chicote-3-vias;1000;0;ativo;5;0,7;0,3636;NULL;0;NULL;6,5;27,65;NULL;1;0;0;0;0;NULL;0.00;0;04/07/2024;NULL;NULL;2026-08-18 13:38:05;2026-08-21 05:05:56;ACP
455;NULL;AUDIO E VIDEO / CHICOTES;529;RESISTOR  FIO 5W 12K;PÇ;DISPONÍVEL;produtos/530.png;NULL;529-chicote-4-vias;1000;0;ativo;5;0,8;;0,8;0;NULL;NULL;NULL;NULL;1;0;0;0;0;NULL;0.00;0;;NULL;NULL;2026-08-18 13:38:05;2026-08-21 05:05:56;
456;NULL;AUDIO E VIDEO / CHICOTES;530;RESISTOR 0,05R 5W PORCELANA;PÇ;DISPONÍVEL;produtos/531.png;NULL;530-chicote-6-vias;1000;0;ativo;5;0,8;;1,38;0,43059654;NULL;NULL;NULL;NULL;1;0;0;0;0;NULL;0.00;0;;NULL;NULL;2026-08-18 13:38:05;2026-08-21 05:05:56;
457;NULL;AUDIO E VIDEO / CHICOTES;531;RESISTOR 0,10R 5W FIO ;PÇ;DISPONÍVEL;produtos/532.png;NULL;531-chicote-9-vias;1000;0;ativo;5;0,7;0,328733;0,7;2,0663982;NULL;6,5;22,52;NULL;1;0;0;0;0;NULL;0.00;0;29/10/2023;NULL;NULL;2026-08-18 13:38:05;2026-08-21 05:05:56;ACP
458;NULL;AUDIO E VIDEO / CHICOTES;532;CAPACITOR ELETROLITICO ELCO 47 x 350;PÇ;DISPONÍVEL;produtos/533.png;NULL;532-chicote-12-vias;1000;0;ativo;5;3,2049;1,5235;NULL;0;NULL;6,5;27,65;NULL;1;0;0;0;0;NULL;0.00;0;04/07/2024;NULL;NULL;2026-08-18 13:38:05;2026-08-21 05:05:56;ACP
459;NULL;AUDIO E VIDEO / CHICOTES;533;CAPACITOR ELETROLITICO ELCO 47 x 400;PÇ;INDISPONIVEL;produtos/534.png;NULL;533-chicote-16-vias-macho;1000;0;ativo;5;4,1249;;4,3;0,06765945;NULL;NULL;NULL;NULL;1;0;0;0;0;NULL;0.00;0;;NULL;NULL;2026-08-18 13:38:05;2026-08-21 05:05:56;
460;NULL;AUDIO E VIDEO / CHICOTES;534;CAPACITOR ELETROLITICO ELCO 100 x 16;PÇ;DISPONÍVEL;produtos/535.png;NULL;534-chicote-16-vias-femea;1000;0;ativo;5;0,1149;0,04788726;NULL;0,09041424;NULL;6,5;27,06;NULL;1;0;0;0;0;NULL;0.00;0;25/06/2024;NULL;NULL;2026-08-18 13:38:05;2026-08-21 05:05:56;ATLAS
461;NULL;AUDIO E VIDEO / CHICOTES;535;CAPACITOR ELETROLITICO ELCO 100 x 25;PÇ;DISPONÍVEL;produtos/536.png;NULL;535-chicote-pioneer-modelo-novo;1000;0;ativo;5;0,17;0,0658;NULL;0,088617585;NULL;6,5;21,28;NULL;1;0;0;0;0;NULL;0.00;0;03/11/2025;NULL;NULL;2026-08-18 13:38:05;2026-08-21 05:05:56;NWT
462;NULL;AUDIO E VIDEO / CHICOTES;536;CAPACITOR ELETROLITICO ELCO 100 x 35;PÇ;DISPONÍVEL;produtos/537.png;NULL;536-chicote-pioneer-modelo-pl16-04;1000;0;ativo;5;0,1649;0,066;NULL;0,18908862;NULL;6,5;18,87;NULL;1;0;0;0;0;NULL;0.00;0;15/12/2025;NULL;NULL;2026-08-18 13:38:05;2026-08-21 05:05:56;ATLAS
463;NULL;AUDIO E VIDEO / CHICOTES;537;CAPACITOR ELETROLITICO ELCO 100 x 50;PÇ;EST.BAIXO;produtos/538.png;NULL;537-chicote-porta-rele-5-vias;1000;0;ativo;5;0,28275;0,13958;NULL;0,26113374;NULL;6,5;26,82;NULL;1;0;0;0;0;NULL;0.00;0;13/10/2025;NULL;NULL;2026-08-18 13:38:05;2026-08-21 05:05:56;ACP
464;NULL;AUDIO E VIDEO / CHICOTES;538;CAPACITOR ELETROLITICO ELCO 100 x 63;PÇ;DISPONÍVEL;produtos/539.png;NULL;538-chicote-multilaser-universal;1000;0;ativo;5;0,35;0,206;NULL;0,46222065;NULL;6,5;16,76;NULL;1;0;0;0;0;NULL;0.00;0;15/09/2025;NULL;NULL;2026-08-18 13:38:05;2026-08-21 05:05:56;SANTANA
465;NULL;AUDIO E VIDEO / CHICOTES;539;CAPACITOR ELETROLITICO ELCO 100 x 100;PÇ;EST.BAIXO;produtos/540.png;NULL;539-porta-fusivel-medio-auto-mo;1000;0;ativo;5;0,694;0,3405;NULL;0;NULL;6,5;27,65;NULL;1;0;0;0;0;NULL;0.00;0;04/07/2024;NULL;NULL;2026-08-18 13:38:05;2026-08-21 05:05:56;ACP
466;NULL;AUDIO E VIDEO / CHICOTES;540;CAPACITOR ELETROLITICO ELCO 100 x 160;PÇ;DISPONÍVEL;produtos/541.png;NULL;540-porta-fusivel-grande-max-auto;1000;0;ativo;5;2,2549;;2,6;0,889472025;NULL;NULL;NULL;NULL;1;0;0;0;0;NULL;0.00;0;;NULL;NULL;2026-08-18 13:38:05;2026-08-21 05:05:56;
467;NULL;AUDIO E VIDEO / CHICOTES;541;CAPACITOR ELETROLITICO ELCO 100 x 200;PÇ;DISPONÍVEL;produtos/542.png;NULL;541-chicote-conector-3-vias-p-som;1000;0;ativo;5;1,7249;0,6521;NULL;4,418285625;NULL;6,5;28,49;NULL;1;0;0;0;0;NULL;0.00;0;21/03/2024;NULL;NULL;2026-08-18 13:38:05;2026-08-21 05:05:56;ACP
468;NULL;AUDIO E VIDEO / CHICOTES;542;CAPACITOR ELETROLITICO ELCO 100 x 400;PÇ;DISPONÍVEL;produtos/543.png;NULL;542-chicote-conector-4-vias-p-som;1000;0;ativo;5;7,0249;3,245;NULL;6,56040852;NULL;6,5;27,65;NULL;1;0;0;0;0;NULL;0.00;0;04/07/2024;NULL;NULL;2026-08-18 13:38:05;2026-08-21 05:05:56;ACP
469;NULL;AUDIO E VIDEO / CHICOTES;543;CAPACITOR ELETROLITICO ELCO 100 x 450;PÇ;INDISPONIVEL;produtos/544.png;NULL;543-chicote-conector-6-vias-p-som;1000;0;ativo;5;;5,1633;NULL;7,84608078;NULL;6,5;19,38;NULL;1;0;0;0;0;NULL;0.00;0;23/04/2025;NULL;NULL;2026-08-18 13:38:05;2026-08-21 05:05:56;SANTANA
470;NULL;AUDIO E VIDEO / CHICOTES;544;CAPACITOR ELETROLITICO ELCO 150 x 450;PÇ;DISPONÍVEL;produtos/545.png;NULL;544-chicote-conector-8-vias-p-som;1000;0;ativo;5;11,775;5,893;NULL;0,092419635;NULL;6,5;25,08;NULL;1;0;0;0;0;NULL;0.00;0;02/01/2023;NULL;NULL;2026-08-18 13:38:05;2026-08-21 05:05:56;ACP
471;NULL;AUDIO E VIDEO / CHICOTES;545;CAPACITOR ELETROLITICO ELCO 220 x 16;PÇ;INDISPONIVEL;produtos/546.png;NULL;545-cabo-polarizado-p-audio-2x01;1000;0;ativo;5;0,1549;0,06582;NULL;0,12659655;NULL;6,5;23,97;NULL;1;0;0;0;0;NULL;0.00;0;04/09/2024;NULL;NULL;2026-08-18 13:38:05;2026-08-21 05:05:56;ACP
472;NULL;AUDIO E VIDEO / CHICOTES;546;CAPACITOR ELETROLITICO ELCO 220 x 25;PÇ;DISPONÍVEL;produtos/547.png;NULL;546-cabo-polarizado-p-audio-2x02;1000;0;ativo;5;0,2449;0,1;NULL;0,155916;NULL;6,5;18,87;NULL;1;0;0;0;0;NULL;0.00;0;15/12/2025;NULL;NULL;2026-08-18 13:38:05;2026-08-21 05:05:56;ATLAS
473;NULL;AUDIO E VIDEO / CHICOTES;547;CAPACITOR ELETROLITICO ELCO 220 x 35;PÇ;DISPONÍVEL;produtos/548.png;NULL;547-cabo-polarizado-p-audio-2x03;1000;0;ativo;5;0,3049;0,12395;NULL;0,3262734;NULL;6,5;22;NULL;1;0;0;0;0;NULL;0.00;0;15/09/2025;NULL;NULL;2026-08-18 13:38:05;2026-08-21 05:05:56;ATLAS
474;NULL;AUDIO E VIDEO / CHICOTES;548;CAPACITOR ELETROLITICO ELCO 220 x 50;PÇ;DISPONÍVEL;produtos/549.png;NULL;548-fio-cabo-audio-stereo-philips;1000;0;ativo;5;0,5249;0,2446;NULL;0,409286955;NULL;6,5;27,65;NULL;1;0;0;0;0;NULL;0.00;0;04/07/2024;NULL;NULL;2026-08-18 13:38:05;2026-08-21 05:05:56;ACP
475;NULL;AUDIO E VIDEO / CHICOTES;549;CAPACITOR ELETROLITICO ELCO 220 x 63;PÇ;INDISPONIVEL;produtos/550.png;NULL;549-fio-cabo-100m-manga-4-x-26awg;1000;0;ativo;5;0,7149;0,3142;NULL;2,433455775;NULL;6,5;23,97;NULL;1;0;0;0;0;NULL;0.00;0;04/09/2024;NULL;NULL;2026-08-18 13:38:05;2026-08-21 05:05:56;ACP
476;NULL;AUDIO E VIDEO / CHICOTES;550;CAPACITOR ELETROLITICO ELCO 220 x 160;PÇ;DISPONÍVEL;produtos/551.png;NULL;550-fio-cabo-guitarra-020mm-preto;1000;0;ativo;5;4,1049;1,7905;NULL;0,1631367;NULL;6,5;27,65;NULL;1;0;0;0;0;NULL;0.00;0;04/07/2024;NULL;NULL;2026-08-18 13:38:05;2026-08-21 05:05:56;ACP
477;NULL;AUDIO E VIDEO / CHICOTES;551;CAPACITOR ELETROLITICO ELCO 330 x 16;PÇ;DISPONÍVEL;produtos/552.png;NULL;551-fio-cabo-guitarra-020mm-verme;1000;0;ativo;5;0,2359;0,1157;NULL;0,20847375;NULL;6,5;27,65;NULL;1;0;0;0;0;NULL;0.00;0;04/07/2024;NULL;NULL;2026-08-18 13:38:05;2026-08-21 05:05:56;ACP
478;NULL;AUDIO E VIDEO / CHICOTES;552;CAPACITOR ELETROLITICO ELCO 330 x 25;PÇ;DISPONÍVEL;produtos/553.png;NULL;552-fio-cabo-guitarra-020mm-azul;1000;0;ativo;5;0,3049;0,151;NULL;0,315030195;NULL;6,5;30,5;NULL;1;0;0;0;0;NULL;0.00;0;30/09/2024;NULL;NULL;2026-08-18 13:38:05;2026-08-21 05:05:56;ACP
479;NULL;AUDIO E VIDEO / CHICOTES;553;CAPACITOR ELETROLITICO ELCO 330 x 35;PÇ;DISPONÍVEL;produtos/554.png;NULL;553-fio-cabo-guitarra-020mm-lilas;1000;0;ativo;5;0,488;0,2337;NULL;0,37823688;NULL;6,5;28,61;NULL;1;0;0;0;0;NULL;0.00;0;30/09/2024;NULL;NULL;2026-08-18 13:38:05;2026-08-21 05:05:56;ACP
480;NULL;AUDIO E VIDEO / CHICOTES;554;CAPACITOR ELETROLITICO ELCO 330 x 50;PÇ;DISPONÍVEL;produtos/555.png;NULL;554-fio-cabo-guitarra-020mm-verde;1000;0;ativo;5;0,6549;0,284;0,64;5,097459555;NULL;6,5;26,84;NULL;1;0;0;0;0;NULL;0.00;0;13/10/2025;NULL;NULL;2026-08-18 13:38:05;2026-08-21 05:05:56;ACP
481;NULL;AUDIO E VIDEO / CHICOTES;555;CAPACITOR ELETROLITICO ELCO 330 X 200;PÇ;DISPONÍVEL;produtos/556.png;NULL;555-fio-cabo-microfone-2x-030mm-p;1000;0;ativo;5;5,65;3,927;NULL;0,118825245;NULL;6,5;21,79;NULL;1;0;0;0;0;NULL;0.00;0;30/09/2024;NULL;NULL;2026-08-18 13:38:05;2026-08-21 05:05:56;SANTANA
482;NULL;AUDIO E VIDEO / CHICOTES;556;CAPACITOR ELETROLITICO ELCO 470 x 10;PÇ;DISPONÍVEL;produtos/557.png;NULL;556-fio-cabinho-flexivel-100mm-10;1000;0;ativo;5;0,3249;0,0885;NULL;0,149541975;NULL;6,5;23,97;NULL;1;0;0;0;0;NULL;0.00;0;04/09/2024;NULL;NULL;2026-08-18 13:38:05;2026-08-21 05:05:56;ACP
483;NULL;AUDIO E VIDEO / CHICOTES;557;CAPACITOR ELETROLITICO ELCO 470 x 16;PÇ;DISPONÍVEL;produtos/558.png;NULL;557-fio-cabinho-flexivel-100mm-10;1000;0;ativo;5;0,26;0,11294;NULL;0,15217146;NULL;6,5;27,65;NULL;1;0;0;0;0;NULL;0.00;0;04/07/2024;NULL;NULL;2026-08-18 13:38:05;2026-08-21 05:05:56;ACP
484;NULL;AUDIO E VIDEO / CONECTORES;558;CAPACITOR ELETROLITICO ELCO 470 x 25;PÇ;DISPONÍVEL;produtos/559.png;NULL;558-kit-conector-2-vias-p-montage;1000;0;ativo;5;0,2949;0,12113;NULL;0,2343;NULL;6,5;19,07;NULL;1;0;0;0;0;NULL;0.00;0;03/09/2025;NULL;NULL;2026-08-18 13:38:05;2026-08-21 05:05:56;ATLAS
485;NULL;AUDIO E VIDEO / CONECTORES;559;CAPACITOR ELETROLITICO ELCO 470 x 35;PÇ;DISPONÍVEL;produtos/560.png;NULL;559-kit-conector-3-vias-p-montage;1000;0;ativo;5;0,5;0,2;NULL;0,62535735;NULL;6,5;10;NULL;1;0;0;0;0;NULL;0.00;0;25/06/2026;NULL;NULL;2026-08-18 13:38:05;2026-08-21 05:05:56;ASIA
486;NULL;AUDIO E VIDEO / CONECTORES;560;CAPACITOR ELETROLITICO ELCO 470 x 50;PÇ;DISPONÍVEL;produtos/561.png;NULL;560-kit-conector-4-vias-p-montage;1000;0;ativo;5;0,82;0,45815;NULL;11,54428476;NULL;6,5;27,65;NULL;1;0;0;0;0;NULL;0.00;0;04/07/2024;NULL;NULL;2026-08-18 13:38:05;2026-08-21 05:05:56;ACP
487;NULL;AUDIO E VIDEO / CONECTORES;561;CAPACITOR ELETROLITICO ELCO 680 x 200;PÇ;DISPONÍVEL;produtos/562.png;NULL;561-kit-conector-6-vias-p-montage;1000;0;ativo;5;16,95;9,0816;NULL;0,2246085;NULL;6,5;19,38;NULL;1;0;0;0;0;NULL;0.00;0;23/04/2025;NULL;NULL;2026-08-18 13:38:05;2026-08-21 05:05:56;SANTANA
488;NULL;AUDIO E VIDEO / CONECTORES;562;CAPACITOR ELETROLITICO ELCO 1000 x 16;PÇ;DISPONÍVEL;produtos/563.png;NULL;562-kit-conector-8-vias-p-montage;1000;0;ativo;5;0,3549;0,1947;NULL;0,30383172;NULL;6,5;11;NULL;1;0;0;0;0;NULL;0.00;0;04/07/2024;NULL;NULL;2026-08-18 13:38:05;2026-08-21 05:05:56;mpc
489;NULL;AUDIO E VIDEO / CONECTORES;563;CAPACITOR ELETROLITICO ELCO 1000 x 25;PÇ;INDISPONIVEL;produtos/564.png;NULL;563-terminal-garfo-isolado-25-mm;1000;0;ativo;5;0,55;0,2422;NULL;0,569684475;NULL;6,5;18,87;NULL;1;0;0;0;0;NULL;0.00;0;15/12/2025;NULL;NULL;2026-08-18 13:38:05;2026-08-21 05:05:56;rcp
490;NULL;AUDIO E VIDEO / CONECTORES;564;CAPACITOR ELETROLITICO ELCO 1000 x 35;PÇ;DISPONÍVEL;produtos/565.png;NULL;564-terminal-garfo-isolado-15mm;1000;0;ativo;5;0,9549;0,4507;NULL;0,78489861;NULL;6,5;18,87;NULL;1;0;0;0;0;NULL;0.00;0;15/12/2025;NULL;NULL;2026-08-18 13:38:05;2026-08-21 05:05:56;ATLAS
491;NULL;AUDIO E VIDEO / CONECTORES;565;CAPACITOR ELETROLITICO ELCO 1000 x 50;PÇ;DISPONÍVEL;produtos/566.png;NULL;565-terminal-faston-femea-63mm-c;1000;0;ativo;5;1,50449;0,6197;NULL;1,56145401;NULL;6,5;18,87;NULL;1;0;0;0;0;NULL;0.00;0;15/12/2025;NULL;NULL;2026-08-18 13:38:05;2026-08-21 05:05:56;ATLAS
492;NULL;AUDIO E VIDEO / CONECTORES;566;CAPACITOR ELETROLITICO ELCO 1000 x 63;PÇ;INDISPONIVEL;produtos/567.png;NULL;566-terminal-faston-femea-48mm-c;1000;0;ativo;5;2,4049;1,138;2,8;12,669692625;NULL;6,5;28,61;NULL;1;0;0;0;0;NULL;0.00;0;30/09/2024;NULL;NULL;2026-08-18 13:38:05;2026-08-21 05:05:56;ACP
493;NULL;AUDIO E VIDEO / CONECTORES;567;CAPACITOR ELETROLITICO ELCO 1000 x 200;PÇ;DISPONÍVEL;produtos/568.png;NULL;567-terminal-faston-femea-63mm-r;1000;0;ativo;5;21,2049;9,248;NULL;0,67148676;NULL;6,5;28,61;NULL;1;0;0;0;0;NULL;0.00;0;30/09/2024;NULL;NULL;2026-08-18 13:38:05;2026-08-21 05:05:56;ACP
494;NULL;ACESSORIOS / SOLDA FERRAMENTA;568;CAPACITOR ELETROLITICO ELCO 2200 x 16;PÇ;DISPONÍVEL;produtos/569.png;NULL;568-espaguete-termo-retratil-25mm;1000;0;ativo;5;0,8349;0,54;NULL;0,71583549;NULL;6,5;16,76;NULL;1;0;0;0;0;NULL;0.00;0;15/09/2025;NULL;NULL;2026-08-18 13:38:05;2026-08-21 05:05:56;SANTANA
495;NULL;ACESSORIOS / SOLDA FERRAMENTA;569;CAPACITOR ELETROLITICO ELCO 2200 x 25;PÇ;EST.BAIXO;produtos/570.png;NULL;569-espaguete-termo-retratil-30mm;1000;0;ativo;5;1,2049;0,5328;NULL;1,19000757;NULL;6,5;26,82;NULL;1;0;0;0;0;NULL;0.00;0;13/10/2025;NULL;NULL;2026-08-18 13:38:05;2026-08-21 05:05:56;ACP
496;NULL;ACESSORIOS / SOLDA FERRAMENTA;570;CAPACITOR ELETROLITICO ELCO 2200 x 35;PÇ;INDISPONIVEL;produtos/571.png;NULL;570-espaguete-termo-retratil-35mm;1000;0;ativo;5;;0,939;NULL;1,464375;NULL;6,5;18,87;NULL;1;0;0;0;0;NULL;0.00;0;15/12/2025;NULL;NULL;2026-08-18 13:38:05;2026-08-21 05:05:56;ATLAS
497;NULL;ACESSORIOS / SOLDA FERRAMENTA;571;CAPACITOR ELETROLITICO ELCO 2200 x 50;PÇ;DISPONÍVEL;produtos/572.png;NULL;571-espaguete-termo-retratil-40mm;1000;0;ativo;5;3,3;1,25;NULL;3,191392845;NULL;6,5;10;NULL;1;0;0;0;0;NULL;0.00;0;25/06/2026;NULL;NULL;2026-08-18 13:38:05;2026-08-21 05:05:56;ASIA
498;NULL;ACESSORIOS / SOLDA FERRAMENTA;572;CAPACITOR ELETROLITICO ELCO 2200 x 63;PÇ;INDISPONIVEL;produtos/573.png;NULL;572-espaguete-termo-retratil-50mm;1000;0;ativo;5;;2,326;4,85;20,596008375;NULL;6,5;28,61;NULL;1;0;0;0;0;NULL;0.00;0;30/09/2024;NULL;NULL;2026-08-18 13:38:05;2026-08-21 05:05:56;ACP
499;NULL;ACESSORIOS / SOLDA FERRAMENTA;573;CAPACITOR ELETROLITICO ELCO 2200 x 200;PÇ;DISPONÍVEL;produtos/574.png;NULL;573-espaguete-termo-retratil-60mm;1000;0;ativo;5;36,5;15,1515;NULL;1,318688325;NULL;6,5;27,65;NULL;1;0;0;0;0;NULL;0.00;0;04/07/2024;NULL;NULL;2026-08-18 13:38:05;2026-08-21 05:05:56;ACP
500;NULL;ACESSORIOS / SOLDA FERRAMENTA;574;CAPACITOR ELETROLITICO ELCO 3300 x 25v;PÇ;INDISPONIVEL;produtos/575.png;NULL;574-espaguete-termo-retratil-70mm;1000;0;ativo;5;2,1149;0,973;NULL;1,40465832;NULL;6,5;27,65;NULL;1;0;0;0;0;NULL;0.00;0;04/07/2024;NULL;NULL;2026-08-18 13:38:05;2026-08-21 05:05:56;ACP
501;NULL;ACESSORIOS / SOLDA FERRAMENTA;575;CAPACITOR ELETROLITICO ELCO 4700 x 25;PÇ;DISPONÍVEL;produtos/576.png;NULL;575-espaguete-termo-retratil-80mm;1000;0;ativo;5;2,4949;1,0388;2,15;3,75473844;NULL;6,5;26,82;NULL;1;0;0;0;0;NULL;0.00;0;13/10/2025;NULL;NULL;2026-08-18 13:38:05;2026-08-21 05:05:56;ACP
502;NULL;ACESSORIOS / SOLDA FERRAMENTA;576;CAPACITOR ELETROLITICO ELCO 4700 x50;PÇ;DISPONÍVEL;produtos/577.png;NULL;576-espaguete-termo-retratil-90mm;1000;0;ativo;5;6,7249;2,8412;5,75;6,59108904;NULL;6,5;24,14;NULL;1;0;0;0;0;NULL;0.00;0;17/07/2023;NULL;NULL;2026-08-18 13:38:05;2026-08-21 05:05:56;ACP
503;NULL;ACESSORIOS / SOLDA FERRAMENTA;577;CAPACITOR ELETROLITICO ELCO 4700 x 63;PÇ;INDISPONIVEL;produtos/578.png;NULL;577-espaguete-termo-retratil-100m;1000;0;ativo;5;11,2049;4,875;11,1;2,2036;NULL;6,5;26,82;NULL;1;0;0;0;0;NULL;0.00;0;13/10/2025;NULL;NULL;2026-08-18 13:38:05;2026-08-21 05:05:56;ACP
504;NULL;ACESSORIOS / SOLDA FERRAMENTA;578;XLR FEMEA METAL PRETO ;UNI;DISPONÍVEL;produtos/579.png;NULL;578-espaguete-termo-retratil-120m;1000;0;ativo;5;4;1,85;4,95;1,0633458;NULL;0;11,45;NULL;1;0;0;0;0;NULL;0.00;0;03/09/2026;NULL;NULL;2026-08-18 13:38:05;2026-08-21 05:05:56;TF
505;NULL;ACESSORIOS / SOLDA FERRAMENTA;579;RCA macho metal níquel 58mm VERMELHO;UNI;DISPONÍVEL;produtos/581.png;NULL;579-espaguete-termo-retratil-140m;1000;0;ativo;5;1,9;0,8041;NULL;5,34864;NULL;9,75;21,11;NULL;1;0;0;0;0;NULL;0.00;0;15/01/2026;NULL;NULL;2026-08-18 13:38:05;2026-08-21 05:05:56;NWT
506;NULL;ACESSORIOS / SOLDA FERRAMENTA;581;IRFP250 GRANDE;PC;DISPONÍVEL;produtos/582.png;NULL;581-espaguete-termo-retratil-160m;1000;0;ativo;5;11,7;4,8;14,5;1,8130969;NULL;1,3;10;NULL;1;0;0;0;0;NULL;0.00;0;25/06/2026;NULL;NULL;2026-08-18 13:38:05;2026-08-21 05:05:56;ASIA
507;NULL;ACESSORIOS / SOLDA FERRAMENTA;582;Espuma Microfone AZUL;UNI;DISPONÍVEL;produtos/583.png;NULL;582-espaguete-termo-retratil-250m;1000;0;ativo;5;2,9;1,22;3,1;1,7104548;NULL;15;29,23;NULL;1;0;0;0;0;NULL;0.00;0;07/09/2024;NULL;NULL;2026-08-18 13:38:05;2026-08-21 05:05:56;NWT
508;NULL;DIVERSOS / GARRA DE JACARE;583;Espuma Microfone AMARELA;UNI;DISPONÍVEL;produtos/584.png;NULL;583-garra-de-jacare-27cm-5a-pre;1000;0;ativo;5;2,9;1,1626;3,1;0,949474125;NULL;15;28,22;NULL;1;0;0;0;0;NULL;0.00;0;23/07/2024;NULL;NULL;2026-08-18 13:38:05;2026-08-21 05:05:56;NWT
509;NULL;DIVERSOS / GARRA DE JACARE;584;Pot Acel 20KB 3 PINOS L15 EIXO CURTO;UNI;DISPONÍVEL;produtos/585.png;NULL;584-garra-de-jacare-27cm-5a-ver;1000;0;ativo;5;1,6;0,7512;1,9;0;NULL;6,5;18,87;NULL;1;0;0;0;0;NULL;0.00;0;15/12/2025;NULL;NULL;2026-08-18 13:38:05;2026-08-21 05:05:56;ATLAS
510;NULL;DIVERSOS / GARRA DE JACARE;585;Chave Gangorra KCD3-102N VERMELHA NEON;UNI;DISPONÍVEL;produtos/586.png;NULL;585-garra-de-jacare-36cm-5a-pre;1000;0;ativo;5;2,3;;2,3;0;NULL;NULL;NULL;NULL;1;0;0;0;0;NULL;0.00;0;;NULL;NULL;2026-08-18 13:38:05;2026-08-21 05:05:56;
511;NULL;DIVERSOS / GARRA DE JACARE;586;PORTA FUSÍVEL MEDIO AUTO - MOTIVO;UNI;DISPONÍVEL;produtos/587.png;NULL;586-garra-de-jacare-36cm-5a-ver;1000;0;ativo;5;3;;3;0;NULL;NULL;NULL;NULL;1;0;0;0;0;NULL;0.00;0;;NULL;NULL;2026-08-18 13:38:05;2026-08-21 05:05:56;
512;NULL;DIVERSOS / GARRA DE JACARE;587;PORTA FUSÍVEL GRANDE MAX AUTO - MOTIVO;UNI;DISPONÍVEL;produtos/588.png;NULL;587-garra-de-jacare-44cm-5a-pre;1000;0;ativo;5;4;;4;0;NULL;NULL;NULL;NULL;1;0;0;0;0;NULL;0.00;0;;NULL;NULL;2026-08-18 13:38:05;2026-08-21 05:05:56;
513;NULL;DIVERSOS / GARRA DE JACARE;588;REG TENSÃO SMD 1.2V;PÇ;INDISPONIVEL;produtos/589.png;NULL;588-garra-de-jacare-44cm-5a-ver;1000;0;ativo;5;;;0,7;0;NULL;NULL;NULL;NULL;1;0;0;0;0;NULL;0.00;0;;NULL;NULL;2026-08-18 13:38:05;2026-08-21 05:05:56;
514;NULL;DIVERSOS / GARRA DE JACARE;589;REG TENSÃO SMD 1.8V;PÇ;INDISPONIVEL;produtos/590.png;NULL;589-garra-de-jacare-45cm-5a-ver;1000;0;ativo;5;;;0,7;0;NULL;NULL;NULL;NULL;1;0;0;0;0;NULL;0.00;0;;NULL;NULL;2026-08-18 13:38:05;2026-08-21 05:05:56;
515;NULL;DIVERSOS / GARRA DE JACARE;590;REG TENSÃO SMD 2.5V;PÇ;DISPONÍVEL;produtos/591.png;NULL;590-garra-de-jacare-45cm-5a-pre;1000;0;ativo;5;1,02;;0,7;0;NULL;NULL;NULL;NULL;1;0;0;0;0;NULL;0.00;0;;NULL;NULL;2026-08-18 13:38:05;2026-08-21 05:05:56;
516;NULL;DIVERSOS / GARRA DE JACARE;591;REG TENSÃO SMD 3.3V;PÇ;INDISPONIVEL;produtos/592.png;NULL;591-garra-de-jacare-52cm-5a-ver;1000;0;ativo;5;;;0,7;0;NULL;NULL;NULL;NULL;1;0;0;0;0;NULL;0.00;0;17/07/2023;NULL;NULL;2026-08-18 13:38:05;2026-08-21 05:05:56;ALI
517;NULL;DIVERSOS / GARRA DE JACARE;592;REG TENSÃO SMD 5V;PÇ;INDISPONIVEL;produtos/593.png;NULL;592-garra-de-jacare-52cm-5a-pre;1000;0;ativo;5;;;0,7;0;NULL;NULL;NULL;NULL;1;0;0;0;0;NULL;0.00;0;17/07/2023;NULL;NULL;2026-08-18 13:38:05;2026-08-21 05:05:56;ALI
518;NULL;DIVERSOS / GARRA DE JACARE;593;REG TENSÃO SMD ADJ;PÇ;DISPONÍVEL;produtos/597.png;NULL;593-garra-de-jacare-50cm-5a-ver;1000;0;ativo;5;1,02;;0,7;1,72836081;NULL;NULL;NULL;NULL;1;0;0;0;0;NULL;0.00;0;;NULL;NULL;2026-08-18 13:38:05;2026-08-21 05:05:56;
519;NULL;DIVERSOS / GARRA DE JACARE;597;1.5UF X 450V;PÇ;DISPONÍVEL;produtos/598.png;NULL;597-garra-de-jacare-50cm-5a-pre;1000;0;ativo;5;2,95;1,2804;NULL;1,88313939;NULL;6,5;20,03;NULL;1;0;0;0;0;NULL;0.00;0;02/09/2026;NULL;NULL;2026-08-18 13:38:05;2026-08-21 05:05:56;NWT
520;NULL;DIVERSOS / GARRA DE JACARE;598;2UF X 450  ;PÇ;DISPONÍVEL;produtos/599.png;NULL;598-garra-de-jacare-71cm-30a-pr;1000;0;ativo;5;3,3;1,4598;4,2;1,96052868;NULL;6,5;21,11;NULL;1;0;0;0;0;NULL;0.00;0;15/01/2026;NULL;NULL;2026-08-18 13:38:05;2026-08-21 05:05:56;NWT
521;NULL;DIVERSOS / GARRA DE JACARE;599;2.5UF X 450   ;PÇ;DISPONÍVEL;produtos/600.png;NULL;599-garra-de-jacare-71cm-30a-ve;1000;0;ativo;5;3,5;1,7917;NULL;3,77716308;NULL;6,5;20,03;NULL;1;0;0;0;0;NULL;0.00;0;15/01/2026;NULL;NULL;2026-08-18 13:38:05;2026-08-21 05:05:56;NWT
522;NULL;DIVERSOS / GARRA DE JACARE;600;6UF X 450;PÇ;DISPONÍVEL;produtos/602.png;NULL;600-garra-de-jacare-100cm-50a-p;1000;0;ativo;5;6,4;2,9214;NULL;3,97;NULL;6,5;21,46;NULL;1;0;0;0;0;NULL;0.00;0;05/02/2026;NULL;NULL;2026-08-18 13:38:05;2026-08-21 05:05:56;NWT
523;NULL;DIVERSOS / GARRA DE JACARE;602;IRF2807;PC;DISPONÍVEL;produtos/603.png;NULL;602-garra-de-jacare-100cm-50a-v;1000;0;ativo;5;5,4049;3,97;NULL;1,674769635;NULL;0;0;NULL;1;0;0;0;0;NULL;0.00;0;17/04/2023;NULL;NULL;2026-08-18 13:38:05;2026-08-21 05:05:56;ALI
524;NULL;DIVERSOS / GARRA DE JACARE;603;CHAVE PB METAL S/ TRAVA VERDE;UNI;DISPONÍVEL;produtos/604.png;NULL;603-garra-de-jacare-105cm-100a;1000;0;ativo;5;2,99;1,2618;NULL;1,568435055;NULL;9,75;21,11;NULL;1;0;0;0;0;NULL;0.00;0;15/01/2026;NULL;NULL;2026-08-18 13:38:05;2026-08-21 05:05:56;NWT
525;NULL;DIVERSOS / GARRA DE JACARE;604;CHAVE PB METAL S/ TRAVA  AMARELO ;UNI;DISPONÍVEL;produtos/605.png;NULL;604-garra-de-jacare-105cm-100a;1000;0;ativo;5;2,99;1,1849;NULL;1,57296773;NULL;9,75;21,11;NULL;1;0;0;0;0;NULL;0.00;0;15/01/2026;NULL;NULL;2026-08-18 13:38:05;2026-08-21 05:05:56;NWT
526;NULL;DIVERSOS / GARRA DE JACARE;605;CHAVE PB METAL S/ TRAVA PRETO;UNI;DISPONÍVEL;produtos/606.png;NULL;605-garra-de-jacare-135cm-300a;1000;0;ativo;5;2,99;1,1787;NULL;0,83007804;NULL;9,75;21,46;NULL;1;0;0;0;0;NULL;0.00;0;05/02/2026;NULL;NULL;2026-08-18 13:38:05;2026-08-21 05:05:56;NWT
527;NULL;DIVERSOS / GARRA DE JACARE;606;CAPACITOR ELETROLITICO ELCO 1500 x 16;PÇ;INDISPONIVEL;produtos/607.png;NULL;606-garra-de-jacare-135cm-300a;1000;0;ativo;5;1,8049;0,68;2;0;NULL;6,5;14,62;NULL;1;0;0;0;0;NULL;0.00;0;08/10/2023;NULL;NULL;2026-08-18 13:38:05;2026-08-21 05:05:56;SANTANA
528;NULL;EMENDAS / ANTENA;607;TDA4863;PÇ;DISPONÍVEL;produtos/608.png;NULL;607-emenda-f-femea-coaxial;1000;0;ativo;5;8,95;;3,2;1,7215016;NULL;NULL;NULL;NULL;1;0;0;0;0;NULL;0.00;0;;NULL;NULL;2026-08-18 13:38:05;2026-08-21 05:05:56;
529;NULL;EMENDAS / ANTENA;608;TA8227;PÇ;EST.BAIXO;produtos/609.png;NULL;608-emenda-t-femea-coaxial;1000;0;ativo;5;2,9;1,4;NULL;1,284568875;NULL;7;14,92;NULL;1;0;0;0;0;NULL;0.00;0;08/10/2023;NULL;NULL;2026-08-18 13:38:05;2026-08-21 05:05:56;SANTANA
530;NULL;EMENDAS / ANTENA;609;RCA femea metal Nickel 58mm PRETO;UNI;INDISPONIVEL;produtos/610.png;NULL;609-emenda-f-femea-coaxial-90-grau;1000;0;ativo;5;2;0,9003;NULL;0,93839067;NULL;9,75;30,05;NULL;1;0;0;0;0;NULL;0.00;0;30/06/2025;NULL;NULL;2026-08-18 13:38:05;2026-08-21 05:05:56;NWT
531;NULL;EMENDAS / ANTENA;610;Pot Acel 100KA 3 PINOS L20 EIXO LONGO;UNI;DISPONÍVEL;produtos/611.png;NULL;610-emenda-f-macho-p-emenda-f-fem;1000;0;ativo;5;1,6;0,7417;1,9;0,9811845;NULL;6,5;19,07;NULL;1;0;0;0;0;NULL;0.00;0;03/09/2025;NULL;NULL;2026-08-18 13:38:05;2026-08-21 05:05:56;ATLAS
532;NULL;EMENDAS / ANTENA;611;Pot Acel 100KB 3 PINOS L20 EIXO LONGO;UNI;DISPONÍVEL;produtos/612.png;NULL;611-emenda-plug-p-plug-f-coaxial;1000;0;ativo;5;1,6;0,75174;1,9;0,949474125;NULL;6,5;22,84;NULL;1;0;0;0;0;NULL;0.00;0;10/02/2026;NULL;NULL;2026-08-18 13:38:05;2026-08-21 05:05:56;ATLAS
533;NULL;EMENDAS / ANTENA;612;Pot Acel 10KB 3 PINOS L20 EIXO LONGO;UNI;DISPONÍVEL;produtos/613.png;NULL;612-conector-f-rg6-rosca-compress;1000;0;ativo;5;1,6;0,7512;1,9;0,93839067;NULL;6,5;18,87;NULL;1;0;0;0;0;NULL;0.00;0;15/12/2025;NULL;NULL;2026-08-18 13:38:05;2026-08-21 05:05:56;ATLAS
534;NULL;PLUG / ANTENAS;613;Pot Acel 500KB 3 PINOS L20 EIXO LONGO;UNI;DISPONÍVEL;produtos/614.png;NULL;613-conector-f-rg6-rosca;1000;0;ativo;5;1,6;0,7417;1,9;0,987255;NULL;6,5;19,07;NULL;1;0;0;0;0;NULL;0.00;0;03/09/2025;NULL;NULL;2026-08-18 13:38:05;2026-08-21 05:05:56;ATLAS
535;NULL;PLUG / ANTENAS;614;Pot Acel 5KB 3 PINOS L20 EIXO LONGO ;UNI;INDISPONIVEL;produtos/615.png;NULL;614-conector-f-rg-59-com-rosca;1000;0;ativo;5;1,6;0,7183;1,9;0,93839067;NULL;6,5;28,75;NULL;1;0;0;0;0;NULL;0.00;0;04/09/2024;NULL;NULL;2026-08-18 13:38:05;2026-08-21 05:05:56;ATLAS
536;NULL;PLUG / ANTENAS;615;Pot Acel 50KB 3 PINOS L20 EIXO LONGO;UNI;DISPONÍVEL;produtos/616.png;NULL;615-conector-f-rg6-c-anel;1000;0;ativo;5;1,6;0,7417;1,9;0,91676478;NULL;6,5;19,07;NULL;1;0;0;0;0;NULL;0.00;0;03/09/2025;NULL;NULL;2026-08-18 13:38:05;2026-08-21 05:05:56;ATLAS
537;NULL;PLUG / ANTENAS;616;Pot Acel 20KB 3 PINOS L20 EIXO LONGO;UNI;DISPONÍVEL;produtos/617.png;NULL;616-conector-f-rg-59-com-anel;1000;0;ativo;5;1,6;0,6844;1,9;1,4701177125;NULL;6,5;26,59;NULL;1;0;0;0;0;NULL;0.00;0;02/01/2024;NULL;NULL;2026-08-18 13:38:05;2026-08-21 05:05:56;ATLAS
538;NULL;EMENDAS / ANTENA;617;Chave  redonda NEON VERDE;UNI;DISPONÍVEL;produtos/618.png;NULL;617-divisor-de-antena-1x2;1000;0;ativo;5;2,1;1,029;NULL;1,47135294;NULL;9,75;30,05;NULL;1;0;0;0;0;NULL;0.00;0;30/06/2025;NULL;NULL;2026-08-18 13:38:05;2026-08-21 05:05:56;NWT
539;NULL;EMENDAS / ANTENA;618;Chave  redonda NEON AZUL ;UNI;DISPONÍVEL;produtos/619.png;NULL;618-divisor-de-antena-1x3;1000;0;ativo;5;2,1;1,029;NULL;1,3;NULL;9,8;30,1;NULL;1;0;0;0;0;NULL;0.00;0;30/06/2025;NULL;NULL;2026-08-18 13:38:05;2026-08-21 05:05:56;NWT
540;NULL;EMENDAS / RJ45;619;Chave Gangorra 3 PINOS NEON VERDE;UNI;DISPONÍVEL;produtos/620.png;NULL;619-emenda-rj45;1000;0;ativo;5;2,5;1,3;1,5;1,3;NULL;NULL;NULL;NULL;1;0;0;0;0;NULL;0.00;0;;NULL;NULL;2026-08-18 13:38:05;2026-08-21 05:05:56;
541;NULL;EMENDAS / RJ45;620;Chave Gangorra 3 PINOS NEON AZUL;UNI;DISPONÍVEL;produtos/621.png;NULL;620-emenda-rj11;1000;0;ativo;5;2,5;1,3;1,5;1,887438795;NULL;NULL;NULL;NULL;1;0;0;0;0;NULL;0.00;0;;NULL;NULL;2026-08-18 13:38:05;2026-08-21 05:05:56;
542;NULL;EMENDAS / RJ45;621;Chave  gangorra KCD4 4 PINOS / AZUL ;UNI;DISPONÍVEL;produtos/622.png;NULL;621-adaptador-rj45-2-portas-femea;1000;0;ativo;5;2,5;1,0272;NULL;1,54;NULL;9,75;20,03;NULL;1;0;0;0;0;NULL;0.00;0;03/09/2026;NULL;NULL;2026-08-18 13:38:05;2026-08-21 05:05:56;NWT
543;NULL;INTERNET TELEFONIA / PLUGS;622;Chave  gangorra KCD4 4 PINOS / VERDE;UNI;INDISPONIVEL;produtos/623.png;NULL;622-conector-rj45-cat5;1000;0;ativo;5;2,5;1,4;NULL;1,266372325;NULL;0;10;NULL;1;0;0;0;0;NULL;0.00;0;25/06/2026;NULL;NULL;2026-08-18 13:38:05;2026-08-21 05:05:56;ASIA
544;NULL;INTERNET TELEFONIA / PLUGS;623;Chave  gangorra KCD4 6 PINOS / PRETO;UNI;INDISPONIVEL;produtos/624.png;NULL;623-conector-rj45-cat5-de-passagem;1000;0;ativo;5;2,4;0,953;NULL;0,9500399;NULL;9,75;21,46;NULL;1;0;0;0;0;NULL;0.00;0;05/02/2026;NULL;NULL;2026-08-18 13:38:05;2026-08-21 05:05:56;NWT
545;NULL;INTERNET TELEFONIA / PLUGS;624;Chave Push Button PBS-102104 VERMELHA (NORMALMENTE FECHADA);UNI;DISPONÍVEL;produtos/626.png;NULL;624-conector-rj11-6p4c;1000;0;ativo;5;1,25;0,6765;1,1;1,243386285;NULL;9,75;27,3;NULL;1;0;0;0;0;NULL;0.00;0;15/09/2025;NULL;NULL;2026-08-18 13:38:05;2026-08-21 05:05:56;MXT
546;NULL;SOLDAS / PASTA DE SOLDA;626;RCA macho metal profissional VERMELHO;UNI;INDISPONIVEL;produtos/629.png;NULL;626-solda-tubete-10mm-25g;1000;0;ativo;5;2,1;0,9329;2,55;1,666279375;NULL;9,75;21,82;NULL;1;0;0;0;0;NULL;0.00;0;15/09/2025;NULL;NULL;2026-08-18 13:38:05;2026-08-21 05:05:56;NWT
547;NULL;SOLDAS / PASTA DE SOLDA;629;RCA Femea metal profissional PRETO;UNI;INDISPONIVEL;produtos/631.png;NULL;629-solda-cast-125g-1mm;1000;0;ativo;5;3,34;1,252;NULL;0;NULL;9,75;21,46;NULL;1;0;0;0;0;NULL;0.00;0;05/02/2026;NULL;NULL;2026-08-18 13:38:05;2026-08-21 05:05:56;NWT
548;NULL;SOLDAS / PASTA DE SOLDA;631;DIODO DE ALTA TENSÃO PARA MICRO-ONDAS;UNI;DISPONÍVEL;produtos/632.png;NULL;631-solda-cast-250g-1mm;1000;0;ativo;5;2,4;;2,3;0;NULL;NULL;NULL;NULL;1;0;0;0;0;NULL;0.00;0;29/10/2023;NULL;NULL;2026-08-18 13:38:05;2026-08-21 05:05:56;ALI
549;NULL;SOLDAS / PASTA DE SOLDA;632;FUSIVEL DE ALTA TENSAO 5KV 0,8A P/ FORNO;UNI;DISPONÍVEL;produtos/633.png;NULL;632-solda-cast-500g-1mm;1000;0;ativo;5;2,2;;3,5;0;NULL;NULL;NULL;NULL;1;0;0;0;0;NULL;0.00;0;;NULL;NULL;2026-08-18 13:38:05;2026-08-21 05:05:56;
550;NULL;SOLDAS / PASTA DE SOLDA;634;Espuma Microfone VERMELHA ;UNI;EST.BAIXO;produtos/634.png;NULL;634-pasta-de-solda-cast-110g;1000;0;ativo;5;2,9;1,1626;3,1;1,7104548;NULL;15;28,22;NULL;1;0;0;0;0;NULL;0.00;0;23/07/2024;NULL;NULL;2026-08-18 13:38:05;2026-08-21 05:05:56;NWT
551;NULL;SOLDAS / PASTA DE SOLDA;635;CHICOTE MULTILASER / UNIVERSAL 12 VIAS ;UNI;DISPONÍVEL;produtos/635.png;NULL;635-soldatec-50gr-pasta-50g-nao;1000;0;ativo;5;10;4,35;10;5,787936;NULL;5;26,72;NULL;1;0;0;0;0;NULL;0.00;0;24/08/2023;NULL;NULL;2026-08-18 13:38:05;2026-08-21 05:05:56;MXT
552;NULL;SOLDAS / PASTA DE SOLDA;636;FUSÍVEL FACA 100A  ;PÇ;INDISPONIVEL;produtos/636.png;NULL;636-fluxo-pastoso-seringa-10g-impl;1000;0;ativo;5;;;NULL;0;NULL;NULL;NULL;NULL;1;0;0;0;0;NULL;0.00;0;;NULL;NULL;2026-08-18 13:38:05;2026-08-21 05:05:56;
553;NULL;ACESSORIOS / SOLDA FERRAMENTA;637;BATERIA CR2450 CART. 5 UNI GREEN;CART;DISPONÍVEL;produtos/637.png;NULL;637-fluxo-p-solda-liquido-no-clea;1000;0;ativo;5;11,2;;14;0;NULL;NULL;NULL;NULL;1;0;0;0;0;NULL;0.00;0;;NULL;NULL;2026-08-18 13:38:05;2026-08-21 05:05:56;
554;NULL;ACESSORIOS / SOLDA FERRAMENTA;639;Chave Gangorra KCD1-104;UNI;DISPONÍVEL;produtos/639.png;NULL;639-fluxo-resinoso-110ml-implastec;1000;0;ativo;5;2,95;;NULL;0;NULL;NULL;NULL;NULL;1;0;0;0;0;NULL;0.00;0;;NULL;NULL;2026-08-18 13:38:05;2026-08-21 05:05:56;
555;NULL;SOLDAS / PASTA DE SOLDA;640;FUSIVEL 3,5A 5X20 VIDRO CX 100 PÇS ;CX 100X;DISPONÍVEL;produtos/640.png;NULL;640-dessoldador-salva-chip-cast-50;1000;0;ativo;5;18;9;19;10,43360325;NULL;9,75;5,63;NULL;1;0;0;0;0;NULL;0.00;0;19/06/2023;NULL;NULL;2026-08-18 13:38:05;2026-08-21 05:05:56;ALLSEMI
556;NULL;ACESSORIOS / FERRAMENTAS;641;FUSIVEL 4A 5X20 VIDRO CX 100 PÇS ;CX 100X;DISPONÍVEL;produtos/641.png;NULL;641-ferro-de-soldar-40w-chip-sce;1000;0;ativo;5;18;9;19;10,715112;NULL;9,75;8,48;NULL;1;0;0;0;0;NULL;0.00;0;26/07/2024;NULL;NULL;2026-08-18 13:38:05;2026-08-21 05:05:56;ALLSEMI
557;NULL;ACESSÓRIOS / PONTA CONICA;642;FUSIVEL 6A 5X20 VIDRO CX 100 PÇS ;CX 100X;DISPONÍVEL;produtos/642.png;NULL;642-ponta-conica-ferro-de-solda-6;1000;0;ativo;5;18;9;18;10,4879295;NULL;9,75;6,18;NULL;1;0;0;0;0;NULL;0.00;0;15/09/2025;NULL;NULL;2026-08-18 13:38:05;2026-08-21 05:05:56;ALLSEMI
558;NULL;ACESSÓRIOS / PONTA CONICA;643;FUSIVEL 7A 5X20 VIDRO CX 100 PÇS ;CX 100X;DISPONÍVEL;produtos/643.png;NULL;643-ponta-conica-ferro-de-solda-4;1000;0;ativo;5;18;9;18;10,43360325;NULL;9,75;5,63;NULL;1;0;0;0;0;NULL;0.00;0;19/06/2023;NULL;NULL;2026-08-18 13:38:05;2026-08-21 05:05:56;ALLSEMI
559;NULL;ACESSORIOS / SOLDA FERRAMENTA;644;FUSIVEL 25A 5X20 VIDRO CX 100 PÇS ;CX 100X;DISPONÍVEL;produtos/644.png;NULL;644-malha-removedora-de-solda-3mm;1000;0;ativo;5;18;9;NULL;10,7447445;NULL;9,75;8,78;NULL;1;0;0;0;0;NULL;0.00;0;28/03/2024;NULL;NULL;2026-08-18 13:38:05;2026-08-21 05:05:56;ALLSEMI
560;NULL;ACESSORIOS / SOLDA FERRAMENTA;645;FUSIVEL CERAMICO 12A 6X30 CX 100 PCS ;PÇ;DISPONÍVEL;produtos/645.png;NULL;645-esponja-vegetal-p-limpeza-de;1000;0;ativo;5;0,47;0,2;41;0,2387721;NULL;9,75;8,78;NULL;1;0;0;0;0;NULL;0.00;0;28/03/2024;NULL;NULL;2026-08-18 13:38:05;2026-08-21 05:05:56;ALLSEMI
561;NULL;ACESSORIOS / SOLDA FERRAMENTA;646;Dessoldador Salva Chip Cast 50g ;UNI;INDISPONIVEL;produtos/646.png;NULL;646-camisinha-para-sugador;1000;0;ativo;5;47;25;46;31,8525;NULL;0;27,41;NULL;1;0;0;0;0;NULL;0.00;0;19/09/2024;NULL;NULL;2026-08-18 13:38:05;2026-08-21 05:05:56;CAST
562;NULL;ACESSORIOS / SOLDA FERRAMENTA;647;MICRO VENT 120 X 120X 25MM 24V ;UNI;DISPONÍVEL;produtos/647.png;NULL;647-sugador-de-solda;1000;0;ativo;5;24,8;11,4566;26;14,37084;NULL;0;25,4;NULL;1;0;0;0;0;NULL;0.00;0;05/02/2024;NULL;NULL;2026-08-18 13:38:05;2026-08-21 05:05:56;NWT
563;NULL;DIVERSOS / ALCOOL;648;EMENDA RAP P/ FITA DE LED COL. 2 VIAS 10MM COMP 5050/3528;UNI;DISPONÍVEL;produtos/648.png;NULL;648-alcool-isopropilico-100-ml;1000;0;ativo;5;1,15;0,4514;NULL;0,629690625;NULL;9,75;27,5;NULL;1;0;0;0;0;NULL;0.00;0;15/09/2025;NULL;NULL;2026-08-18 13:38:05;2026-08-21 05:05:56;NWT
564;NULL;DIVERSOS / ALCOOL;652;JACK J10 MONO P/ PLACA PLASTICO ABERTO 2 TERMINAIS;UNI;DISPONÍVEL;produtos/652.png;NULL;652-alcool-isopropilico-500-ml;1000;0;ativo;5;2,32;0,95;NULL;1,16109;NULL;0;22,22;NULL;1;0;0;0;0;NULL;0.00;0;15/12/2025;NULL;NULL;2026-08-18 13:38:05;2026-08-21 05:05:56;STARCABLE
565;NULL;DIVERSOS / ALCOOL;653;CHAVE PB METAL S/ TRAVA BRANCA;UNI;DISPONÍVEL;produtos/653.png;NULL;653-alcool-isopropilico-1-l;1000;0;ativo;5;2,99;1,1849;NULL;1,568435055;NULL;9,75;21,11;NULL;1;0;0;0;0;NULL;0.00;0;15/01/2026;NULL;NULL;2026-08-18 13:38:05;2026-08-21 05:05:56;NWT
566;NULL;DIVERSOS / ALCOOL;654;Pot MINI linear 50KA EIXO L35 3 pinos ;UNI;INDISPONIVEL;produtos/654.png;NULL;654-desengripante-lubrificante-spr;1000;0;ativo;5;2,5;0,8921;2,5;1,220356875;NULL;6,5;28,75;NULL;1;0;0;0;0;NULL;0.00;0;04/09/2024;NULL;NULL;2026-08-18 13:38:05;2026-08-21 05:05:56;ATLAS
567;NULL;DIVERSOS / PASTA TERMICA;655;TIP 2955;PÇ;DISPONÍVEL;produtos/655.png;NULL;655-pasta-termica-branca-10g-bisn;1000;0;ativo;5;3,7;;5,3;0;NULL;NULL;NULL;NULL;1;0;0;0;0;NULL;0.00;0;;NULL;NULL;2026-08-18 13:38:05;2026-08-21 05:05:56;
568;NULL;DIVERSOS / PASTA TERMICA;656;BT137-600E ;PÇ;DISPONÍVEL;produtos/656.png;NULL;656-pasta-termica-branca-15g-impl;1000;0;ativo;5;2,0736;1,08;NULL;1,3824;NULL;0;28;NULL;1;0;0;0;0;NULL;0.00;0;15/06/2024;NULL;NULL;2026-08-18 13:38:05;2026-08-21 05:05:56;CX
569;NULL;DIVERSOS / PASTA TERMICA;657;BT138-600E ;PÇ;DISPONÍVEL;produtos/657.png;NULL;657-pasta-termica-branca-50g-impl;1000;0;ativo;5;3,0349;1,395;NULL;1,792;NULL;0;28;NULL;1;0;0;0;0;NULL;0.00;0;15/06/2024;NULL;NULL;2026-08-18 13:38:05;2026-08-21 05:05:56;CX
570;NULL;DIVERSOS / PASTA TERMICA;658;TL082CP;PÇ;DISPONÍVEL;produtos/658.png;NULL;658-pasta-termica-termal-silver-im;1000;0;ativo;5;1,13;0,4959;NULL;0,76;NULL;0;52;NULL;1;0;0;0;0;NULL;0.00;0;10/02/2026;NULL;NULL;2026-08-18 13:38:05;2026-08-21 05:05:56;CX
571;NULL;DIVERSOS / GRAXA;659;TL064CN;PÇ;DISPONÍVEL;produtos/659.png;NULL;659-graxa-de-silicone-10g-pote;1000;0;ativo;5;1,27;0,4968;NULL;0,64;NULL;0;28;NULL;1;0;0;0;0;NULL;0.00;0;15/06/2024;NULL;NULL;2026-08-18 13:38:05;2026-08-21 05:05:56;CX
572;NULL;DIVERSOS / GRAXA;660;TL081CP;PÇ;DISPONÍVEL;produtos/660.png;NULL;660-graxa-de-silicone-40g-bisnaga;1000;0;ativo;5;1,9;;1,9;0;NULL;NULL;NULL;NULL;1;0;0;0;0;NULL;0.00;0;;NULL;NULL;2026-08-18 13:38:05;2026-08-21 05:05:56;
573;NULL;LIMPA TELAS;661;TL074CN;PÇ;DISPONÍVEL;produtos/661.png;NULL;661-limpa-telas-azul-60ml-implaste;1000;0;ativo;5;1,25;0,666;NULL;0,9045;NULL;0;35;NULL;1;0;0;0;0;NULL;0.00;0;13/10/2025;NULL;NULL;2026-08-18 13:38:05;2026-08-21 05:05:56;CX
574;NULL;DIVERSOS / SPRAY;662;CD40106;PÇ;INDISPONIVEL;produtos/662.png;NULL;662-congelante-pro-aerossol-230g-4;1000;0;ativo;5;0,9;0,87;NULL;1,06470252;NULL;2;19,98;NULL;1;0;0;0;0;NULL;0.00;0;30/06/2025;NULL;NULL;2026-08-18 13:38:05;2026-08-21 05:05:56;SANTANA
575;NULL;DIVERSOS / SPRAY;663;REG TENSÃO SMD 1.5V;PÇ;INDISPONIVEL;produtos/663.png;NULL;663-limpa-contato-contactec-130g-2;1000;0;ativo;5;;;0,7;0;NULL;NULL;NULL;NULL;1;0;0;0;0;NULL;0.00;0;;NULL;NULL;2026-08-18 13:38:05;2026-08-21 05:05:56;
576;NULL;ENERGIA / BATERIAS / PILHAS;664;LM393;PÇ;DISPONÍVEL;produtos/664.png;NULL;664-bateria-9v-up-uni-granel-green;1000;0;ativo;5;0,7;0,351;NULL;0,448;NULL;0;28;NULL;1;0;0;0;0;NULL;0.00;0;15/06/2024;NULL;NULL;2026-08-18 13:38:05;2026-08-21 05:05:56;CX
577;NULL;ENERGIA / BATERIAS / PILHAS;665;MOC3021;PÇ;DISPONÍVEL;produtos/665.png;NULL;665-bateria-a23-cart-5-uni-green;1000;0;ativo;5;1,65;1,15;NULL;1,472;NULL;0;28;NULL;1;0;0;0;0;NULL;0.00;0;15/06/2024;NULL;NULL;2026-08-18 13:38:05;2026-08-21 05:05:56;CX
578;NULL;ENERGIA / BATERIAS / PILHAS;666;RC4558 SMD;PÇ;DISPONÍVEL;produtos/666.png;NULL;666-bateria-a27-cart-5-uni-green;1000;0;ativo;5;0,45;0,207;NULL;0,2835;NULL;0;35;NULL;1;0;0;0;0;NULL;0.00;0;13/10/2025;NULL;NULL;2026-08-18 13:38:05;2026-08-21 05:05:56;CX
579;NULL;ENERGIA / BATERIAS / PILHAS;667;MJE13009 PEQ;PÇ;INDISPONIVEL;produtos/667.png;NULL;667-bateria-2016-cart-5-uni-green;1000;0;ativo;5;2,95;1,5;NULL;1,95;NULL;0;30;NULL;1;0;0;0;0;NULL;0.00;0;13/02/2025;NULL;NULL;2026-08-18 13:38:05;2026-08-21 05:05:56;CX
580;NULL;ENERGIA / BATERIAS / PILHAS;669;EMENDA FITA DE LED RGB 2 VIAS 10MM rabicho15CM MOD 5050 3528;UNI;DISPONÍVEL;produtos/669.png;NULL;669-bateria-2032-cart-5-uni-gree;1000;0;ativo;5;2,5;1,0345;2,5;1,441291875;NULL;9,75;27,5;NULL;1;0;0;0;0;NULL;0.00;0;15/09/2025;NULL;NULL;2026-08-18 13:38:05;2026-08-21 05:05:56;NWT
581;NULL;ENERGIA / BATERIAS / PILHAS;670;ADP P10 P/ RCA STEREO METAL;UNI ;DISPONÍVEL;produtos/670.png;NULL;670-bateria-2025-cart5-uni-green;1000;0;ativo;5;3,54;1,331;3,2;1,7710236775;NULL;9,75;21,33;NULL;1;0;0;0;0;NULL;0.00;0;25/06/2023;NULL;NULL;2026-08-18 13:38:05;2026-08-21 05:05:56;NWT
582;NULL;ENERGIA / BATERIAS / PILHAS;673;Chave Gangorra 2 polos VERMELHA;UNI;DISPONÍVEL;produtos/673.png;NULL;673-bateria-cr2450-cart-5-uni-gre;1000;0;ativo;5;0,7;0,2894;NULL;0,408092205;NULL;9,75;28,22;NULL;1;0;0;0;0;NULL;0.00;0;23/07/2024;NULL;NULL;2026-08-18 13:38:05;2026-08-21 05:05:56;NWT
583;NULL;ENERGIA / BATERIAS / PILHAS;674;Chave  gangorra KCD4 6 PINOS / LARANJA;UNI;DISPONÍVEL;produtos/674.png;NULL;674-bateria-lr41-cart-10-uni-gree;1000;0;ativo;5;2,5;1,1109;NULL;1,6348941675;NULL;9,75;20,03;NULL;1;0;0;0;0;NULL;0.00;0;03/09/2026;NULL;NULL;2026-08-18 13:38:05;2026-08-21 05:05:56;NWT
584;NULL;ENERGIA / BATERIAS / PILHAS;677;Conector RJ11 6P4C;UNI;DISPONÍVEL;produtos/677.png;NULL;677-bateria-lr44-cart-10-uni-gree;1000;0;ativo;5;0,13;0,0522;NULL;0,06870325;NULL;7,5;27,82;NULL;1;0;0;0;0;NULL;0.00;0;26/06/2024;NULL;NULL;2026-08-18 13:38:05;2026-08-21 05:05:56;NWT
585;NULL;ENERGIA / BATERIAS / PILHAS;680;P10 Mono profissional metal VERMELHO ;UNI;INDISPONIVEL;produtos/680.png;NULL;680-bateria-lr1130-cart-10-uni-gr;1000;0;ativo;5;3,85;1,7649;NULL;2,34612136;NULL;9,75;21,46;NULL;1;0;0;0;0;NULL;0.00;0;05/02/2026;NULL;NULL;2026-08-18 13:38:05;2026-08-21 05:05:56;NWT
586;NULL;DIVERSOS / ACESSORIOS;681;P10 Mono profissional metal AZUL  ;UNI;INDISPONIVEL;produtos/681.png;NULL;681-suporte-para-bateria-2-pilhas;1000;0;ativo;5;3,85;1,6792;4,45;2,24611716;NULL;9,75;21,82;NULL;1;0;0;0;0;NULL;0.00;0;15/09/2025;NULL;NULL;2026-08-18 13:38:05;2026-08-21 05:05:56;NWT
587;NULL;DIVERSOS / ACESSORIOS;683;CAPACITOR ELETROLITICO ELCO 33 x 400;PÇ;INDISPONIVEL;produtos/683.png;NULL;683-suporte-para-bateria-4-pilhas;1000;0;ativo;5;2,66;1,2948;NULL;1,766908485;NULL;6,5;28,61;NULL;1;0;0;0;0;NULL;0.00;0;30/09/2024;NULL;NULL;2026-08-18 13:38:05;2026-08-21 05:05:56;ATLAS
588;NULL;DIVERSOS / ACESSORIOS;684;CAPACITOR ELETROLITICO ELCO 3300 x 50v;PÇ;DISPONÍVEL;produtos/684.png;NULL;684-suporte-para-bateria-4-pilhas;1000;0;ativo;5;5,1049;1,727699;NULL;2,34101697;NULL;6,5;27,06;NULL;1;0;0;0;0;NULL;0.00;0;25/06/2024;NULL;NULL;2026-08-18 13:38:06;2026-08-21 05:05:56;ATLAS
589;NULL;DIVERSOS/ CLIP BATERIA;685;CAPACITOR ELETROLITICO ELCO 4700 x 35;PÇ;DISPONÍVEL;produtos/685.png;NULL;685-clip-p-bateria-vertical;1000;0;ativo;5;3,76496;1,5775;3,66;2,09294226;NULL;6,5;24,38;NULL;1;0;0;0;0;NULL;0.00;0;20/06/2023;NULL;NULL;2026-08-18 13:38:06;2026-08-21 05:05:56;ATLAS
590;NULL;CAPACITORES / MICROONDAS;689;GARRA DE JACARÉ 5,0CM, 5A VERMELHA SEMI ISOLADA;UNI;DISPONÍVEL;produtos/689.png;NULL;689-capacitor-de-alta-tensao-micr;1000;0;ativo;5;0,8;0,35;NULL;0,4057512375;NULL;9,75;5,63;NULL;1;0;0;0;0;NULL;0.00;0;15/01/2026;NULL;NULL;2026-08-18 13:38:06;2026-08-21 05:05:56;ALLSEMI
591;NULL;CAPACITORES / MICROONDAS;690;GARRA DE JACARÉ 5,0CM, 5A PRETA SEMI ISOLADA;UNI;DISPONÍVEL;produtos/690.png;NULL;690-capacitor-de-alta-tensao-micr;1000;0;ativo;5;0,8;0,35;NULL;0,4057512375;NULL;9,75;5,63;NULL;1;0;0;0;0;NULL;0.00;0;19/06/2023;NULL;NULL;2026-08-18 13:38:06;2026-08-21 05:05:56;ALLSEMI
592;NULL;CAPACITORES / MICROONDAS;691;FUSIVEL 3A 6X30 VIDRO CX 100 PÇS ;CX 100X;DISPONÍVEL;produtos/691.png;NULL;691-capacitor-de-alta-tensao-micr;1000;0;ativo;5;22;10;24;11,5928925;NULL;9,75;5,63;NULL;1;0;0;0;0;NULL;0.00;0;19/06/2023;NULL;NULL;2026-08-18 13:38:06;2026-08-21 05:05:56;ALLSEMI
593;NULL;CAPACITORES / MICROONDAS;692;FUSIVEL 5A 6X30 VIDRO CX 100 PÇS ;CX 100X;DISPONÍVEL;produtos/692.png;NULL;692-capacitor-de-alta-tensao-micr;1000;0;ativo;5;22;10;24;11,5928925;NULL;9,75;5,63;NULL;1;0;0;0;0;NULL;0.00;0;19/06/2023;NULL;NULL;2026-08-18 13:38:06;2026-08-21 05:05:56;ALLSEMI
594;NULL;CAPACITORES / MICROONDAS;693;FUSIVEL 8A 6X30 VIDRO CX 100 PÇS ;CX 100X;DISPONÍVEL;produtos/693.png;NULL;693-capacitor-de-alta-tensao-micr;1000;0;ativo;5;22;10;24;11,5928925;NULL;9,75;5,63;NULL;1;0;0;0;0;NULL;0.00;0;19/06/2023;NULL;NULL;2026-08-18 13:38:06;2026-08-21 05:05:56;ALLSEMI
595;NULL;CAPACITORES / MICROONDAS;694;FUSIVEL 10A 6X30 VIDRO CX 100 PÇS ;CX 100X;DISPONÍVEL;produtos/694.png;NULL;694-capacitor-de-alta-tensao-micr;1000;0;ativo;5;22;9;24;10,715112;NULL;9,75;8,48;NULL;1;0;0;0;0;NULL;0.00;0;26/07/2024;NULL;NULL;2026-08-18 13:38:06;2026-08-21 05:05:56;ALLSEMI
596;NULL;CONECTORES/MICRONDAS;695;FUSIVEL 9A 5X20 VIDRO CX 100 PÇS ;CX 100X;DISPONÍVEL;produtos/695.png;NULL;695-conector-magnetron-p-microond;1000;0;ativo;5;18;9;18;10,715112;NULL;9,75;8,48;NULL;1;0;0;0;0;NULL;0.00;0;26/07/2024;NULL;NULL;2026-08-18 13:38:06;2026-08-21 05:05:56;ALLSEMI
597;NULL;COMPONENTES / INDUTOR;696;FUSIVEL 20A 5X20 VIDRO CX 100 PÇS ;CX 100X;DISPONÍVEL;produtos/696.png;NULL;696-indutor-axial-22-mh-p-microo;1000;0;ativo;5;18;9;NULL;10,7447445;NULL;9,75;8,78;NULL;1;0;0;0;0;NULL;0.00;0;28/03/2024;NULL;NULL;2026-08-18 13:38:06;2026-08-21 05:05:56;ALLSEMI
598;NULL;COMPONENTES / INDUTOR;697;Chave On/ON MINI 6 POLOS;UNI;DISPONÍVEL;produtos/697.png;NULL;697-indutor-axial-22-uh;1000;0;ativo;5;3,95;1,15;3,5;1,57765625;NULL;9,75;25;NULL;1;0;0;0;0;NULL;0.00;0;24/07/2023;NULL;NULL;2026-08-18 13:38:06;2026-08-21 05:05:56;ALLSEMI
599;NULL;DIODOS /PONTE DIODO;698;RELE 5V 5 PINOS 10A;UNI;DISPONÍVEL;produtos/698.png;NULL;698-diodo-de-alta-tensao-para-mic;1000;0;ativo;5;2,8;1,2618;4,5;1,382598;NULL;0;9,73;NULL;1;0;0;0;0;NULL;0.00;0;05/02/2026;NULL;NULL;2026-08-18 13:38:06;2026-08-21 05:05:56;ASIA
600;NULL;DIODOS /PONTE DIODO;699;BATERIA LR1130 CART. 10 UNI GREEN;CART;INDISPONIVEL;produtos/699.png;NULL;699-diodo-duplo-de-alta-tensao-p;1000;0;ativo;5;5,7;2,541;5,5;3,25486014;NULL;9,75;16,76;NULL;1;0;0;0;0;NULL;0.00;0;15/09/2025;NULL;NULL;2026-08-18 13:38:06;2026-08-21 05:05:56;SANTANA
601;NULL;FUSIVEIS / VIDRO;701;TOP246PN;PÇ;DISPONÍVEL;produtos/701.png;NULL;701-fusivel-de-alta-tensao-5kv-08;1000;0;ativo;5;8,68;4,34;8,68;4,34;NULL;0;0;NULL;1;0;0;0;0;NULL;0.00;0;28/01/2025;NULL;NULL;2026-08-18 13:38:06;2026-08-21 05:05:56;2020111PYStore
602;NULL;CONECTORES/MICRONDAS;702;REG 7824;PÇ;DISPONÍVEL;produtos/702.png;NULL;702-mica-para-microondas-universal;1000;0;ativo;5;1,54;0,81;NULL;1,0368;NULL;0;28;NULL;1;0;0;0;0;NULL;0.00;0;12/09/2024;NULL;NULL;2026-08-18 13:38:06;2026-08-21 05:05:56;CX
603;NULL;AUDIO E VIDEO / MP3 BLUETOOTH;703;TL497;PÇ;DISPONÍVEL;produtos/703.png;NULL;703-decoder-mp3-com-bt-e-radio-s;1000;0;ativo;5;5,12;2,048;NULL;2,56127;NULL;0;24,94;NULL;1;0;0;0;0;NULL;0.00;0;27/06/2023;NULL;NULL;2026-08-18 13:38:06;2026-08-21 05:05:56;CX
604;NULL;AUDIO E VIDEO / MP3 BLUETOOTH;704;BT139-800E;PÇ;DISPONÍVEL;produtos/704.png;NULL;704-decoder-mp3-com-bt-e-radio-c;1000;0;ativo;5;2,2049;1,1876;2,55;1,486786;NULL;0;24,94;NULL;1;0;0;0;0;NULL;0.00;0;27/06/2023;NULL;NULL;2026-08-18 13:38:06;2026-08-21 05:05:56;CX
605;NULL;AUDIO E VIDEO / AMPLIFICADORES;705;KBPC 3510;UNI;EST.BAIXO;produtos/705.png;NULL;705-mini-amplificador-3w-5v;1000;0;ativo;5;6,85;3,61;6,7;4,510334;NULL;0;24,94;NULL;1;0;0;0;0;NULL;0.00;0;27/06/2023;NULL;NULL;2026-08-18 13:38:06;2026-08-21 05:05:56;CX
606;NULL;AUDIO E VIDEO / AMPLIFICADORES;706;ESPONJA VEGETAL P/ LIMPEZA DE BICO DE SOLDA;UNI;DISPONÍVEL;produtos/706.png;NULL;706-mini-amplificador-30w-12v-151;1000;0;ativo;5;8;0,17924;9;0,18;NULL;0;0;NULL;1;0;0;0;0;NULL;0.00;0;26/05/2023;NULL;NULL;2026-08-18 13:38:06;2026-08-21 05:05:56;ALI
607;NULL;AUDIO E VIDEO / AMPLIFICADORES;707;CONECTOR MAGNETRON P/ MICROONDAS;UNI;DISPONÍVEL;produtos/707.png;NULL;707-mini-amplificador-60w-mono-12;1000;0;ativo;5;10;3,95;NULL;4,523518275;NULL;6,5;7,53;NULL;1;0;0;0;0;NULL;0.00;0;17/11/2025;NULL;NULL;2026-08-18 13:38:06;2026-08-21 05:05:56;TF
608;NULL;AUDIO E VIDEO / AMPLIFICADORES;709;Pot Acel 200KB 3 PÍNOS L20 EIXO LONGO;UNI;INDISPONIVEL;produtos/709.png;NULL;709-amplificador-60w-stereo-12-19v;1000;0;ativo;5;1,6;0,68544;1,9;0,93370041;NULL;6,5;27,06;NULL;1;0;0;0;0;NULL;0.00;0;25/06/2024;NULL;NULL;2026-08-18 13:38:06;2026-08-21 05:05:56;ATLAS
609;NULL;AUDIO E VIDEO / AMPLIFICADORES;712;CAPACITOR ELETROLITICO ELCO 2200 x160;PÇ;DISPONÍVEL;produtos/712.png;NULL;712-modulo-5128-5w-mono-micro;1000;0;ativo;5;29,71;12,05;NULL;16,504842825;NULL;6,5;28,61;NULL;1;0;0;0;0;NULL;0.00;0;30/09/2024;NULL;NULL;2026-08-18 13:38:06;2026-08-21 05:05:56;ACP
610;NULL;AUDIO E VIDEO / MP3 BLUETOOTH;713;CAPACITOR ELETROLITICO ELCO 10 x 400;PÇ;EST.BAIXO;produtos/713.png;NULL;713-receptor-de-audio-bt-50-mp3;1000;0;ativo;5;0,8509;0,4204;NULL;0,55451781;NULL;6,5;23,97;NULL;1;0;0;0;0;NULL;0.00;0;04/09/2024;NULL;NULL;2026-08-18 13:38:06;2026-08-21 05:05:56;ACP
611;NULL;AUDIO E VIDEO / MP3 BLUETOOTH;714;CAPACITOR ELETROLITICO ELCO 330 X 250;PÇ;DISPONÍVEL;produtos/714.png;NULL;714-b12125-1w-filtro-de-ruido;1000;0;ativo;5;7,5;7,168;15;9,55117134;NULL;6,5;25,08;NULL;1;0;0;0;0;NULL;0.00;0;02/01/2024;NULL;NULL;2026-08-18 13:38:06;2026-08-21 05:05:56;ACP
612;NULL;ACESSÓRIOS / TWEETER;715;BT151-500R;PÇ;INDISPONIVEL;produtos/715.png;NULL;715-tweeter-tipo-leson;1000;0;ativo;5;;0,7686;1,45;0,962038;NULL;0;24,94;NULL;1;0;0;0;0;NULL;0.00;0;27/06/2023;NULL;NULL;2026-08-18 13:38:06;2026-08-21 05:05:56;CX
613;NULL;AUDIO E VIDEO / CAPSULAS;716;Pot Acel 1KB 3 PINOS L20 EIXO LONGO ;UNI;DISPONÍVEL;produtos/716.png;NULL;716-capsula-mic-sm58;1000;0;ativo;5;1,6;0,7183;1,9;0,987255;NULL;6,5;28,75;NULL;1;0;0;0;0;NULL;0.00;0;04/09/2024;NULL;NULL;2026-08-18 13:38:06;2026-08-21 05:05:56;ATLAS
614;NULL;AUDIO E VIDEO / CAPSULAS;717;CAPACITOR ELETROLITICO ELCO 4,7 x 160;PÇ;DISPONÍVEL;produtos/717.png;NULL;717-capsula-mic-modelo-cd-58b-mxt;1000;0;ativo;5;0,3649;0,144;NULL;0,17894982;NULL;6,5;20,02;NULL;1;0;0;0;0;NULL;0.00;0;17/07/2023;NULL;NULL;2026-08-18 13:38:06;2026-08-21 05:05:56;SANTANA
615;NULL;AUDIO E VIDEO / CAPSULAS;718;CAPACITOR ELETROLITICO ELCO 10 x 100;PÇ;DISPONÍVEL;produtos/718.png;NULL;718-eletreto-microfone;1000;0;ativo;5;0,2249;0,091;NULL;0,12251547;NULL;6,5;27,82;NULL;1;0;0;0;0;NULL;0.00;0;26/06/2024;NULL;NULL;2026-08-18 13:38:06;2026-08-21 05:05:56;NWT
616;NULL;AUDIO E VIDEO / CAPSULAS;719;CAPACITOR ELETROLITICO ELCO 10 x 160;PÇ;DISPONÍVEL;produtos/719.png;NULL;719-buzzer-continuo-5v-12mm-diamet;1000;0;ativo;5;0,5649;0,235;NULL;0,30677112;NULL;6,5;20,02;NULL;1;0;0;0;0;NULL;0.00;0;17/07/2023;NULL;NULL;2026-08-18 13:38:06;2026-08-21 05:05:56;SANTANA
617;NULL;AUDIO E VIDEO / CAPSULAS;720;CAPACITOR ELETROLITICO ELCO 22 X 160;PÇ;EST.BAIXO;produtos/720.png;NULL;720-buzzer-continuo-12v-12mm-diame;1000;0;ativo;5;0,89;0,3571;NULL;0,46694286;NULL;6,5;21,79;NULL;1;0;0;0;0;NULL;0.00;0;30/09/2024;NULL;NULL;2026-08-18 13:38:06;2026-08-21 05:05:56;SANTANA
618;NULL;AUDIO E VIDEO / CAPSULAS;721;CAPACITOR ELETROLITICO ELCO 33 x 25;PÇ;INDISPONIVEL;produtos/721.png;NULL;721-suporte-p-microfone-simples;1000;0;ativo;5;;0,0633;NULL;0,07782381;NULL;6,5;21,79;NULL;1;0;0;0;0;NULL;0.00;0;30/09/2024;NULL;NULL;2026-08-18 13:38:06;2026-08-21 05:05:56;SANTANA
619;NULL;AUDIO / SUPORTE;722;CAPACITOR ELETROLITICO ELCO 33 x 100;PÇ;DISPONÍVEL;produtos/722.png;NULL;722-suporte-p-microfone-com-rosca;1000;0;ativo;5;0,6249;0,29;NULL;0,374665935;NULL;6,5;21,31;NULL;1;0;0;0;0;NULL;0.00;0;16/04/2023;NULL;NULL;2026-08-18 13:38:06;2026-08-21 05:05:56;SANTANA
620;NULL;AUDIO / SUPORTE;723;CAPACITOR ELETROLITICO ELCO 3300 x 63v;PÇ;INDISPONIVEL;produtos/723.png;NULL;723-suporte-p-microfone-com-rosca;1000;0;ativo;5;;5,7551;NULL;7,16252544;NULL;6,5;16,76;NULL;1;0;0;0;0;NULL;0.00;0;15/09/2025;NULL;NULL;2026-08-18 13:38:06;2026-08-21 05:05:56;SANTANA
621;NULL;AUDIO / SUPORTE;724;Jack Usb PCI 180 GRAUS ;UNI;INDISPONIVEL;produtos/724.png;NULL;724-suporte-p-microfone-s-fio-co;1000;0;ativo;5;;0,98;NULL;1,27112223;NULL;6,5;21,79;NULL;1;0;0;0;0;NULL;0.00;0;30/09/2024;NULL;NULL;2026-08-18 13:38:06;2026-08-21 05:05:56;SANTANA
622;NULL;AUDIO / SUPORTE;725;Conector Usb PCI 90 GRAUS ;UNI;DISPONÍVEL;produtos/725.png;NULL;725-cantoneira-angular-de-2-pontas;1000;0;ativo;5;1,3;0,85;1,3;1,206207375;NULL;9,75;29,3;NULL;1;0;0;0;0;NULL;0.00;0;25/08/2025;NULL;NULL;2026-08-18 13:38:06;2026-08-21 05:05:56;DUALCOMP
623;NULL;AUDIO E VIDEO / ESPUMAS;727;TL431 SMD;PÇ;DISPONÍVEL;produtos/727.png;NULL;727-espuma-microfone-preta;1000;0;ativo;5;1,01;0,4082;NULL;0,50932578;NULL;2;21,79;NULL;1;0;0;0;0;NULL;0.00;0;30/09/2024;NULL;NULL;2026-08-18 13:38:06;2026-08-21 05:05:56;SANTANA
624;NULL;AUDIO E VIDEO / ESPUMAS;728;TDA9302H;PÇ;DISPONÍVEL;produtos/728.png;NULL;728-espuma-microfone-azul;1000;0;ativo;5;4,42;2,7;4,8;3,3053508;NULL;2;20,02;NULL;1;0;0;0;0;NULL;0.00;0;17/07/2023;NULL;NULL;2026-08-18 13:38:06;2026-08-21 05:05:56;SANTANA
625;NULL;AUDIO E VIDEO / ESPUMAS;729;Diodo 10A10;UNI;DISPONÍVEL;produtos/729.png;NULL;729-espuma-microfone-amarela;1000;0;ativo;5;0,95;0,3;NULL;0,41912;NULL;0;23,72;NULL;1;0;0;0;0;NULL;0.00;0;03/09/2026;NULL;NULL;2026-08-18 13:38:06;2026-08-21 05:05:56;ALLNETSYS
626;NULL;AUDIO E VIDEO / ESPUMAS;730;CAPACITOR ELETROLITICO ELCO 10 x 25;PÇ;INDISPONIVEL;produtos/730.png;NULL;730-espuma-microfone-vermelha;1000;0;ativo;5;0,1149;0,03963;NULL;0,05288364;NULL;6,5;24,14;NULL;1;0;0;0;0;NULL;0.00;0;17/07/2023;NULL;NULL;2026-08-18 13:38:06;2026-08-21 05:05:56;ACP
627;NULL;AUDIO E VIDEO / MEDIDORES;731;CAPACITOR ELETROLITICO ELCO 22 X 63;PÇ;DISPONÍVEL;produtos/731.png;NULL;731-voltimetro-digital-3-fios-verm;1000;0;ativo;5;0,1449;0,06305;NULL;0,07921683;NULL;6,5;23,97;NULL;1;0;0;0;0;NULL;0.00;0;04/09/2024;NULL;NULL;2026-08-18 13:38:06;2026-08-21 05:05:56;ACP
628;NULL;AUDIO E VIDEO / MEDIDORES;732;CAPACITOR ELETROLITICO ELCO 22 X 100;PÇ;DISPONÍVEL;produtos/732.png;NULL;732-voltimetro-digital-3-fios-azul;1000;0;ativo;5;0,2913;0,1458;NULL;0,1998153;NULL;6,5;25,08;NULL;1;0;0;0;0;NULL;0.00;0;02/01/2024;NULL;NULL;2026-08-18 13:38:06;2026-08-21 05:05:56;ACP
629;NULL;AUDIO E VIDEO / MEDIDORES;733;CAPACITOR ELETROLITICO ELCO 33 x 50;PÇ;DISPONÍVEL;produtos/733.png;NULL;733-voltimetro-amperimetro;1000;0;ativo;5;0,1749;0,0685;NULL;0,095163075;NULL;6,5;27,65;NULL;1;0;0;0;0;NULL;0.00;0;04/07/2024;NULL;NULL;2026-08-18 13:38:06;2026-08-21 05:05:56;ACP
630;NULL;DIVERSOS / CARREGADORES;734;CAPACITOR ELETROLITICO ELCO 33 x 450;PÇ;INDISPONIVEL;produtos/734.png;NULL;734-placa-bps-10a-12v-protecao-d;1000;0;ativo;5;3,7549;1,7174;NULL;2,35587798;NULL;6,5;28,61;NULL;1;0;0;0;0;NULL;0.00;0;30/09/2024;NULL;NULL;2026-08-18 13:38:06;2026-08-21 05:05:56;ACP
631;NULL;DIVERSOS / CARREGADORES;735;CAPACITOR ELETROLITICO ELCO 47 x 450;PÇ;DISPONÍVEL;produtos/735.png;NULL;735-modulo-de-alimentacao-ajust;1000;0;ativo;5;5,3549;2,2188;4,9;2,89674036;NULL;6,5;22,52;NULL;1;0;0;0;0;NULL;0.00;0;17/07/2023;NULL;NULL;2026-08-18 13:38:06;2026-08-21 05:05:56;ACP
632;NULL;DIVERSOS / CARREGADORES;736;CAPACITOR ELETROLITICO ELCO 100 x 250;PÇ;INDISPONIVEL;produtos/736.png;NULL;736-modulo-de-alimentacao-ajust;1000;0;ativo;5;2,7249;2;NULL;2,718945;NULL;6,5;27,65;NULL;1;0;0;0;0;NULL;0.00;0;04/07/2024;NULL;NULL;2026-08-18 13:38:06;2026-08-21 05:05:56;ACP
633;NULL;DIODOS /PONTE DIODO;737;CAPACITOR ELETROLITICO ELCO 220 x 100;PÇ;DISPONÍVEL;produtos/737.png;NULL;737-peltier-12706;1000;0;ativo;5;1,9549;0,83;NULL;1,072319745;NULL;6,5;21,31;NULL;1;0;0;0;0;NULL;0.00;0;16/04/2024;NULL;NULL;2026-08-18 13:38:06;2026-08-21 05:05:56;SANTANA
634;NULL;ENERGIA / FONTES;738;CAPACITOR ELETROLITICO ELCO 220 x 200;PÇ;INDISPONIVEL;produtos/738.png;NULL;738-fonte-12v-2-amp;1000;0;ativo;5;;1,933667;NULL;2,643514245;NULL;6,5;28,61;NULL;1;0;0;0;0;NULL;0.00;0;30/09/2024;NULL;NULL;2026-08-18 13:38:06;2026-08-21 05:05:56;ACP
635;NULL;ENERGIA / FONTES;739;CAPACITOR ELETROLITICO ELCO 220 x 250;PÇ;EST.BAIXO;produtos/739.png;NULL;739-fonte-9v-2-amp;1000;0;ativo;5;5,6449;2,7275;NULL;3,711359925;NULL;6,5;27,65;NULL;1;0;0;0;0;NULL;0.00;0;04/07/2024;NULL;NULL;2026-08-18 13:38:06;2026-08-21 05:05:56;ACP
636;NULL;ENERGIA / FONTES;740;CAPACITOR ELETROLITICO ELCO 470 x 63;PÇ;DISPONÍVEL;produtos/740.png;NULL;740-fonte-chaveada-12v-5a-bivolt-8;1000;0;ativo;5;1,05;0,47;NULL;0,550605;NULL;6,5;10;NULL;1;0;0;0;0;NULL;0.00;0;25/06/2026;NULL;NULL;2026-08-18 13:38:06;2026-08-21 05:05:56;ASIA
637;NULL;AUDIO E VIDEO / CONECTORES;741;CAPACITOR ELETROLITICO ELCO 470 x 100;PÇ;DISPONÍVEL;produtos/741.png;NULL;741-adaptador-bob-esponja-tomadas;1000;0;ativo;5;3,6049;1,4123;3,15;1,83982158;NULL;6,5;22,52;NULL;1;0;0;0;0;NULL;0.00;0;29/10/2023;NULL;NULL;2026-08-18 13:38:06;2026-08-21 05:05:56;ACP
638;NULL;ACESSÓRIOS / ISOLAMENTO;742;CAPACITOR ELETROLITICO ELCO 470 x 200;PÇ;INDISPONIVEL;produtos/742.png;NULL;742-fita-isolamte-5m-preta-pco-10x;1000;0;ativo;5;;4,269;10,4;5,64532857;NULL;6,5;24,14;NULL;1;0;0;0;0;NULL;0.00;0;17/07/2023;NULL;NULL;2026-08-18 13:38:06;2026-08-21 05:05:56;ACP
639;NULL;DIVERSOS/ABRAÇADEIRA;743;CAPACITOR ELETROLITICO ELCO 470 x 250;PÇ;DISPONÍVEL;produtos/743.png;NULL;743-abracadeira-de-nylon-36-100m;1000;0;ativo;5;14,6;5,8995;14;7,8003369;NULL;6,5;24,14;NULL;1;0;0;0;0;NULL;0.00;0;17/07/2023;NULL;NULL;2026-08-18 13:38:06;2026-08-21 05:05:56;ACP
640;NULL;DIVERSOS/ABRAÇADEIRA;744;CAPACITOR ELETROLITICO ELCO 470 x 400;PÇ;INDISPONIVEL;produtos/744.png;NULL;744-abracadeira-de-nylon-36-150m;1000;0;ativo;5;26,3549;12,658;25;17,09901378;NULL;6,5;26,82;NULL;1;0;0;0;0;NULL;0.00;0;13/10/2025;NULL;NULL;2026-08-18 13:38:06;2026-08-21 05:05:56;ACP
641;NULL;DIVERSOS/ABRAÇADEIRA;745;CAPACITOR ELETROLITICO ELCO 1000 x 10;PÇ;DISPONÍVEL;produtos/745.png;NULL;745-abracadeira-de-nylon-36-300m;1000;0;ativo;5;0,3126;0,1597;0,39;0,20877408;NULL;6,5;22,52;NULL;1;0;0;0;0;NULL;0.00;0;29/10/2023;NULL;NULL;2026-08-18 13:38:06;2026-08-21 05:05:56;ACP
642;NULL;DIVERSOS/ABRAÇADEIRA;746;CAPACITOR ELETROLITICO ELCO 1000 x 100;PÇ;INDISPONIVEL;produtos/746.png;NULL;746-abracadeira-de-nylon-36-100m;1000;0;ativo;5;8,5349;3,5715;8,5;4,71986487;NULL;6,5;24,14;NULL;1;0;0;0;0;NULL;0.00;0;17/07/2023;NULL;NULL;2026-08-18 13:38:06;2026-08-21 05:05:56;ACP
643;NULL;DIVERSOS/ABRAÇADEIRA;747;CAPACITOR ELETROLITICO ELCO 1500 x 200;PÇ;DISPONÍVEL;produtos/747.png;NULL;747-abracadeira-de-nylon-36-150m;1000;0;ativo;5;29,49;12,281;NULL;16,6943223;NULL;6,5;27,65;NULL;1;0;0;0;0;NULL;0.00;0;04/07/2024;NULL;NULL;2026-08-18 13:38:06;2026-08-21 05:05:56;ACP
644;NULL;DIVERSOS/ABRAÇADEIRA;748;CAPACITOR ELETROLITICO ELCO 2200 x 10;PÇ;DISPONÍVEL;produtos/748.png;NULL;748-abracadeira-de-nylon-36-300m;1000;0;ativo;5;0,7349;0,2815;0,65;0,37018548;NULL;6,5;24,14;NULL;1;0;0;0;0;NULL;0.00;0;17/07/2023;NULL;NULL;2026-08-18 13:38:06;2026-08-21 05:05:56;ACP
645;NULL;DIVERSOS/FIXA CABO;749;CAPACITOR ELETROLITICO ELCO 3300 x 35v;PÇ;DISPONÍVEL;produtos/749.png;NULL;749-fixa-cabo-7mm-pco-100-pc-pret;1000;0;ativo;5;3,89;2,0316;NULL;2,7802677;NULL;6,5;28,6;NULL;1;0;0;0;0;NULL;0.00;0;30/09/2024;NULL;NULL;2026-08-18 13:38:06;2026-08-21 05:05:56;ACP
646;NULL;DIVERSOS / CARREGADORES;750;CAPACITOR ELETROLITICO ELCO 4700 x 16;PÇ;DISPONÍVEL;produtos/750.png;NULL;750-controle-e-receptor-pix-para-f;1000;0;ativo;5;1,7849;0,743;NULL;0,97834734;NULL;6,5;24,14;NULL;1;0;0;0;0;NULL;0.00;0;17/07/2023;NULL;NULL;2026-08-18 13:38:06;2026-08-21 05:05:56;ACP
647;NULL;EMENDAS / FITA LED;751;IRF9540 IOR;PÇ;DISPONÍVEL;produtos/751.png;NULL;751-emenda-rapida-rabicho-fita-led;1000;0;ativo;5;4,8;2,3702;4,6;2,941472412;NULL;1,3;22,52;NULL;1;0;0;0;0;NULL;0.00;0;29/10/2023;NULL;NULL;2026-08-18 13:38:06;2026-08-21 05:05:56;ACP
648;NULL;EMENDAS / FITA LED;753;CAPACITOR ELETROLITICO ELCO 1000 x 250;PÇ;DISPONÍVEL;produtos/753.png;NULL;753-conector-femea-emenda-rabicho;1000;0;ativo;5;24,31;10,228;NULL;13,506469515;NULL;6,5;23,97;NULL;1;0;0;0;0;NULL;0.00;0;04/09/2024;NULL;NULL;2026-08-18 13:38:06;2026-08-21 05:05:56;ACP
649;NULL;EMENDAS / FITA LED;754;CAPACITOR ELETROLITICO ELCO 10000 x 80V;PÇ;DISPONÍVEL;produtos/754.png;NULL;754-emenda-rap-p-fita-de-led-col;1000;0;ativo;5;46;18,8935;NULL;25,849425465;NULL;6,5;28,49;NULL;1;0;0;0;0;NULL;0.00;0;21/03/2024;NULL;NULL;2026-08-18 13:38:06;2026-08-21 05:05:56;ACP
650;NULL;EMENDAS / FITA LED;755;2SC2336;PC;INDISPONIVEL;produtos/755.png;NULL;755-emenda-rap-p-fita-de-led-col;1000;0;ativo;5;3,8049;2,07;4,47;2,54536308;NULL;7;14,92;NULL;1;0;0;0;0;NULL;0.00;0;08/10/2023;NULL;NULL;2026-08-18 13:38:06;2026-08-21 05:05:56;SANTANA
651;NULL;EMENDAS / FITA LED;756;2SA1006;PC;INDISPONIVEL;produtos/756.png;NULL;756-emenda-rap-p-fita-de-led-rgb;1000;0;ativo;5;4,3049;2,23;NULL;2,710336202;NULL;1,3;19,98;NULL;1;0;0;0;0;NULL;0.00;0;30/06/2025;NULL;NULL;2026-08-18 13:38:06;2026-08-21 05:05:56;SANTANA
652;NULL;EMENDAS / FITA LED;757;G1084-33 SMD 3.3V;PÇ;DISPONÍVEL;produtos/757.png;NULL;757-emenda-rap-p-fita-de-led-rgb;1000;0;ativo;5;5,22;2,61;NULL;2,61;NULL;0;0;NULL;1;0;0;0;0;NULL;0.00;0;27/11/2025;NULL;NULL;2026-08-18 13:38:06;2026-08-21 05:05:56;ALI
653;NULL;EMENDAS / FITA LED;758;BT151-800R;PÇ;DISPONÍVEL;produtos/758.png;NULL;758-emenda-fita-de-led-rgb-4-vias;1000;0;ativo;5;1,82;0,7999;1,4;0,87784;NULL;0;9,73;NULL;1;0;0;0;0;NULL;0.00;0;05/02/2026;NULL;NULL;2026-08-18 13:38:06;2026-08-21 05:05:56;ASIA
654;NULL;EMENDAS / FITA LED;759;IRF1405 IOR;PÇ;DISPONÍVEL;produtos/759.png;NULL;759-emenda-fita-de-led-rgb-2-vias;1000;0;ativo;5;7;6,02;NULL;7,178871672;NULL;1,3;17,72;NULL;1;0;0;0;0;NULL;0.00;0;28/05/2024;NULL;NULL;2026-08-18 13:38:06;2026-08-21 05:05:56;SANTANA
655;NULL;EMENDAS / FITA LED;760;ULN2003;PÇ;DISPONÍVEL;produtos/760.png;NULL;760-conector-aranha-p-fita-led-4;1000;0;ativo;5;1,3;;NULL;0;NULL;NULL;NULL;NULL;1;0;0;0;0;NULL;0.00;0;17/07/2023;NULL;NULL;2026-08-18 13:38:06;2026-08-21 05:05:56;ALI
656;NULL;DIVERSOS / RELE;761;STRW6052;PÇ;DISPONÍVEL;produtos/761.png;NULL;761-rele-5v-5-pinos-10a;1000;0;ativo;5;9,75;4,87;4,5;4,87;NULL;NULL;NULL;NULL;1;0;0;0;0;NULL;0.00;0;29/10/2023;NULL;NULL;2026-08-18 13:38:06;2026-08-21 05:05:56;ALI
657;NULL;DIVERSOS / RELE;762;NE555 SMD;PÇ;DISPONÍVEL;produtos/762.png;NULL;762-rele-12v-5-pinos-10a;1000;0;ativo;5;0,75;;0,65;0;NULL;NULL;NULL;NULL;1;0;0;0;0;NULL;0.00;0;17/07/2023;NULL;NULL;2026-08-18 13:38:06;2026-08-21 05:05:56;ALI
658;NULL;DIVERSOS / RELE;763;TOP253PN ;PÇ;DISPONÍVEL;produtos/763.png;NULL;763-rele-12v-5-pinos-mini;1000;0;ativo;5;8,95;2,34;8,68;2,34;NULL;0;0;NULL;1;0;0;0;0;NULL;0.00;0;23/02/2026;NULL;NULL;2026-08-18 13:38:06;2026-08-21 05:05:56;ALIE
659;NULL;DIVERSOS / RELE;764;VIPER12A;PÇ;INDISPONIVEL;produtos/764.png;NULL;764-rele-24v-5-pinos;1000;0;ativo;5;;;1,15;0;NULL;NULL;NULL;NULL;1;0;0;0;0;NULL;0.00;0;;NULL;NULL;2026-08-18 13:38:06;2026-08-21 05:05:56;
660;NULL;DIVERSOS / RELE;765;GT30J127 ISOLADO;PÇ;DISPONÍVEL;produtos/765.png;NULL;765-rele-28v-5-pinos;1000;0;ativo;5;8,01063;6,47;NULL;8,016331941;NULL;1,3;22,31;NULL;1;0;0;0;0;NULL;0.00;0;16/04/2024;NULL;NULL;2026-08-18 13:38:06;2026-08-21 05:05:56;SANTANA
661;NULL;DIVERSOS / RELE;766;MOC3052;PÇ;DISPONÍVEL;produtos/766.png;NULL;766-rele-p-microondas-12v-20a;1000;0;ativo;5;3,95;;NULL;0;NULL;NULL;NULL;NULL;1;0;0;0;0;NULL;0.00;0;;NULL;NULL;2026-08-18 13:38:06;2026-08-21 05:05:56;
662;NULL;DIODOS /PONTE DIODO;767;LM3915;PÇ;DISPONÍVEL;produtos/767.png;NULL;767-diodo-mur120;1000;0;ativo;5;6,75;;NULL;0;NULL;NULL;NULL;NULL;1;0;0;0;0;NULL;0.00;0;17/07/2023;NULL;NULL;2026-08-18 13:38:06;2026-08-21 05:05:56;ALI
663;NULL;DIODOS /PONTE DIODO;768;IRFP064N GRANDE;PÇ;DISPONÍVEL;produtos/768.png;NULL;768-diodo-mur160;1000;0;ativo;5;14,8;7,55;14,9;7,55;NULL;NULL;NULL;NULL;1;0;0;0;0;NULL;0.00;0;17/07/2023;NULL;NULL;2026-08-18 13:38:06;2026-08-21 05:05:56;ALI
664;NULL;DIODOS /PONTE DIODO;769;2SA1930  ISOLADO;PC;INDISPONIVEL;produtos/769.png;NULL;769-diodo-mur460;1000;0;ativo;5;;1,7245;4,8;2,034379536;NULL;1,3;16,76;NULL;1;0;0;0;0;NULL;0.00;0;15/09/2025;NULL;NULL;2026-08-18 13:38:06;2026-08-21 05:05:56;SANTANA
665;NULL;DIODOS /PONTE DIODO;770;2SC5171 ISOLADO ;PC;INDISPONIVEL;produtos/770.png;NULL;770-diodo-sb160;1000;0;ativo;5;;1,949;NULL;2,30641866;NULL;1,3;16,76;NULL;1;0;0;0;0;NULL;0.00;0;15/09/2025;NULL;NULL;2026-08-18 13:38:06;2026-08-21 05:05:56;SANTANA
666;NULL;DIODOS /PONTE DIODO;772;JACK J2 STEREO P/ PAINEL METAL ;UNI;DISPONÍVEL;produtos/772.png;NULL;772-diodo-sb3200;1000;0;ativo;5;2,6;1;2,4;1;NULL;NULL;NULL;NULL;1;0;0;0;0;NULL;0.00;0;17/07/2023;NULL;NULL;2026-08-18 13:38:06;2026-08-21 05:05:56;ALI
667;NULL;DIODOS /PONTE DIODO;774;IR2010 SMD;PÇ;DISPONÍVEL;produtos/774.png;NULL;774-diodo-sb5200;1000;0;ativo;5;10,95;9,96;NULL;11,454;NULL;0;15;NULL;1;0;0;0;0;NULL;0.00;0;23/04/2025;NULL;NULL;2026-08-18 13:38:06;2026-08-21 05:05:56;TF
668;NULL;DIODOS /PONTE DIODO;775;IR2153;PÇ;DISPONÍVEL;produtos/775.png;NULL;775-mur1520-2-terminais;1000;0;ativo;5;10,95;4,35;NULL;4,35;NULL;0;0;NULL;1;0;0;0;0;NULL;0.00;0;23/02/2026;NULL;NULL;2026-08-18 13:38:06;2026-08-21 05:05:56;ALI
669;NULL;DIODOS /PONTE DIODO;776;Voltimetro Digital 3 FIOS AZUL;UNI;DISPONÍVEL;produtos/776.png;NULL;776-mur1540-2-terminais;1000;0;ativo;5;13;6,8392;NULL;8,7232572;NULL;5;21,46;NULL;1;0;0;0;0;NULL;0.00;0;05/02/2026;NULL;NULL;2026-08-18 13:38:06;2026-08-21 05:05:56;NWT
670;NULL;DIODOS /PONTE DIODO;777;Pot Acel 10KA 3 PINOS L20 EIXO LONGO;UNI;DISPONÍVEL;produtos/777.png;NULL;777-mur1560-2-terminais;1000;0;ativo;5;1,6;0,74178;1,9;1,02453;NULL;6,5;30;NULL;1;0;0;0;0;NULL;0.00;0;30/06/2025;NULL;NULL;2026-08-18 13:38:06;2026-08-21 05:05:56;ATLAS
671;NULL;DIODOS /PONTE DIODO;779;KNOB deslizante Pequeno ( ciclotron / Behringer etc PT / CINZA / VERMELHO / BRANCO ;UNI;DISPONÍVEL;produtos/779.png;NULL;779-mur1620;1000;0;ativo;5;1,6;0,63;1,6;0,796257;NULL;0;26,39;NULL;1;0;0;0;0;NULL;0.00;0;12/02/2025;NULL;NULL;2026-08-18 13:38:06;2026-08-21 05:05:56;ADELMETAL
672;NULL;DIODOS /PONTE DIODO;780;4UF X 450;PÇ;DISPONÍVEL;produtos/780.png;NULL;780-mur1660;1000;0;ativo;5;4,4;2,3053;NULL;2,669930505;NULL;6,5;20,03;NULL;1;0;0;0;0;NULL;0.00;0;02/09/2026;NULL;NULL;2026-08-18 13:38:06;2026-08-21 05:05:56;NWT
673;NULL;DIODOS /PONTE DIODO;781;12UF X 250V;PÇ;INDISPONIVEL;produtos/781.png;NULL;781-diodo-6a10;1000;0;ativo;5;;3,1;6,7;3,63165;NULL;6,5;10;NULL;1;0;0;0;0;NULL;0.00;0;24/07/2023;NULL;NULL;2026-08-18 13:38:06;2026-08-21 05:05:56;ALLSEMI
674;NULL;DIODOS /PONTE DIODO;783;FUSIVEL 0,25A 5X20 VIDRO CX 100 PÇS ;CX 100X;DISPONÍVEL;produtos/783.png;NULL;783-diodo-10a10;1000;0;ativo;5;18;9;NULL;10,4879295;NULL;9,75;6,18;NULL;1;0;0;0;0;NULL;0.00;0;15/09/2025;NULL;NULL;2026-08-18 13:38:06;2026-08-21 05:05:56;ALLSEMI
675;NULL;DIODOS /PONTE DIODO;784;FUSIVEL 1,5A 5X20 VIDRO CX 100 PÇS ;CX 100X;DISPONÍVEL;produtos/784.png;NULL;784-diodo-20a10;1000;0;ativo;5;18;9;19;10,584729;NULL;9,75;7,16;NULL;1;0;0;0;0;NULL;0.00;0;15/01/2026;NULL;NULL;2026-08-18 13:38:06;2026-08-21 05:05:56;ALLSEMI
676;NULL;DIODOS /PONTE DIODO;785;FUSIVEL 8A 5X20 VIDRO CX 100 PÇS ;CX 100X;DISPONÍVEL;produtos/785.png;NULL;785-diodo-4007-fitado-grande;1000;0;ativo;5;18;9;18;10,715112;NULL;9,75;8,48;NULL;1;0;0;0;0;NULL;0.00;0;26/07/2024;NULL;NULL;2026-08-18 13:38:06;2026-08-21 05:05:56;ALLSEMI
677;NULL;DIODOS /PONTE DIODO;786;FUSIVEL 12A 5X20 VIDRO CX 100 PÇS ;CX 100X;DISPONÍVEL;produtos/786.png;NULL;786-diodo-1n4148;1000;0;ativo;5;18;9;18;12,3525;NULL;9,8;25;NULL;1;0;0;0;0;NULL;0.00;0;24/07/2023;NULL;NULL;2026-08-18 13:38:06;2026-08-21 05:05:56;ALLSEMI
678;NULL;DIODOS /PONTE DIODO;787;FUSIVEL 15A 5X20 VIDRO CX 100 PÇS ;CX 100X;DISPONÍVEL;produtos/787.png;NULL;787-1n4937;1000;0;ativo;5;18;9;NULL;10,4879295;NULL;9,75;6,18;NULL;1;0;0;0;0;NULL;0.00;0;15/09/2025;NULL;NULL;2026-08-18 13:38:06;2026-08-21 05:05:56;ALLSEMI
679;NULL;DIODOS /PONTE DIODO;788;FUSIVEL 1A 6X30 VIDRO CX 100 PÇS ;CX 100X;DISPONÍVEL;produtos/788.png;NULL;788-diodo-1n5408;1000;0;ativo;5;22;10;24;13,725;NULL;9,8;25;NULL;1;0;0;0;0;NULL;0.00;0;24/07/2023;NULL;NULL;2026-08-18 13:38:06;2026-08-21 05:05:56;ALLSEMI
680;NULL;DIODOS /PONTE DIODO;789;FUSIVEL 2A 6X30 VIDRO CX 100 PÇS ;CX 100X;DISPONÍVEL;produtos/789.png;NULL;789-diodo-1n5822;1000;0;ativo;5;22;10;24;13,725;NULL;9,8;25;NULL;1;0;0;0;0;NULL;0.00;0;24/07/2023;NULL;NULL;2026-08-18 13:38:06;2026-08-21 05:05:56;ALLSEMI
681;NULL;DIODOS /PONTE DIODO;790;FUSIVEL 4A 6X30 VIDRO CX 100 PÇS ;CX 100X;DISPONÍVEL;produtos/790.png;NULL;790-zener-5v1-1w;1000;0;ativo;5;22;10;24;13,725;NULL;9,8;25;NULL;1;0;0;0;0;NULL;0.00;0;24/07/2023;NULL;NULL;2026-08-18 13:38:06;2026-08-21 05:05:56;ALLSEMI
682;NULL;DIODOS /PONTE DIODO;791;FUSIVEL 9A 6X30 VIDRO CX 100 PÇS ;CX 100X;DISPONÍVEL;produtos/791.png;NULL;791-zener-5v6-1w;1000;0;ativo;5;22;10;24;13,725;NULL;9,8;25;NULL;1;0;0;0;0;NULL;0.00;0;19/06/2023;NULL;NULL;2026-08-18 13:38:06;2026-08-21 05:05:56;ALLSEMI
683;NULL;DIODOS /PONTE DIODO;792;TOP245YN;PÇ;DISPONÍVEL;produtos/792.png;NULL;792-zener-9v1-1w;1000;0;ativo;5;13,25;4,58;11,35;4,58;NULL;0;0;NULL;1;0;0;0;0;NULL;0.00;0;23/02/2026;NULL;NULL;2026-08-18 13:38:06;2026-08-21 05:05:56;ALIE
684;NULL;DIODOS /PONTE DIODO;793;Chave toque quadrada 4 term 6x6x14,0mm;UNI;INDISPONIVEL;produtos/793.png;NULL;793-zener-10v-1w;1000;0;ativo;5;;;NULL;0;NULL;NULL;NULL;NULL;1;0;0;0;0;NULL;0.00;0;;NULL;NULL;2026-08-18 13:38:06;2026-08-21 05:05:56;
685;NULL;DIODOS /PONTE DIODO;794;Chave toque quadrada 4 term 90 GRAUS  6x6x5mm;UNI;DISPONÍVEL;produtos/794.png;NULL;794-zener-12v-1w;1000;0;ativo;5;0,35;;16;0;NULL;NULL;NULL;NULL;1;0;0;0;0;NULL;0.00;0;;NULL;NULL;2026-08-18 13:38:06;2026-08-21 05:05:56;
686;NULL;DIODOS /PONTE DIODO;795;JACK J10 STEREO/ C/ TRAVA P/ CABO;UNI;DISPONÍVEL;produtos/795.png;NULL;795-zener-13v-1w;1000;0;ativo;5;9,6;4,1329;NULL;5,821721675;NULL;9,75;20,03;NULL;1;0;0;0;0;NULL;0.00;0;03/09/2026;NULL;NULL;2026-08-18 13:38:06;2026-08-21 05:05:56;NWT
687;NULL;DIODOS /PONTE DIODO;796;FITA ISOLAMTE 5M PRETA PCO 10X;PCO 10X;DISPONÍVEL;produtos/796.png;NULL;796-zener-15v-1w;1000;0;ativo;5;25;7;24;8,2978;NULL;0;18,54;NULL;1;0;0;0;0;NULL;0.00;0;02/01/2024;NULL;NULL;2026-08-18 13:38:06;2026-08-21 05:05:56;FBG
688;NULL;DIODOS /PONTE DIODO;798;CHICOTE PIONEER MODELO PL16-04 ;UNI;DISPONÍVEL;produtos/798.png;NULL;798-zener-24v-1w;1000;0;ativo;5;10;4,15;10;5,64252675;NULL;5;29,49;NULL;1;0;0;0;0;NULL;0.00;0;28/07/2024;NULL;NULL;2026-08-18 13:38:06;2026-08-21 05:05:56;MXT
689;NULL;DIODOS /PONTE DIODO;800;CAPSULA MIC MODELO CD-58B MXT;UNI;INDISPONIVEL;produtos/800.png;NULL;800-zener-27v-1w;1000;0;ativo;5;15,4;5,719;15;8,554689;NULL;15;30,05;NULL;1;0;0;0;0;NULL;0.00;0;30/06/2025;NULL;NULL;2026-08-18 13:38:06;2026-08-21 05:05:56;NWT
690;NULL;DIODOS /PONTE DIODO;801;INDUTOR AXIAL 2,2 mH P/ MICROONDAS;UNI;INDISPONIVEL;produtos/801.png;NULL;801-zener-30v-1w;1000;0;ativo;5;1,9;;1,2;0;NULL;NULL;NULL;NULL;1;0;0;0;0;NULL;0.00;0;;NULL;NULL;2026-08-18 13:38:06;2026-08-21 05:05:56;
691;NULL;DIODOS /PONTE DIODO;802;CHAVE DE TOQUE SMD 2X2X100MM SMD (TABLET);UNI;DISPONÍVEL;produtos/802.png;NULL;802-zener-33v-1w;1000;0;ativo;5;0,65;;11;0;NULL;NULL;NULL;NULL;1;0;0;0;0;NULL;0.00;0;;NULL;NULL;2026-08-18 13:38:06;2026-08-21 05:05:56;
692;NULL;DIODOS /PONTE DIODO;803;LM2596-12 SMD         TO-263;PÇ;DISPONÍVEL;produtos/803.png;NULL;803-kbpc-2510;1000;0;ativo;5;3;;3;0;NULL;NULL;NULL;NULL;1;0;0;0;0;NULL;0.00;0;;NULL;NULL;2026-08-18 13:38:06;2026-08-21 05:05:56;
693;NULL;DIODOS /PONTE DIODO;804;TPS54260 SMD;PÇ;INDISPONIVEL;produtos/804.png;NULL;804-kbpc-3510;1000;0;ativo;5;9,87;2,93;NULL;2,93;NULL;0;0;NULL;1;0;0;0;0;NULL;0.00;0;23/02/2026;NULL;NULL;2026-08-18 13:38:06;2026-08-21 05:05:56;alie
694;NULL;DIODOS /PONTE DIODO;805;STI3470 SMD;PÇ;DISPONÍVEL;produtos/805.png;NULL;805-kbpc-5010;1000;0;ativo;5;4,28;;1,55;0;NULL;NULL;NULL;NULL;1;0;0;0;0;NULL;0.00;0;;NULL;NULL;2026-08-18 13:38:06;2026-08-21 05:05:56;
695;NULL;DIODOS /PONTE DIODO;806;STI3408B SMD;PÇ;DISPONÍVEL;produtos/806.png;NULL;806-kbj1008;1000;0;ativo;5;4,25;;1,1;0;NULL;NULL;NULL;NULL;1;0;0;0;0;NULL;0.00;0;;NULL;NULL;2026-08-18 13:38:06;2026-08-21 05:05:56;
696;NULL;DIODOS /PONTE DIODO;807;LM1117 - ADJ;PÇ;DISPONÍVEL;produtos/807.png;NULL;807-ponte-retificadora-2w10-2a-100;1000;0;ativo;5;1,85;;1,85;0;NULL;NULL;NULL;NULL;1;0;0;0;0;NULL;0.00;0;;NULL;NULL;2026-08-18 13:38:06;2026-08-21 05:05:56;
697;NULL;DIVERSOS / COMPONENTES;808;FAN6755 SMD;PÇ;DISPONÍVEL;produtos/808.png;NULL;808-ntc-10k-3mm-3-medidor-de-te;1000;0;ativo;5;8,97;;8,97;0;NULL;NULL;NULL;NULL;1;0;0;0;0;NULL;0.00;0;29/10/2023;NULL;NULL;2026-08-18 13:38:06;2026-08-21 05:05:56;ALI
698;NULL;DIVERSOS / COMPONENTES;809;TL081 SMD;PÇ;INDISPONIVEL;produtos/809.png;NULL;809-ntc-20r-diametro-9mm-kemin;1000;0;ativo;5;;0,569;1,82;0,912;NULL;0;60;NULL;1;0;0;0;0;NULL;0.00;0;06/08/2025;NULL;NULL;2026-08-18 13:38:06;2026-08-21 05:05:56;ALI
699;NULL;DIODOS /PONTE DIODO;810;TL071 SMD;PÇ;INDISPONIVEL;produtos/810.png;NULL;810-diodo-diac-db-3-pth-fitado;1000;0;ativo;5;1,85;;1,5;0;NULL;NULL;NULL;NULL;1;0;0;0;0;NULL;0.00;0;;NULL;NULL;2026-08-18 13:38:06;2026-08-21 05:05:56;
700;NULL;DIVERSOS / COMPONENTES;811;ULN2003 SMD;PÇ;DISPONÍVEL;produtos/811.png;NULL;811-cristal-oscilador-dt38-32768;1000;0;ativo;5;1,2;0,72;NULL;0,9216;NULL;0;28;NULL;1;0;0;0;0;NULL;0.00;0;15/06/2024;NULL;NULL;2026-08-18 13:38:06;2026-08-21 05:05:56;CX
701;NULL;DIVERSOS / COMPONENTES;812;TL082 SMD;PÇ;DISPONÍVEL;produtos/812.png;NULL;812-cristal-oscilador-hc49s-4000;1000;0;ativo;5;1,37;0,38;1,95;0,684;NULL;0;80;NULL;1;0;0;0;0;NULL;0.00;0;16/10/2025;NULL;NULL;2026-08-18 13:38:06;2026-08-21 05:05:56;ALIE
702;NULL;DIVERSOS / COMPONENTES;813;LM2940-12;PÇ;DISPONÍVEL;produtos/813.png;NULL;813-cristal-oscilador-hc49s-8000;1000;0;ativo;5;2,45;;2,45;0;NULL;NULL;NULL;NULL;1;0;0;0;0;NULL;0.00;0;;NULL;NULL;2026-08-18 13:38:06;2026-08-21 05:05:56;
703;NULL;DIVERSOS / COMPONENTES;815;Chave comutadora tactil 180 graus 12x12x4,3mm;UNI;DISPONÍVEL;produtos/815.png;NULL;815-cristal-oscilador-hc49s-16000;1000;0;ativo;5;0,3;0,1367;NULL;0,19639543;NULL;9,75;27,82;NULL;1;0;0;0;0;NULL;0.00;0;26/06/2024;NULL;NULL;2026-08-18 13:38:06;2026-08-21 05:05:56;NWT
704;NULL;DIVERSOS / COMPONENTES;816;Pot Acel 200KB 3 PÍNOS L15 EIXO CURTO;UNI;DISPONÍVEL;produtos/816.png;NULL;816-cristal-oscilador-hc49s-16000;1000;0;ativo;5;1,6;0,7512;1,9;0,949474125;NULL;6,5;18,87;NULL;1;0;0;0;0;NULL;0.00;0;15/12/2025;NULL;NULL;2026-08-18 13:38:06;2026-08-21 05:05:56;ATLAS
705;NULL;CAPACITORES / PARTIDA;818;TERMINAL GARFO ISOLADO 2,5 MM;UNI;INDISPONIVEL;produtos/818.png;NULL;818-12uf-x-450v;1000;0;ativo;5;;;NULL;0;NULL;NULL;NULL;NULL;1;0;0;0;0;NULL;0.00;0;;NULL;NULL;2026-08-18 13:38:06;2026-08-21 05:05:56;
706;NULL;CAPACITORES / PARTIDA;819;TERMINAL GARFO ISOLADO 1,5MM;UNI;DISPONÍVEL;produtos/819.png;NULL;819-15uf-x-450v;1000;0;ativo;5;0,3;;0,3;0;NULL;NULL;NULL;NULL;1;0;0;0;0;NULL;0.00;0;;NULL;NULL;2026-08-18 13:38:06;2026-08-21 05:05:56;
707;NULL;CAPACITORES / PARTIDA;820;ADAPTADOR SOP16 PINOS P/ DIP 16 PINOS;PÇ;DISPONÍVEL;produtos/820.png;NULL;820-15-25-x-450v;1000;0;ativo;5;2;;1;0;NULL;NULL;NULL;NULL;1;0;0;0;0;NULL;0.00;0;;NULL;NULL;2026-08-18 13:38:06;2026-08-21 05:05:56;
708;NULL;CAPACITORES / PARTIDA;821;SOLDA CAST 250G 1MM ;UNI;INDISPONIVEL;produtos/821.png;NULL;821-18uf-x-450;1000;0;ativo;5;;38,75;69;46,5;NULL;0;20;NULL;1;0;0;0;0;NULL;0.00;0;19/09/2024;NULL;NULL;2026-08-18 13:38:06;2026-08-21 05:05:56;CAST
709;NULL;CAPACITORES / PARTIDA;822;RELE P/ MICROONDAS 12V 20A;UNI;INDISPONIVEL;produtos/822.png;NULL;822-2uf-x-450;1000;0;ativo;5;;3,87;NULL;4,62530016;NULL;4;14,92;NULL;1;0;0;0;0;NULL;0.00;0;06/10/2023;NULL;NULL;2026-08-18 13:38:06;2026-08-21 05:05:56;SANTANA
710;NULL;CAPACITORES / PARTIDA;824;ADP HDMI MACHO P/ FEMEA 90 GRAUS ;UNI ;DISPONÍVEL;produtos/824.png;NULL;824-25uf-x-450;1000;0;ativo;5;6,58;2,4992;NULL;3,4397899875;NULL;9,75;20,03;NULL;1;0;0;0;0;NULL;0.00;0;02/09/2026;NULL;NULL;2026-08-18 13:38:06;2026-08-21 05:05:56;NWT
711;NULL;CAPACITORES / PARTIDA;825;CLIP P/ BATERIA VERTICAL ;PÇ;DISPONÍVEL;produtos/825.png;NULL;825-3uf-x-450;1000;0;ativo;5;0,9;0,4722;NULL;0,626521045;NULL;9,75;21,46;NULL;1;0;0;0;0;NULL;0.00;0;05/02/2026;NULL;NULL;2026-08-18 13:38:06;2026-08-21 05:05:56;NWT
712;NULL;CAPACITORES / PARTIDA;827;FUSIVEL CERAMICO 8A 6X30 CX 100 PCS ;PÇ;DISPONÍVEL;produtos/827.png;NULL;827-35uf-x-450;1000;0;ativo;5;0,47;0,2;41;0,21978048;NULL;1,3;8,48;NULL;1;0;0;0;0;NULL;0.00;0;20/01/2024;NULL;NULL;2026-08-18 13:38:06;2026-08-21 05:05:56;ALLSEMI
713;NULL;CAPACITORES / PARTIDA;828;FUSIVEL CERAMICO 10A 6X30 CX 100 PCS ;PÇ;DISPONÍVEL;produtos/828.png;NULL;828-4uf-x-450;1000;0;ativo;5;0,47;0,2;41;0,2370161;NULL;9,75;7,98;NULL;1;0;0;0;0;NULL;0.00;0;04/06/2024;NULL;NULL;2026-08-18 13:38:06;2026-08-21 05:05:56;ALLSEMI
714;NULL;CAPACITORES / PARTIDA;829;FUSIVEL CERAMICO 20A 6X30 CX 100 PCS ;PÇ;DISPONÍVEL;produtos/829.png;NULL;829-5uf-x-450;1000;0;ativo;5;0,47;0,2;41;0,2387721;NULL;9,75;8,78;NULL;1;0;0;0;0;NULL;0.00;0;28/03/2024;NULL;NULL;2026-08-18 13:38:06;2026-08-21 05:05:56;ALLSEMI
715;NULL;CAPACITORES / PARTIDA;831;FUSIVEL LAMINA MINI AUTOMOTIVO 05A;PÇ;DISPONÍVEL;produtos/831.png;NULL;831-6uf-x-450;1000;0;ativo;5;0,35;0,17;NULL;0,2263341325;NULL;9,75;21,31;NULL;1;0;0;0;0;NULL;0.00;0;16/04/2024;NULL;NULL;2026-08-18 13:38:06;2026-08-21 05:05:56;SANTANA
716;NULL;CAPACITORES / PARTIDA;832;FUSIVEL LAMINA MINI AUTOMOTIVO 10A;PÇ;DISPONÍVEL;produtos/832.png;NULL;832-8uf-x-450;1000;0;ativo;5;0,35;0,17;NULL;0,2263341325;NULL;9,75;21,31;NULL;1;0;0;0;0;NULL;0.00;0;16/04/2024;NULL;NULL;2026-08-18 13:38:06;2026-08-21 05:05:56;SANTANA
717;NULL;CAPACITORES / PARTIDA;833;FUSIVEL LAMINA MINI AUTOMOTIVO 15A;PÇ;DISPONÍVEL;produtos/833.png;NULL;833-9uf-x-450;1000;0;ativo;5;0,35;0,17;0,3;0,226315475;NULL;9,75;21,3;NULL;1;0;0;0;0;NULL;0.00;0;16/04/2024;NULL;NULL;2026-08-18 13:38:06;2026-08-21 05:05:56;SANTANA
718;NULL;CAPACITORES / PARTIDA;834;FUSIVEL LAMINA MINI AUTOMOTIVO 20A;PÇ;DISPONÍVEL;produtos/834.png;NULL;834-10uf-x-450;1000;0;ativo;5;0,35;0,17;0,3;0,226315475;NULL;9,75;21,3;NULL;1;0;0;0;0;NULL;0.00;0;16/04/2024;NULL;NULL;2026-08-18 13:38:06;2026-08-21 05:05:56;SANTANA
719;NULL;CAPACITORES / PARTIDA;835;FUSIVEL LAMINA MINI AUTOMOTIVO 25A;PÇ;DISPONÍVEL;produtos/835.png;NULL;835-12uf-x-450;1000;0;ativo;5;0,35;0,17;0,3;0,226315475;NULL;9,75;21,3;NULL;1;0;0;0;0;NULL;0.00;0;16/04/2024;NULL;NULL;2026-08-18 13:38:06;2026-08-21 05:05:56;SANTANA
720;NULL;CAPACITORES / PARTIDA;836;FUSIVEL LAMINA MINI AUTOMOTIVO 30A;PÇ;DISPONÍVEL;produtos/836.png;NULL;836-2uf-x-250v;1000;0;ativo;5;0,35;0,17;0,3;0,226315475;NULL;9,75;21,3;NULL;1;0;0;0;0;NULL;0.00;0;16/04/2024;NULL;NULL;2026-08-18 13:38:06;2026-08-21 05:05:56;SANTANA
721;NULL;CAPACITORES / PARTIDA;837;FUSIVEL LAMINA MEDIO AUTOMOTIVO 10A;PÇ;DISPONÍVEL;produtos/837.png;NULL;837-25uf-x-250v;1000;0;ativo;5;0,4;0,186;NULL;0,248937145;NULL;9,75;19,38;NULL;1;0;0;0;0;NULL;0.00;0;23/04/2025;NULL;NULL;2026-08-18 13:38:06;2026-08-21 05:05:56;SANTANA
722;NULL;CAPACITORES / PARTIDA;838;FUSIVEL LAMINA MEDIO AUTOMOTIVO 15A;PÇ;DISPONÍVEL;produtos/838.png;NULL;838-35uf-x-250v;1000;0;ativo;5;0,4;0,176;NULL;0,23583519;NULL;9,75;19,38;NULL;1;0;0;0;0;NULL;0.00;0;23/04/2025;NULL;NULL;2026-08-18 13:38:06;2026-08-21 05:05:56;SANTANA
723;NULL;CAPACITORES / PARTIDA;839;FUSIVEL LAMINA MEDIO AUTOMOTIVO 20A;PÇ;DISPONÍVEL;produtos/839.png;NULL;839-4uf-x-250v;1000;0;ativo;5;0,4;0,17;NULL;0,226315475;NULL;9,75;21,3;NULL;1;0;0;0;0;NULL;0.00;0;16/04/2024;NULL;NULL;2026-08-18 13:38:06;2026-08-21 05:05:56;SANTANA
724;NULL;CAPACITORES / PARTIDA;840;FUSIVEL LAMINA MEDIO AUTOMOTIVO 25A;PÇ;DISPONÍVEL;produtos/840.png;NULL;840-45uf-x-250v;1000;0;ativo;5;0,4;0,17;0,3;0,226315475;NULL;9,75;21,3;NULL;1;0;0;0;0;NULL;0.00;0;16/04/2024;NULL;NULL;2026-08-18 13:38:06;2026-08-21 05:05:56;SANTANA
725;NULL;CAPACITORES / PARTIDA;841;FUSIVEL LAMINA MEDIO AUTOMOTIVO 30A;PÇ;DISPONÍVEL;produtos/841.png;NULL;841-5uf-x-250v;1000;0;ativo;5;0,4;0,186;0,3;0,248937145;NULL;9,75;19,38;NULL;1;0;0;0;0;NULL;0.00;0;23/04/2025;NULL;NULL;2026-08-18 13:38:06;2026-08-21 05:05:56;SANTANA
726;NULL;CAPACITORES / PARTIDA;842;FUSIVEL LAMINA MEDIO AUTOMOTIVO 35A;PÇ;DISPONÍVEL;produtos/842.png;NULL;842-6uf-x-250v;1000;0;ativo;5;0,4;0,17;0,3;0,226315475;NULL;9,75;21,3;NULL;1;0;0;0;0;NULL;0.00;0;16/04/2024;NULL;NULL;2026-08-18 13:38:06;2026-08-21 05:05:56;SANTANA
727;NULL;CAPACITORES / PARTIDA;843;FUSIVEL LAMINA MEDIO AUTOMOTIVO 40A;PÇ;DISPONÍVEL;produtos/843.png;NULL;843-7uf-x-250v;1000;0;ativo;5;0,4;0,17;0,3;0,226315475;NULL;9,75;21,3;NULL;1;0;0;0;0;NULL;0.00;0;16/04/2024;NULL;NULL;2026-08-18 13:38:06;2026-08-21 05:05:56;SANTANA
728;NULL;CAPACITORES / PARTIDA;844;FUSIVEL LAMINA MAX AUTOMOTIVO 20A;PÇ;INDISPONIVEL;produtos/844.png;NULL;844-8uf-x-250v;1000;0;ativo;5;;1,26;NULL;1,50591168;NULL;4;14,92;NULL;1;0;0;0;0;NULL;0.00;0;08/10/2023;NULL;NULL;2026-08-18 13:38:06;2026-08-21 05:05:56;SANTANA
729;NULL;CAPACITORES / PARTIDA;845;FUSIVEL LAMINA MAX AUTOMOTIVO 30A;PÇ;INDISPONIVEL;produtos/845.png;NULL;845-12uf-x-250v;1000;0;ativo;5;;1,26;NULL;1,50591168;NULL;4;14,92;NULL;1;0;0;0;0;NULL;0.00;0;08/10/2023;NULL;NULL;2026-08-18 13:38:06;2026-08-21 05:05:56;SANTANA
730;NULL;CAPACITORES / PARTIDA;846;FUSIVEL LAMINA MAX AUTOMOTIVO 40A;PÇ;DISPONÍVEL;produtos/846.png;NULL;846-2uf-x-400v;1000;0;ativo;5;3,2;1,26;2,7;1,50591168;NULL;4;14,92;NULL;1;0;0;0;0;NULL;0.00;0;08/10/2023;NULL;NULL;2026-08-18 13:38:06;2026-08-21 05:05:56;SANTANA
731;NULL;CAPACITORES / PARTIDA;847;FUSIVEL LAMINA MAX AUTOMOTIVO 50A;PÇ;INDISPONIVEL;produtos/847.png;NULL;847-25uf-x-400v;1000;0;ativo;5;;1,26;NULL;1,50591168;NULL;4;14,92;NULL;1;0;0;0;0;NULL;0.00;0;08/10/2023;NULL;NULL;2026-08-18 13:38:06;2026-08-21 05:05:56;SANTANA
732;NULL;CAPACITORES / PARTIDA;848;FUSIVEL LAMINA MAX AUTOMOTIVO 60A;PÇ;DISPONÍVEL;produtos/848.png;NULL;848-3uf-x-400v;1000;0;ativo;5;3,2;1,26;NULL;1,50591168;NULL;4;14,92;NULL;1;0;0;0;0;NULL;0.00;0;08/10/2023;NULL;NULL;2026-08-18 13:38:06;2026-08-21 05:05:56;SANTANA
733;NULL;CAPACITORES / PARTIDA;849;FUSIVEL LAMINA MAX AUTOMOTIVO 80A;PÇ;DISPONÍVEL;produtos/849.png;NULL;849-4uf-x-400v;1000;0;ativo;5;3,2;1,26;NULL;1,50591168;NULL;4;14,92;NULL;1;0;0;0;0;NULL;0.00;0;08/10/2023;NULL;NULL;2026-08-18 13:38:06;2026-08-21 05:05:56;SANTANA
734;NULL;CAPACITORES / PARTIDA;850;CABO 2+2 RCA 1,80M GRANEL ;UNI;DISPONÍVEL;produtos/850.png;NULL;850-5uf-x-400v;1000;0;ativo;5;3;1,8329;4,3;2,409561;NULL;5;25,4;NULL;1;0;0;0;0;NULL;0.00;0;05/02/2024;NULL;NULL;2026-08-18 13:38:06;2026-08-21 05:05:56;NWT
735;NULL;CAPACITORES / PARTIDA;853;Jack XLR Femea Painel metal C/ TRAVA 3 POLOS ;UNI;DISPONÍVEL;produtos/853.png;NULL;853-6uf-x-400v;1000;0;ativo;5;6,95;2,9265;NULL;3,71362392;NULL;9,75;20,03;NULL;1;0;0;0;0;NULL;0.00;0;03/09/2026;NULL;NULL;2026-08-18 13:38:06;2026-08-21 05:05:56;NWT
736;NULL;CAPACITORES / PARTIDA;854;EMENDA J2 STEREO P/ J2 STEREO FEMEA METAL ;UNI ;INDISPONIVEL;produtos/854.png;NULL;854-8uf-x-400v;1000;0;ativo;5;4,41;1,5712;NULL;2,202434465;NULL;9,75;27,82;NULL;1;0;0;0;0;NULL;0.00;0;26/06/2024;NULL;NULL;2026-08-18 13:38:06;2026-08-21 05:05:56;NWT
737;NULL;CAPACITORES / PARTIDA;855;EMENDA J10 STEREO P/ J10 STEREO FEMEA METAL ;UNI ;INDISPONIVEL;produtos/855.png;NULL;855-10uf-x-400v;1000;0;ativo;5;8,91;3,3403;NULL;4,45229849;NULL;9,75;21,46;NULL;1;0;0;0;0;NULL;0.00;0;05/02/2026;NULL;NULL;2026-08-18 13:38:06;2026-08-21 05:05:56;NWT
738;NULL;CAPACITORES / PARTIDA;856;ADP P10 P/ 2X J10 STEREO ;UNI ;EST.BAIXO;produtos/856.png;NULL;856-12uf-x-400v;1000;0;ativo;5;2,83;1,1753;NULL;1,57296773;NULL;9,75;21,46;NULL;1;0;0;0;0;NULL;0.00;0;05/02/2026;NULL;NULL;2026-08-18 13:38:06;2026-08-21 05:05:56;NWT
739;NULL;CAPACITORES / PARTIDA;858;Potenciometro 50k 12mm Spika B50k 503 (90 Graus) ;UNI;DISPONÍVEL;produtos/858.png;NULL;858-15uf-x-400v;1000;0;ativo;5;4,95;;3,95;0;NULL;NULL;NULL;NULL;1;0;0;0;0;NULL;0.00;0;;NULL;NULL;2026-08-18 13:38:06;2026-08-21 05:05:56;
740;NULL;CAPACITORES / PARTIDA;859;CHAVE GANGORRA REDONDA 2 TERMINAIS BRANCA;UNI;DISPONÍVEL;produtos/859.png;NULL;859-20uf-x-400v;1000;0;ativo;5;1,5;0,5954;NULL;0,8719857;NULL;9,75;32,42;NULL;1;0;0;0;0;NULL;0.00;0;07/11/2024;NULL;NULL;2026-08-18 13:38:06;2026-08-21 05:05:56;NWT
741;NULL;CAPACITORES / ELETROLITICOS;860;CHAVE ON / OFF MINI 2 POLOS ;UNI;DISPONÍVEL;produtos/860.png;NULL;860-capacitor-eletrolitico-elco-0;1000;0;ativo;5;3,5;1,5435;NULL;2,198040075;NULL;9,75;30,05;NULL;1;0;0;0;0;NULL;0.00;0;30/06/2025;NULL;NULL;2026-08-18 13:38:06;2026-08-21 05:05:56;NWT
742;NULL;CAPACITORES / ELETROLITICOS;861;Chave On/OF/ON MINI 6 POLOS;UNI;DISPONÍVEL;produtos/861.png;NULL;861-capacitor-eletrolitico-elco-0;1000;0;ativo;5;5,54;2,0784;3,7;2,77268888;NULL;9,75;21,46;NULL;1;0;0;0;0;NULL;0.00;0;05/02/2026;NULL;NULL;2026-08-18 13:38:06;2026-08-21 05:05:56;NWT
743;NULL;CAPACITORES / ELETROLITICOS;862;TDA7268;PÇ;DISPONÍVEL;produtos/862.png;NULL;862-capacitor-eletrolitico-elco-0;1000;0;ativo;5;2,7;1,37;NULL;1,68461228;NULL;7;14,92;NULL;1;0;0;0;0;NULL;0.00;0;08/10/2023;NULL;NULL;2026-08-18 13:38:06;2026-08-21 05:05:56;SANTANA
744;NULL;CAPACITORES / ELETROLITICOS;863;REG 7905;PÇ;DISPONÍVEL;produtos/863.png;NULL;863-capacitor-eletrolitico-elco-0;1000;0;ativo;5;1,8;0,94;2,2;1,2032;NULL;0;28;NULL;1;0;0;0;0;NULL;0.00;0;12/09/2024;NULL;NULL;2026-08-18 13:38:06;2026-08-21 05:05:56;CX
745;NULL;CAPACITORES / ELETROLITICOS;864;REG 7808;PÇ;DISPONÍVEL;produtos/864.png;NULL;864-capacitor-eletrolitico-elco-1;1000;0;ativo;5;1,66;0,74;2,4;0,83028;NULL;2;10;NULL;1;0;0;0;0;NULL;0.00;0;25/06/2026;NULL;NULL;2026-08-18 13:38:06;2026-08-21 05:05:56;ASIA
746;NULL;CAPACITORES / ELETROLITICOS;865;REG 78M05 TO-252;PÇ;DISPONÍVEL;produtos/865.png;NULL;865-capacitor-eletrolitico-elco-1;1000;0;ativo;5;1,696;0,74385;1,95;1,1248;NULL;0;52;NULL;1;0;0;0;0;NULL;0.00;0;10/02/2026;NULL;NULL;2026-08-18 13:38:06;2026-08-21 05:05:56;CX
747;NULL;CAPACITORES / ELETROLITICOS;866;TAS5352A SMD;PÇ;DISPONÍVEL;produtos/866.png;NULL;866-capacitor-eletrolitico-elco-1;1000;0;ativo;5;11;;11;0;NULL;NULL;NULL;NULL;1;0;0;0;0;NULL;0.00;0;;NULL;NULL;2026-08-18 13:38:06;2026-08-21 05:05:56;
748;NULL;CAPACITORES / ELETROLITICOS;867;IRFZ48 IOR;PÇ;INDISPONIVEL;produtos/867.png;NULL;867-capacitor-eletrolitico-elco-1;1000;0;ativo;5;4,62;1,52;NULL;2,3104;NULL;0;52;NULL;1;0;0;0;0;NULL;0.00;0;10/02/2026;NULL;NULL;2026-08-18 13:38:06;2026-08-21 05:05:56;CX
749;NULL;CAPACITORES / ELETROLITICOS;868;IRFP4227 GRANDE;PÇ;DISPONÍVEL;produtos/868.png;NULL;868-capacitor-eletrolitico-elco-1;1000;0;ativo;5;19;;24;0;NULL;NULL;NULL;NULL;1;0;0;0;0;NULL;0.00;0;;NULL;NULL;2026-08-18 13:38:06;2026-08-21 05:05:56;
750;NULL;CAPACITORES / ELETROLITICOS;869;IRFP260 GRANDE;PÇ;DISPONÍVEL;produtos/869.png;NULL;869-capacitor-eletrolitico-elco-1;1000;0;ativo;5;10,6;12,5;NULL;15,1924675;NULL;1,3;19,98;NULL;1;0;0;0;0;NULL;0.00;0;30/06/2025;NULL;NULL;2026-08-18 13:38:06;2026-08-21 05:05:56;SANTANA
751;NULL;CAPACITORES / ELETROLITICOS;870;IRFP450 GRANDE;PÇ;INDISPONIVEL;produtos/870.png;NULL;870-capacitor-eletrolitico-elco-1;1000;0;ativo;5;;8,28;NULL;10,18145232;NULL;7;14,92;NULL;1;0;0;0;0;NULL;0.00;0;08/10/2023;NULL;NULL;2026-08-18 13:38:06;2026-08-21 05:05:56;SANTANA
752;NULL;CAPACITORES / ELETROLITICOS;871;2SA1964 ISOLADO;PC;DISPONÍVEL;produtos/871.png;NULL;871-capacitor-eletrolitico-elco-1;1000;0;ativo;5;3,6549;1,99;4,4;2,44699156;NULL;7;14,92;NULL;1;0;0;0;0;NULL;0.00;0;17/07/2023;NULL;NULL;2026-08-18 13:38:06;2026-08-21 05:05:56;SANTANA
753;NULL;CAPACITORES / ELETROLITICOS;872;2SC5248 ORIGINAL ;PC;INDISPONIVEL;produtos/872.png;NULL;872-capacitor-eletrolitico-elco-2;1000;0;ativo;5;;1,99;4,4;2,44699156;NULL;7;14,92;NULL;1;0;0;0;0;NULL;0.00;0;08/10/2023;NULL;NULL;2026-08-18 13:38:06;2026-08-21 05:05:56;SANTANA
754;NULL;CAPACITORES / ELETROLITICOS;873;2SA1837;PC;INDISPONIVEL;produtos/873.png;NULL;873-capacitor-eletrolitico-elco-2;1000;0;ativo;5;2,8549;2,32;4,75;2,85277408;NULL;7;14,92;NULL;1;0;0;0;0;NULL;0.00;0;08/10/2023;NULL;NULL;2026-08-18 13:38:06;2026-08-21 05:05:56;SANTANA
755;NULL;CAPACITORES / ELETROLITICOS;874;2SB688 ORIGINAL ;PC;DISPONÍVEL;produtos/874.png;NULL;874-capacitor-eletrolitico-elco-2;1000;0;ativo;5;8,2;4,17;8,83;5,12761548;NULL;7;14,92;NULL;1;0;0;0;0;NULL;0.00;0;08/10/2023;NULL;NULL;2026-08-18 13:38:06;2026-08-21 05:05:56;SANTANA
756;NULL;CAPACITORES / ELETROLITICOS;875;2SD718 ORIGINAL ;PC;DISPONÍVEL;produtos/875.png;NULL;875-capacitor-eletrolitico-elco-2;1000;0;ativo;5;9,2049;4,69;NULL;5,700213806;NULL;1,3;19,98;NULL;1;0;0;0;0;NULL;0.00;0;30/06/2025;NULL;NULL;2026-08-18 13:38:06;2026-08-21 05:05:56;SANTANA
757;NULL;CAPACITORES / ELETROLITICOS;876;BC547;PÇ;DISPONÍVEL;produtos/876.png;NULL;876-capacitor-eletrolitico-elco-2;1000;0;ativo;5;0,1349;0,07438;8;0,087178;NULL;NULL;24,54;NULL;1;0;0;0;0;NULL;0.00;0;06/10/2023;NULL;NULL;2026-08-18 13:38:06;2026-08-21 05:05:56;CX
758;NULL;CAPACITORES / ELETROLITICOS;877;BC548;PÇ;DISPONÍVEL;produtos/877.png;NULL;877-capacitor-eletrolitico-elco-2;1000;0;ativo;5;0,1349;0,07438;8;0,087178;NULL;NULL;24,54;NULL;1;0;0;0;0;NULL;0.00;0;06/10/2023;NULL;NULL;2026-08-18 13:38:06;2026-08-21 05:05:56;CX
759;NULL;CAPACITORES / ELETROLITICOS;878;MJE13007;PÇ;INDISPONIVEL;produtos/878.png;NULL;878-capacitor-eletrolitico-elco-2;1000;0;ativo;5;;1,5;3,17;1,844466;NULL;7;14,92;NULL;1;0;0;0;0;NULL;0.00;0;08/10/2023;NULL;NULL;2026-08-18 13:38:06;2026-08-21 05:05:56;SANTANA
760;NULL;CAPACITORES / ELETROLITICOS;879;ICE 2QS03 - DIP;PÇ;INDISPONIVEL;produtos/879.png;NULL;879-capacitor-eletrolitico-elco-2;1000;0;ativo;5;11,39;5,79;NULL;7,11963876;NULL;7;14,92;NULL;1;0;0;0;0;NULL;0.00;0;08/10/2023;NULL;NULL;2026-08-18 13:38:06;2026-08-21 05:05:56;SANTANA
761;NULL;CAPACITORES / ELETROLITICOS;880;RC4560 ;PÇ;INDISPONIVEL;produtos/880.png;NULL;880-capacitor-eletrolitico-elco-2;1000;0;ativo;5;;1,07;NULL;1,29571008;NULL;2;18,72;NULL;1;0;0;0;0;NULL;0.00;0;28/05/2024;NULL;NULL;2026-08-18 13:38:06;2026-08-21 05:05:56;SANTANA
762;NULL;CAPACITORES / ELETROLITICOS;881;RC4580 ;PÇ;INDISPONIVEL;produtos/881.png;NULL;881-capacitor-eletrolitico-elco-3;1000;0;ativo;5;;1,4;2,5;1,4;NULL;0;0;NULL;1;0;0;0;0;NULL;0.00;0;28/01/2025;NULL;NULL;2026-08-18 13:38:06;2026-08-21 05:05:56;RUFFUS
763;NULL;CAPACITORES / ELETROLITICOS;882;RC4580 SMD;PÇ;INDISPONIVEL;produtos/882.png;NULL;882-capacitor-eletrolitico-elco-3;1000;0;ativo;5;2,6549;0,944;2,65;1,692;NULL;0;80;NULL;1;0;0;0;0;NULL;0.00;0;06/10/2025;NULL;NULL;2026-08-18 13:38:06;2026-08-21 05:05:56;ALIE
764;NULL;CAPACITORES / ELETROLITICOS;883;LM723 ;PÇ;DISPONÍVEL;produtos/883.png;NULL;883-capacitor-eletrolitico-elco-3;1000;0;ativo;5;4,8;2,5367;NULL;3,15533532;NULL;2;21,79;NULL;1;0;0;0;0;NULL;0.00;0;30/09/2024;NULL;NULL;2026-08-18 13:38:06;2026-08-21 05:05:56;SANTANA
765;NULL;CAPACITORES / ELETROLITICOS;884;BTA24-600 ORIGINAL ;PÇ;INDISPONIVEL;produtos/884.png;NULL;884-capacitor-eletrolitico-elco-3;1000;0;ativo;5;;2,99;NULL;3,67663556;NULL;7;14,92;NULL;1;0;0;0;0;NULL;0.00;0;08/10/2023;NULL;NULL;2026-08-18 13:38:06;2026-08-21 05:05:56;SANTANA
766;NULL;CAPACITORES / ELETROLITICOS;885;MPSA92;PÇ;INDISPONIVEL;produtos/885.png;NULL;885-capacitor-eletrolitico-elco-3;1000;0;ativo;5;0,25;0,1274;11,5;0,160602;NULL;0;23,54;NULL;1;0;0;0;0;NULL;0.00;0;06/10/2023;NULL;NULL;2026-08-18 13:38:06;2026-08-21 05:05:56;CX
767;NULL;CAPACITORES / ELETROLITICOS;886;MPSA42;PÇ;INDISPONIVEL;produtos/886.png;NULL;886-capacitor-eletrolitico-elco-3;1000;0;ativo;5;0,25;0,10259;11,5;0,12354;NULL;0;23,54;NULL;1;0;0;0;0;NULL;0.00;0;06/10/2023;NULL;NULL;2026-08-18 13:38:06;2026-08-21 05:05:56;CX
768;NULL;CAPACITORES / ELETROLITICOS;887;LNK625 PG;PÇ;INDISPONIVEL;produtos/887.png;NULL;887-capacitor-eletrolitico-elco-3;1000;0;ativo;5;9,97;2,36;11,9;2,36;NULL;0;0;NULL;1;0;0;0;0;NULL;0.00;0;23/02/2026;NULL;NULL;2026-08-18 13:38:06;2026-08-21 05:05:56;ALIE
769;NULL;CAPACITORES / ELETROLITICOS;888;NCP1250B65 ;PÇ;INDISPONIVEL;produtos/888.png;NULL;888-capacitor-eletrolitico-elco-3;1000;0;ativo;5;;14,3;29,9;17,5839092;NULL;7;14,92;NULL;1;0;0;0;0;NULL;0.00;0;08/10/2023;NULL;NULL;2026-08-18 13:38:06;2026-08-21 05:05:56;SANTANA
770;NULL;CAPACITORES / ELETROLITICOS;889;IRS20957 SMD ;PÇ;DISPONÍVEL;produtos/889.png;NULL;889-capacitor-eletrolitico-elco-4;1000;0;ativo;5;17;7,207;NULL;8,897861;NULL;0;23,41;NULL;1;0;0;0;0;NULL;0.00;0;13/10/2025;NULL;NULL;2026-08-18 13:38:06;2026-08-21 05:05:56;TOTALITY
771;NULL;CAPACITORES / ELETROLITICOS;890;IR2010;PÇ;INDISPONIVEL;produtos/890.png;NULL;890-capacitor-eletrolitico-elco-4;1000;0;ativo;5;11,12;6,95;10;6,95;NULL;0;0;NULL;1;0;0;0;0;NULL;0.00;0;24/11/2025;NULL;NULL;2026-08-18 13:38:06;2026-08-21 05:05:56;ALI
772;NULL;CAPACITORES / ELETROLITICOS;891;LNK364DN SMD;PÇ;DISPONÍVEL;produtos/891.png;NULL;891-capacitor-eletrolitico-elco-4;1000;0;ativo;5;4;2,8;6,36;2,8;NULL;0;0;NULL;1;0;0;0;0;NULL;0.00;0;28/01/2025;NULL;NULL;2026-08-18 13:38:06;2026-08-21 05:05:56;RUFFUS
773;NULL;CAPACITORES / ELETROLITICOS;892;1N4937;CENTO;DISPONÍVEL;produtos/892.png;NULL;892-capacitor-eletrolitico-elco-4;1000;0;ativo;5;14,5;0,0785;14,5;0,104225544;NULL;1,3;28,61;NULL;1;0;0;0;0;NULL;0.00;0;30/09/2024;NULL;NULL;2026-08-18 13:38:06;2026-08-21 05:05:56;ACP
774;NULL;CAPACITORES / ELETROLITICOS;893;RESISTOR 1K 1/4W CENTO;PÇ 100X;DISPONÍVEL;produtos/893.png;NULL;893-capacitor-eletrolitico-elco-4;1000;0;ativo;5;3;;NULL;0;NULL;NULL;NULL;NULL;1;0;0;0;0;NULL;0.00;0;;NULL;NULL;2026-08-18 13:38:06;2026-08-21 05:05:56;
775;NULL;CAPACITORES / ELETROLITICOS;894;CAPACITOR ELETROLITICO ELCO 1000 X 6,3;PÇ;DISPONÍVEL;produtos/894.png;NULL;894-capacitor-eletrolitico-elco-4;1000;0;ativo;5;0,3249;0,1422;0,3;0,19268193;NULL;6,5;29,23;NULL;1;0;0;0;0;NULL;0.00;0;07/09/2024;NULL;NULL;2026-08-18 13:38:06;2026-08-21 05:05:56;NWT
776;NULL;CAPACITORES / ELETROLITICOS;895;DIODO 1N4148;CENTO;DISPONÍVEL;produtos/895.png;NULL;895-capacitor-eletrolitico-elco-4;1000;0;ativo;5;7,5;0,0298;7,5;0,038540598;NULL;1,3;26,82;NULL;1;0;0;0;0;NULL;0.00;0;13/10/2025;NULL;NULL;2026-08-18 13:38:06;2026-08-21 05:05:56;ACP
777;NULL;CAPACITORES / ELETROLITICOS;896;ZENER 5V1 1W;UNI;DISPONÍVEL;produtos/896.png;NULL;896-capacitor-eletrolitico-elco-4;1000;0;ativo;5;0,25;0,0586;NULL;0,077081196;NULL;1,3;26,82;NULL;1;0;0;0;0;NULL;0.00;0;13/10/2025;NULL;NULL;2026-08-18 13:38:06;2026-08-21 05:05:56;ACP
778;NULL;CAPACITORES / ELETROLITICOS;897;ZENER 5V6 1W;UNI;DISPONÍVEL;produtos/897.png;NULL;897-capacitor-eletrolitico-elco-4;1000;0;ativo;5;0,25;0,113;27;0,133025134;NULL;1,3;19,38;NULL;1;0;0;0;0;NULL;0.00;0;23/04/2025;NULL;NULL;2026-08-18 13:38:06;2026-08-21 05:05:56;SANTANA
779;NULL;CAPACITORES / ELETROLITICOS;898;ZENER 30V 1W;UNI;DISPONÍVEL;produtos/898.png;NULL;898-capacitor-eletrolitico-elco-4;1000;0;ativo;5;0,25;0,14325;27;0,18103323;NULL;1,3;27,65;NULL;1;0;0;0;0;NULL;0.00;0;04/07/2024;NULL;NULL;2026-08-18 13:38:06;2026-08-21 05:05:56;ACP
780;NULL;CAPACITORES / ELETROLITICOS;899;ZENER 33V 1W;UNI;DISPONÍVEL;produtos/899.png;NULL;899-capacitor-eletrolitico-elco-4;1000;0;ativo;5;0,25;0,129;29;0,158001662;NULL;1,3;19,98;NULL;1;0;0;0;0;NULL;0.00;0;30/06/2025;NULL;NULL;2026-08-18 13:38:06;2026-08-21 05:05:56;SANTANA
781;NULL;CAPACITORES / ELETROLITICOS;900;NTC 10K 3MM 3% ( MEDIDOR DE TEMPERARURA);UNI;DISPONÍVEL;produtos/900.png;NULL;900-capacitor-eletrolitico-elco-6;1000;0;ativo;5;0,69;0,26485;NULL;0,33925788;NULL;6,5;22,52;NULL;1;0;0;0;0;NULL;0.00;0;29/10/2023;NULL;NULL;2026-08-18 13:38:06;2026-08-21 05:05:56;ACP
782;NULL;CAPACITORES / ELETROLITICOS;901;AD52068;PÇ;INDISPONIVEL;produtos/901.png;NULL;901-capacitor-eletrolitico-elco-6;1000;0;ativo;5;;15,52;34,14;15,52;NULL;0;0;NULL;1;0;0;0;0;NULL;0.00;0;27/08/2025;NULL;NULL;2026-08-18 13:38:06;2026-08-21 05:05:56;ALI
783;NULL;CAPACITORES / ELETROLITICOS;902;SOQUETE TORNEADO 6 PINOS ;PÇ;DISPONÍVEL;produtos/902.png;NULL;902-capacitor-eletrolitico-elco-6;1000;0;ativo;5;1,3;;1,3;0;NULL;NULL;NULL;NULL;1;0;0;0;0;NULL;0.00;0;;NULL;NULL;2026-08-18 13:38:06;2026-08-21 05:05:56;
784;NULL;CAPACITORES / ELETROLITICOS;903;SOQUETE TORNEADO 8 PINOS ;PÇ;DISPONÍVEL;produtos/903.png;NULL;903-capacitor-eletrolitico-elco-10;1000;0;ativo;5;2,1;0,4988;NULL;0,54865;NULL;0;9,73;NULL;1;0;0;0;0;NULL;0.00;0;05/02/2026;NULL;NULL;2026-08-18 13:38:06;2026-08-21 05:05:56;ASIA
785;NULL;CAPACITORES / ELETROLITICOS;904;SOQUETE TORNEADO 14 PINOS ;PÇ;INDISPONIVEL;produtos/904.png;NULL;904-capacitor-eletrolitico-elco-10;1000;0;ativo;5;2,45;0,9288;NULL;1,020489;NULL;0;9,73;NULL;1;0;0;0;0;NULL;0.00;0;05/02/2026;NULL;NULL;2026-08-18 13:38:06;2026-08-21 05:05:56;ASIA
786;NULL;CAPACITORES / ELETROLITICOS;905;SOQUETE TORNEADO 16 PINOS ;PÇ;DISPONÍVEL;produtos/905.png;NULL;905-capacitor-eletrolitico-elco-10;1000;0;ativo;5;2,9;;2,3;0;NULL;NULL;NULL;NULL;1;0;0;0;0;NULL;0.00;0;;NULL;NULL;2026-08-18 13:38:06;2026-08-21 05:05:56;
787;NULL;CAPACITORES / ELETROLITICOS;906;Pot Acel 10KB Estereo  L20 EIXO LONGO;UNI;DISPONÍVEL;produtos/906.png;NULL;906-capacitor-eletrolitico-elco-10;1000;0;ativo;5;2,6;1,0235;2,7;1,3719969;NULL;6,5;26,3;NULL;1;0;0;0;0;NULL;0.00;0;31/10/2023;NULL;NULL;2026-08-18 13:38:06;2026-08-21 05:05:56;ATLAS
788;NULL;CAPACITORES / ELETROLITICOS;907;Pot MINI linear 20KA EIXO L35 3 pinos ;UNI;INDISPONIVEL;produtos/907.png;NULL;907-capacitor-eletrolitico-elco-10;1000;0;ativo;5;2,5;0,9296;2,5;1,25093835;NULL;6,5;26,3;NULL;1;0;0;0;0;NULL;0.00;0;31/10/2023;NULL;NULL;2026-08-18 13:38:06;2026-08-21 05:05:56;ATLAS
789;NULL;CAPACITORES / ELETROLITICOS;908;Pot MINI linear 10KA EIXO L35 3 pinos ;UNI;INDISPONIVEL;produtos/908.png;NULL;908-capacitor-eletrolitico-elco-10;1000;0;ativo;5;2,5;0,8921;2,5;1,22007252;NULL;6,5;28,72;NULL;1;0;0;0;0;NULL;0.00;0;04/09/2024;NULL;NULL;2026-08-18 13:38:06;2026-08-21 05:05:56;ATLAS
790;NULL;CAPACITORES / ELETROLITICOS;909;Pot Acel 500KA 3 PINOS L20 EIXO LONGO;UNI;DISPONÍVEL;produtos/909.png;NULL;909-capacitor-eletrolitico-elco-10;1000;0;ativo;5;1,6;0,7183;1,9;0,987255;NULL;6,5;28,75;NULL;1;0;0;0;0;NULL;0.00;0;04/09/2024;NULL;NULL;2026-08-18 13:38:06;2026-08-21 05:05:56;ATLAS
791;NULL;CAPACITORES / ELETROLITICOS;910;ZENER 12V 1W;UNI;DISPONÍVEL;produtos/910.png;NULL;910-capacitor-eletrolitico-elco-10;1000;0;ativo;5;0,25;0,09674411;27;0,12871178;NULL;1,3;27,06;NULL;1;0;0;0;0;NULL;0.00;0;25/06/2024;NULL;NULL;2026-08-18 13:38:07;2026-08-21 05:05:56;ATLAS
792;NULL;CAPACITORES / ELETROLITICOS;911;ZENER 15V 1W;UNI;DISPONÍVEL;produtos/911.png;NULL;911-capacitor-eletrolitico-elco-10;1000;0;ativo;5;0,25;0,0586;27;0,077081196;NULL;1,3;26,82;NULL;1;0;0;0;0;NULL;0.00;0;13/10/2025;NULL;NULL;2026-08-18 13:38:07;2026-08-21 05:05:56;ACP
793;NULL;CAPACITORES / ELETROLITICOS;912;Potenciometro 50k 12mm Spika B50k 503 (Reto);UNI;DISPONÍVEL;produtos/912.png;NULL;912-capacitor-eletrolitico-elco-10;1000;0;ativo;5;3,95;;3,95;0;NULL;NULL;NULL;NULL;1;0;0;0;0;NULL;0.00;0;;NULL;NULL;2026-08-18 13:38:07;2026-08-21 05:05:56;
794;NULL;CAPACITORES / ELETROLITICOS;913;PA2030 (PAL007=7386=PA2032=7384);PÇ;INDISPONIVEL;produtos/913.png;NULL;913-capacitor-eletrolitico-elco-10;1000;0;ativo;5;;;NULL;0;NULL;NULL;NULL;NULL;1;0;0;0;0;NULL;0.00;0;;NULL;NULL;2026-08-18 13:38:07;2026-08-21 05:05:56;
795;NULL;CAPACITORES / ELETROLITICOS;914;FGH60N60 IGBT;PÇ;INDISPONIVEL;produtos/914.png;NULL;914-capacitor-eletrolitico-elco-10;1000;0;ativo;5;;17,19;29;17,19;NULL;0;0;NULL;1;0;0;0;0;NULL;0.00;0;06/10/2025;NULL;NULL;2026-08-18 13:38:07;2026-08-21 05:05:56;ALI
796;NULL;CAPACITORES / ELETROLITICOS;915;PLACA BPS 10A 12V PROTEÇÃO DE CELULAS (CARGA DE BATERIAS);UNI;INDISPONIVEL;produtos/915.png;NULL;915-capacitor-eletrolitico-elco-10;1000;0;ativo;5;;;NULL;0;NULL;NULL;NULL;NULL;1;0;0;0;0;NULL;0.00;0;;NULL;NULL;2026-08-18 13:38:07;2026-08-21 05:05:56;
797;NULL;CAPACITORES / ELETROLITICOS;916;50JR22 IGBT;PÇ;INDISPONIVEL;produtos/916.png;NULL;916-capacitor-eletrolitico-elco-15;1000;0;ativo;5;;9,0568;17,7;11,639260596;NULL;1,3;26,82;NULL;1;0;0;0;0;NULL;0.00;0;13/10/2025;NULL;NULL;2026-08-18 13:38:07;2026-08-21 05:05:56;ACP
798;NULL;CAPACITORES / ELETROLITICOS;917;TL431 ;PÇ;DISPONÍVEL;produtos/917.png;NULL;917-capacitor-eletrolitico-elco-22;1000;0;ativo;5;0,24;;NULL;0;NULL;NULL;NULL;NULL;1;0;0;0;0;NULL;0.00;0;;NULL;NULL;2026-08-18 13:38:07;2026-08-21 05:05:56;
799;NULL;CAPACITORES / ELETROLITICOS;918;GRADE METÁLICA  60 X 60;UNI;DISPONÍVEL;produtos/918.png;NULL;918-capacitor-eletrolitico-elco-22;1000;0;ativo;5;3,6;1,4511;3,78;1,9191645375;NULL;3,25;28,19;NULL;1;0;0;0;0;NULL;0.00;0;20/03/2024;NULL;NULL;2026-08-18 13:38:07;2026-08-21 05:05:56;NWT
800;NULL;CAPACITORES / ELETROLITICOS;919;GRADE METÁLICA  90 x 90;UNI;DISPONÍVEL;produtos/919.png;NULL;919-capacitor-eletrolitico-elco-22;1000;0;ativo;5;4,5;1,786;4,5;2,3691755325;NULL;3,25;28,19;NULL;1;0;0;0;0;NULL;0.00;0;20/03/2024;NULL;NULL;2026-08-18 13:38:07;2026-08-21 05:05:56;NWT
801;NULL;CAPACITORES / ELETROLITICOS;920;PLUG ACENDEDOR DE CIGARRO C/ LED E FUSIVEL ;UNI;INDISPONIVEL;produtos/920.png;NULL;920-capacitor-eletrolitico-elco-22;1000;0;ativo;5;3,68;1,505;3,65;2,112961875;NULL;9,75;27,5;NULL;1;0;0;0;0;NULL;0.00;0;15/09/2025;NULL;NULL;2026-08-18 13:38:07;2026-08-21 05:05:56;NWT
802;NULL;CAPACITORES / ELETROLITICOS;921;BATERIA 9V UP UNI GRANEL GREEN;UNI;DISPONÍVEL;produtos/921.png;NULL;921-capacitor-eletrolitico-elco-22;1000;0;ativo;5;4;1,94;NULL;2,48599554;NULL;9,75;16,76;NULL;1;0;0;0;0;NULL;0.00;0;15/09/2025;NULL;NULL;2026-08-18 13:38:07;2026-08-21 05:05:56;SANTANA
803;NULL;CAPACITORES / ELETROLITICOS;923;OB2276 SMD;PÇ;DISPONÍVEL;produtos/923.png;NULL;923-capacitor-eletrolitico-elco-22;1000;0;ativo;5;6,513;3,09;NULL;3,255315;NULL;0;5,35;NULL;1;0;0;0;0;NULL;0.00;0;04/09/2024;NULL;NULL;2026-08-18 13:38:07;2026-08-21 05:05:56;ALI
804;NULL;CAPACITORES / ELETROLITICOS;924;HAA9802 SMD;PÇ;DISPONÍVEL;produtos/924.png;NULL;924-capacitor-eletrolitico-elco-22;1000;0;ativo;5;7,25;1,552;7,25;1,55;NULL;0;0;NULL;1;0;0;0;0;NULL;0.00;0;27/08/2025;NULL;NULL;2026-08-18 13:38:07;2026-08-21 05:05:56;ALI
805;NULL;CAPACITORES / ELETROLITICOS;925;FGH40N65 IGBT;PÇ;INDISPONIVEL;produtos/925.png;NULL;925-capacitor-eletrolitico-elco-22;1000;0;ativo;5;;9,05;NULL;11,62641373;NULL;1,3;26,82;NULL;1;0;0;0;0;NULL;0.00;0;13/10/2025;NULL;NULL;2026-08-18 13:38:07;2026-08-21 05:05:56;ACP
806;NULL;CAPACITORES / ELETROLITICOS;928;Chave Gangorra RedondaKCD1-E101N;UNI;DISPONÍVEL;produtos/928.png;NULL;928-capacitor-eletrolitico-elco-22;1000;0;ativo;5;2,4;0,879;2,1;1,20251758;NULL;9,75;24,51;NULL;1;0;0;0;0;NULL;0.00;0;02/01/2024;NULL;NULL;2026-08-18 13:38:07;2026-08-21 05:05:56;NWT
807;NULL;CAPACITORES / ELETROLITICOS;929;RCA femea Plástico Nickel 58mm PRETO;UNI;DISPONÍVEL;produtos/929.png;NULL;929-capacitor-eletrolitico-elco-22;1000;0;ativo;5;0,7;0,2859;NULL;0,2869644225;NULL;9,75;20,03;NULL;1;0;0;0;0;NULL;0.00;0;03/09/2026;NULL;NULL;2026-08-18 13:38:07;2026-08-21 05:05:56;NWT
808;NULL;CAPACITORES / ELETROLITICOS;930;RCA femea Plástico Nickel 58mm VERMELHO;UNI;DISPONÍVEL;produtos/930.png;NULL;930-capacitor-eletrolitico-elco-22;1000;0;ativo;5;0,7;0,2859;NULL;0,2869644225;NULL;9,75;20,03;NULL;1;0;0;0;0;NULL;0.00;0;03/09/2026;NULL;NULL;2026-08-18 13:38:07;2026-08-21 05:05:56;NWT
809;NULL;CAPACITORES / ELETROLITICOS;931;MICA ISOLANTE SILICONE 2SC5200/2SA1943 TO3-PL;PÇ;DISPONÍVEL;produtos/931.png;NULL;931-capacitor-eletrolitico-elco-33;1000;0;ativo;5;0,7;;19;0;NULL;NULL;NULL;NULL;1;0;0;0;0;NULL;0.00;0;;NULL;NULL;2026-08-18 13:38:07;2026-08-21 05:05:56;
810;NULL;CAPACITORES / ELETROLITICOS;932;MICA ISOLANTE SILICONE TIP41/TIP42 TO-220;PÇ;DISPONÍVEL;produtos/932.png;NULL;932-capacitor-eletrolitico-elco-33;1000;0;ativo;5;0,5;;17;0;NULL;NULL;NULL;NULL;1;0;0;0;0;NULL;0.00;0;;NULL;NULL;2026-08-18 13:38:07;2026-08-21 05:05:56;
811;NULL;CAPACITORES / ELETROLITICOS;933;BUCHA ISOLANTE 2SC5200/2SA1943 TO-264;PÇ;DISPONÍVEL;produtos/933.png;NULL;933-capacitor-eletrolitico-elco-33;1000;0;ativo;5;0,25;;7;0;NULL;NULL;NULL;NULL;1;0;0;0;0;NULL;0.00;0;;NULL;NULL;2026-08-18 13:38:07;2026-08-21 05:05:56;
812;NULL;CAPACITORES / ELETROLITICOS;934;BUCHA ISOLANTE TIP41/TIP42 TO-220;PÇ;DISPONÍVEL;produtos/934.png;NULL;934-capacitor-eletrolitico-elco-33;1000;0;ativo;5;0,25;;7;0;NULL;NULL;NULL;NULL;1;0;0;0;0;NULL;0.00;0;;NULL;NULL;2026-08-18 13:38:07;2026-08-21 05:05:56;
813;NULL;CAPACITORES / ELETROLITICOS;936;JACK RCA  P/MODULOS C/4 POLOS VERMELHO E BRANCO ;UNI;DISPONÍVEL;produtos/936.png;NULL;936-capacitor-eletrolitico-elco-33;1000;0;ativo;5;2,9;1,4083;NULL;1,832013;NULL;6,5;22;NULL;1;0;0;0;0;NULL;0.00;0;15/09/2025;NULL;NULL;2026-08-18 13:38:07;2026-08-21 05:05:56;ATLAS
814;NULL;CAPACITORES / ELETROLITICOS;937;TOMADA TRIPOLAR MACHO C/ PORTA FUSIVEL ;UNI;DISPONÍVEL;produtos/937.png;NULL;937-capacitor-eletrolitico-elco-33;1000;0;ativo;5;4,9;1,5586;3,7;2,10316626;NULL;6,5;26,59;NULL;1;0;0;0;0;NULL;0.00;0;02/01/2024;NULL;NULL;2026-08-18 13:38:07;2026-08-21 05:05:56;ATLAS
815;NULL;CAPACITORES / ELETROLITICOS;938;Pot Acel 250KB 3 PINOS  L15 EIXO CURTO;UNI;DISPONÍVEL;produtos/938.png;NULL;938-capacitor-eletrolitico-elco-33;1000;0;ativo;5;1,6;0,7417;1,9;0,93839067;NULL;6,5;19,07;NULL;1;0;0;0;0;NULL;0.00;0;03/09/2025;NULL;NULL;2026-08-18 13:38:07;2026-08-21 05:05:56;ATLAS
816;NULL;CAPACITORES / ELETROLITICOS;939;IRGB4062 IGBT;PÇ;INDISPONIVEL;produtos/939.png;NULL;939-capacitor-eletrolitico-elco-33;1000;0;ativo;5;;15;NULL;15;NULL;0;0;NULL;1;0;0;0;0;NULL;0.00;0;05/09/2025;NULL;NULL;2026-08-18 13:38:07;2026-08-21 05:05:56;PEDRO
817;NULL;CAPACITORES / ELETROLITICOS;940;Pot Acel 1MB 3 PINOS L20 EIXO LONGO;UNI;DISPONÍVEL;produtos/940.png;NULL;940-capacitor-eletrolitico-elco-33;1000;0;ativo;5;1,6;0,7183;1,9;0,987255;NULL;6,5;28,75;NULL;1;0;0;0;0;NULL;0.00;0;04/09/2024;NULL;NULL;2026-08-18 13:38:07;2026-08-21 05:05:56;ATLAS
818;NULL;CAPACITORES / ELETROLITICOS;941;Pot Acel 200KA 3 PÍNOS L20 EIXO LONGO;UNI;DISPONÍVEL;produtos/941.png;NULL;941-capacitor-eletrolitico-elco-33;1000;0;ativo;5;1,6;0,6844;1,9;0,91676478;NULL;6,5;26,59;NULL;1;0;0;0;0;NULL;0.00;0;02/01/2024;NULL;NULL;2026-08-18 13:38:07;2026-08-21 05:05:56;ATLAS
819;NULL;CAPACITORES / ELETROLITICOS;943;2SC4793;PC;DISPONÍVEL;produtos/943.png;NULL;943-capacitor-eletrolitico-elco-33;1000;0;ativo;5;1,95;2,06;NULL;2,531472818;NULL;1,3;21,31;NULL;1;0;0;0;0;NULL;0.00;0;16/04/2024;NULL;NULL;2026-08-18 13:38:07;2026-08-21 05:05:56;SANTANA
820;NULL;CAPACITORES / ELETROLITICOS;944;IRFP460 GRANDE;PC;INDISPONIVEL;produtos/944.png;NULL;944-capacitor-eletrolitico-elco-33;1000;0;ativo;5;;8,03;NULL;9,2345;NULL;0;15;NULL;1;0;0;0;0;NULL;0.00;0;13/02/2025;NULL;NULL;2026-08-18 13:38:07;2026-08-21 05:05:56;TF
821;NULL;CAPACITORES / ELETROLITICOS;945;TOP252PN ;PÇ;DISPONÍVEL;produtos/945.png;NULL;945-capacitor-eletrolitico-elco-47;1000;0;ativo;5;9,19;4,59;9,19;4,59;NULL;0;0;NULL;1;0;0;0;0;NULL;0.00;0;28/01/2025;NULL;NULL;2026-08-18 13:38:07;2026-08-21 05:05:56;2020111PYStore
822;NULL;CAPACITORES / ELETROLITICOS;946;REG7806;PÇ;DISPONÍVEL;produtos/946.png;NULL;946-capacitor-eletrolitico-elco-47;1000;0;ativo;5;1,28;0,66;NULL;0,8448;NULL;0;28;NULL;1;0;0;0;0;NULL;0.00;0;15/06/2024;NULL;NULL;2026-08-18 13:38:07;2026-08-21 05:05:56;CX
823;NULL;CAPACITORES / ELETROLITICOS;949;TNY277PN;PÇ;DISPONÍVEL;produtos/949.png;NULL;949-capacitor-eletrolitico-elco-47;1000;0;ativo;5;9,59;6,95;NULL;8,4628482;NULL;2;19,38;NULL;1;0;0;0;0;NULL;0.00;0;23/04/2025;NULL;NULL;2026-08-18 13:38:07;2026-08-21 05:05:56;SANTANA
824;NULL;CAPACITORES / ELETROLITICOS;950;CAPACITOR ELETROLITICO ELCO 220 x 10;PÇ;DISPONÍVEL;produtos/950.png;NULL;950-capacitor-eletrolitico-elco-47;1000;0;ativo;5;0,15498;0,084;NULL;0,09947952;NULL;6,5;16,76;NULL;1;0;0;0;0;NULL;0.00;0;15/09/2025;NULL;NULL;2026-08-18 13:38:07;2026-08-21 05:05:56;SANTANA
825;NULL;CAPACITORES / ELETROLITICOS;951;CAPACITOR ELETROLITICO ELCO 680 x 50;PÇ;INDISPONIVEL;produtos/951.png;NULL;951-capacitor-eletrolitico-elco-47;1000;0;ativo;5;0,989;0,5045;NULL;0,65353725;NULL;6,5;22,73;NULL;1;0;0;0;0;NULL;0.00;0;30/09/2024;NULL;NULL;2026-08-18 13:38:07;2026-08-21 05:05:56;SANTANA
826;NULL;CAPACITORES / ELETROLITICOS;952;CAPACITOR ELETROLITICO ELCO 270 x 200;PÇ;INDISPONIVEL;produtos/952.png;NULL;952-capacitor-eletrolitico-elco-47;1000;0;ativo;5;4,75;;NULL;0;NULL;NULL;NULL;NULL;1;0;0;0;0;NULL;0.00;0;;NULL;NULL;2026-08-18 13:38:07;2026-08-21 05:05:56;
827;NULL;CAPACITORES / ELETROLITICOS;953;1M x 400v;PÇ;DISPONÍVEL;produtos/953.png;NULL;953-capacitor-eletrolitico-elco-47;1000;0;ativo;5;0,9749;0,4391;NULL;0,5981679;NULL;6,5;27,65;NULL;1;0;0;0;0;NULL;0.00;0;04/07/2024;NULL;NULL;2026-08-18 13:38:07;2026-08-21 05:05:56;ACP
828;NULL;CAPACITORES / ELETROLITICOS;954;15uf x 400v;PÇ;DISPONÍVEL;produtos/954.png;NULL;954-capacitor-eletrolitico-elco-47;1000;0;ativo;5;12,87;4,9733;12,5;6,42893853;NULL;6,5;21,46;NULL;1;0;0;0;0;NULL;0.00;0;05/02/2026;NULL;NULL;2026-08-18 13:38:07;2026-08-21 05:05:56;NWT
829;NULL;CAPACITORES / ELETROLITICOS;955;FUSIVEL CERAMICO 15A 6X30 CX 100 PCS ;PÇ;DISPONÍVEL;produtos/955.png;NULL;955-capacitor-eletrolitico-elco-47;1000;0;ativo;5;0,47;0,2;41;0,2381136;NULL;9,75;8,48;NULL;1;0;0;0;0;NULL;0.00;0;26/07/2024;NULL;NULL;2026-08-18 13:38:07;2026-08-21 05:05:56;ALLSEMI
830;NULL;CAPACITORES / ELETROLITICOS;956;FUSIVEL 10A 5X20 CERAMICO CX 100 PÇS ;PÇ;DISPONÍVEL;produtos/956.png;NULL;956-capacitor-eletrolitico-elco-47;1000;0;ativo;5;0,4;0,15;40;0,174798825;NULL;9,75;6,18;NULL;1;0;0;0;0;NULL;0.00;0;15/09/2025;NULL;NULL;2026-08-18 13:38:07;2026-08-21 05:05:56;ALLSEMI
831;NULL;CAPACITORES / ELETROLITICOS;957;FUSIVEL 15A 5X20 CERAMICO CX 100 PÇS ;PÇ;DISPONÍVEL;produtos/957.png;NULL;957-capacitor-eletrolitico-elco-47;1000;0;ativo;5;0,4;0,15;40;0,177762075;NULL;9,75;7,98;NULL;1;0;0;0;0;NULL;0.00;0;04/06/2024;NULL;NULL;2026-08-18 13:38:07;2026-08-21 05:05:56;ALLSEMI
832;NULL;CAPACITORES / ELETROLITICOS;958;TOP246YN;PÇ;INDISPONIVEL;produtos/958.png;NULL;958-capacitor-eletrolitico-elco-47;1000;0;ativo;5;13,97;4,58;13,97;4,58;NULL;0;0;NULL;1;0;0;0;0;NULL;0.00;0;23/02/2026;NULL;NULL;2026-08-18 13:38:07;2026-08-21 05:05:56;ALIE
833;NULL;CAPACITORES / ELETROLITICOS;959;CD4066;PÇ;INDISPONIVEL;produtos/959.png;NULL;959-capacitor-eletrolitico-elco-68;1000;0;ativo;5;1,14;0,72;NULL;0,9216;NULL;0;28;NULL;1;0;0;0;0;NULL;0.00;0;15/06/2024;NULL;NULL;2026-08-18 13:38:07;2026-08-21 05:05:56;CX
834;NULL;CAPACITORES / ELETROLITICOS;960;IKW75N65EH5 IGBT (SUBST. IRGP4066 E IRGP6690) ;PÇ;DISPONÍVEL;produtos/960.png;NULL;960-capacitor-eletrolitico-elco-68;1000;0;ativo;5;41,95;22,23;NULL;27,984348873;NULL;1,3;24,27;NULL;1;0;0;0;0;NULL;0.00;0;03/07/2025;NULL;NULL;2026-08-18 13:38:07;2026-08-21 05:05:56;TOTALITTY
835;NULL;CAPACITORES / ELETROLITICOS;961;IKW50N65EH5 IGBT(SUBST GP4063D);PÇ;DISPONÍVEL;produtos/961.png;NULL;961-capacitor-eletrolitico-elco-68;1000;0;ativo;5;30,5;15,99;25,8;20,129093049;NULL;1,3;24,27;NULL;1;0;0;0;0;NULL;0.00;0;;NULL;NULL;2026-08-18 13:38:07;2026-08-21 05:05:56;
836;NULL;CAPACITORES / ELETROLITICOS;962;2N5551;PC;DISPONÍVEL;produtos/962.png;NULL;962-capacitor-eletrolitico-elco-68;1000;0;ativo;5;0,2;0,11;NULL;0,11;NULL;0;0;NULL;1;0;0;0;0;NULL;0.00;0;17/04/2024;NULL;NULL;2026-08-18 13:38:07;2026-08-21 05:05:56;ALI
837;NULL;CAPACITORES / ELETROLITICOS;963;2N5401;PC;INDISPONIVEL;produtos/963.png;NULL;963-capacitor-eletrolitico-elco-68;1000;0;ativo;5;0,2;0,11;NULL;0,11;NULL;0;0;NULL;1;0;0;0;0;NULL;0.00;0;17/04/2024;NULL;NULL;2026-08-18 13:38:07;2026-08-21 05:05:56;ALI
838;NULL;CAPACITORES / ELETROLITICOS;968;Jack DC PAINEL 2,1MM PLASTICO/ PAINEL ;UNI;DISPONÍVEL;produtos/968.png;NULL;968-capacitor-eletrolitico-elco-68;1000;0;ativo;5;0,35;0,2854;NULL;0,38600392;NULL;9,75;21,28;NULL;1;0;0;0;0;NULL;0.00;0;03/11/2025;NULL;NULL;2026-08-18 13:38:07;2026-08-21 05:05:56;NWT
839;NULL;CAPACITORES / ELETROLITICOS;969;Esmagada Pinguinho T5 1,2w 12v (P/ Painel);PÇ;DISPONÍVEL;produtos/969.png;NULL;969-capacitor-eletrolitico-elco-82;1000;0;ativo;5;1,2;;1,25;0;NULL;NULL;NULL;NULL;1;0;0;0;0;NULL;0.00;0;;NULL;NULL;2026-08-18 13:38:07;2026-08-21 05:05:56;
840;NULL;CAPACITORES / ELETROLITICOS;970;Esmagada Pinguinho T5 1,2w 24v (P/ Painel);PÇ;DISPONÍVEL;produtos/970.png;NULL;970-capacitor-eletrolitico-elco-82;1000;0;ativo;5;1,2;;1,25;0;NULL;NULL;NULL;NULL;1;0;0;0;0;NULL;0.00;0;;NULL;NULL;2026-08-18 13:38:07;2026-08-21 05:05:56;
841;NULL;CAPACITORES / ELETROLITICOS;971;IR4427 SMD;PÇ;DISPONÍVEL;produtos/971.png;NULL;971-capacitor-eletrolitico-elco-10;1000;0;ativo;5;6,02;1,111;6,02;1,776;NULL;0;60;NULL;1;0;0;0;0;NULL;0.00;0;06/10/2025;NULL;NULL;2026-08-18 13:38:07;2026-08-21 05:05:56;ALIEXPRESS
842;NULL;CAPACITORES / ELETROLITICOS;972;CAPACITOR ELETROLITICO ELCO 10 x 16;PÇ;DISPONÍVEL;produtos/972.png;NULL;972-capacitor-eletrolitico-elco-10;1000;0;ativo;5;0,1349;0,057;NULL;0,07666722;NULL;6,5;19,98;NULL;1;0;0;0;0;NULL;0.00;0;30/06/2025;NULL;NULL;2026-08-18 13:38:07;2026-08-21 05:05:56;SANTANA
843;NULL;CAPACITORES / ELETROLITICOS;973;CAPACITOR ELETROLITICO ELCO 22 x 35;PÇ;INDISPONIVEL;produtos/973.png;NULL;973-capacitor-eletrolitico-elco-10;1000;0;ativo;5;;;NULL;0;NULL;NULL;NULL;NULL;1;0;0;0;0;NULL;0.00;0;;NULL;NULL;2026-08-18 13:38:07;2026-08-21 05:05:56;
844;NULL;CAPACITORES / ELETROLITICOS;974;CAPACITOR ELETROLITICO ELCO 150 x 25;PÇ;DISPONÍVEL;produtos/974.png;NULL;974-capacitor-eletrolitico-elco-10;1000;0;ativo;5;0,6049;0,2684;NULL;0,350207145;NULL;6,5;21,79;NULL;1;0;0;0;0;NULL;0.00;0;30/09/2024;NULL;NULL;2026-08-18 13:38:07;2026-08-21 05:05:56;SANTANA
845;NULL;CAPACITORES / ELETROLITICOS;975;CAPACITOR ELETROLITICO ELCO 3300 x 16v;PÇ;DISPONÍVEL;produtos/975.png;NULL;975-capacitor-eletrolitico-elco-10;1000;0;ativo;5;1,2849;0,6336;NULL;0,856467675;NULL;6,5;27,65;NULL;1;0;0;0;0;NULL;0.00;0;04/07/2024;NULL;NULL;2026-08-18 13:38:07;2026-08-21 05:05:56;ACP
846;NULL;CAPACITORES / ELETROLITICOS;976;GT30J124 ISOLADO;PÇ;DISPONÍVEL;produtos/976.png;NULL;976-capacitor-eletrolitico-elco-10;1000;0;ativo;5;9,2166;5;NULL;6,1443515;NULL;1,3;21,31;NULL;1;0;0;0;0;NULL;0.00;0;16/04/2024;NULL;NULL;2026-08-18 13:38:07;2026-08-21 05:05:56;SANTANA
847;NULL;CAPACITORES / ELETROLITICOS;980;FUSIVEL TERMICO 130 GRAUS /250V QUADRADO ;PÇ;DISPONÍVEL;produtos/980.png;NULL;980-capacitor-eletrolitico-elco-10;1000;0;ativo;5;0,75;0,28;0,5;0,28;NULL;0;0;NULL;1;0;0;0;0;NULL;0.00;0;29/09/2025;NULL;NULL;2026-08-18 13:38:07;2026-08-21 05:05:56;aliexpress
848;NULL;CAPACITORES / ELETROLITICOS;981;FUSIVEL TERMICO 150 GRAUS /250V QUADRADO ;PÇ;DISPONÍVEL;produtos/981.png;NULL;981-capacitor-eletrolitico-elco-10;1000;0;ativo;5;0,75;0,28;0,5;0,28;NULL;0;0;NULL;1;0;0;0;0;NULL;0.00;0;29/09/2025;NULL;NULL;2026-08-18 13:38:07;2026-08-21 05:05:56;aliexpress
849;NULL;CAPACITORES / ELETROLITICOS;982;EMENDA F FEMEA COAXIAL 90 GRAUS ENGATE RAPIDO;UNI;INDISPONIVEL;produtos/982.png;NULL;982-capacitor-eletrolitico-elco-10;1000;0;ativo;5;2,63;1;NULL;1,3971175;NULL;9,75;27,3;NULL;1;0;0;0;0;NULL;0.00;0;15/09/2025;NULL;NULL;2026-08-18 13:38:07;2026-08-21 05:05:56;MXT
850;NULL;CAPACITORES / ELETROLITICOS;984;CONECTOR SVGA MACHO HD15;UNI;DISPONÍVEL;produtos/984.png;NULL;984-capacitor-eletrolitico-elco-10;1000;0;ativo;5;1;0,3739;1,2;0,4941387;NULL;6,5;25,4;NULL;1;0;0;0;0;NULL;0.00;0;05/02/2024;NULL;NULL;2026-08-18 13:38:07;2026-08-21 05:05:56;NWT
851;NULL;CAPACITORES / ELETROLITICOS;985;CAPA DB9/HD15 VGA COM TRAVA KIT PARAFUSO LONGO PRETO ;UNI;DISPONÍVEL;produtos/985.png;NULL;985-capacitor-eletrolitico-elco-10;1000;0;ativo;5;2,4;0,92;1,4;1,009516;NULL;0;9,73;NULL;1;0;0;0;0;NULL;0.00;0;05/06/2026;NULL;NULL;2026-08-18 13:38:07;2026-08-21 05:05:56;ASIA
852;NULL;CAPACITORES / ELETROLITICOS;987;MICRO VENT 120 X 120X 38MM 220V C/ ROLAMENTO;UNI;INDISPONIVEL;produtos/987.png;NULL;987-capacitor-eletrolitico-elco-10;1000;0;ativo;5;77,23;35,5;74;38,6169;NULL;0;8,78;NULL;1;0;0;0;0;NULL;0.00;0;28/03/2024;NULL;NULL;2026-08-18 13:38:07;2026-08-21 05:05:56;ALLSEMI
853;NULL;CAPACITORES / ELETROLITICOS;988;HP6229;PÇ;DISPONÍVEL;produtos/988.png;NULL;988-capacitor-eletrolitico-elco-10;1000;0;ativo;5;8,65;;NULL;0;NULL;NULL;NULL;NULL;1;0;0;0;0;NULL;0.00;0;;NULL;NULL;2026-08-18 13:38:07;2026-08-21 05:05:56;
854;NULL;CAPACITORES / ELETROLITICOS;991;HT 8691 SP SMD ;PÇ;EST.BAIXO;produtos/991.png;NULL;991-capacitor-eletrolitico-elco-12;1000;0;ativo;5;5,95;;NULL;0;NULL;NULL;NULL;NULL;1;0;0;0;0;NULL;0.00;0;;NULL;NULL;2026-08-18 13:38:07;2026-08-21 05:05:56;
855;NULL;CAPACITORES / ELETROLITICOS;992;FONTE CHAVEADA 12V 5A BIVOLT 85V-265;UNI;INDISPONIVEL;produtos/992.png;NULL;992-capacitor-eletrolitico-elco-12;1000;0;ativo;5;16,9;13,5;25;14,2425;NULL;0;5,5;NULL;1;0;0;0;0;NULL;0.00;0;13/02/2024;NULL;NULL;2026-08-18 13:38:07;2026-08-21 05:05:56;kapbom
856;NULL;CAPACITORES / ELETROLITICOS;993;INDUTOR AXIAL 2,2 UH;UNI;DISPONÍVEL;produtos/993.png;NULL;993-capacitor-eletrolitico-elco-12;1000;0;ativo;5;1,5;;0,8;0;NULL;NULL;NULL;NULL;1;0;0;0;0;NULL;0.00;0;;NULL;NULL;2026-08-18 13:38:07;2026-08-21 05:05:56;
857;NULL;CAPACITORES / ELETROLITICOS;994;CAPACITOR DE ALTA TENSÃO MICRO-ONDAS(0,70UF 2100V);UNI;DISPONÍVEL;produtos/994.png;NULL;994-capacitor-eletrolitico-elco-12;1000;0;ativo;5;22;12;22,5;14,061834;NULL;6,5;10,03;NULL;1;0;0;0;0;NULL;0.00;0;09/09/2024;NULL;NULL;2026-08-18 13:38:07;2026-08-21 05:05:56;ALLSEMI
858;NULL;CAPACITORES / ELETROLITICOS;995;CAPACITOR DE ALTA TENSÃO MICRO-ONDAS(0,75UF 2100V);UNI;DISPONÍVEL;produtos/995.png;NULL;995-capacitor-eletrolitico-elco-15;1000;0;ativo;5;22;12;NULL;14,061834;NULL;6,5;10,03;NULL;1;0;0;0;0;NULL;0.00;0;09/09/2024;NULL;NULL;2026-08-18 13:38:07;2026-08-21 05:05:56;ALLSEMI
859;NULL;CAPACITORES / ELETROLITICOS;996;CAPACITOR ELETROLITICO ELCO 1 x 50;PÇ;INDISPONIVEL;produtos/996.png;NULL;996-capacitor-eletrolitico-elco-15;1000;0;ativo;5;0,1049;0,04048;NULL;0,05402532;NULL;6,5;26,82;NULL;1;0;0;0;0;NULL;0.00;0;13/10/2025;NULL;NULL;2026-08-18 13:38:07;2026-08-21 05:05:56;ACP
860;NULL;CAPACITORES / ELETROLITICOS;997;CAPACITOR ELETROLITICO ELCO 10 x 35;PÇ;INDISPONIVEL;produtos/997.png;NULL;997-capacitor-eletrolitico-elco-15;1000;0;ativo;5;;0,1388;NULL;0,17799558;NULL;6,5;19,38;NULL;1;0;0;0;0;NULL;0.00;0;23/04/2025;NULL;NULL;2026-08-18 13:38:07;2026-08-21 05:05:56;SANTANA
861;NULL;CAPACITORES / ELETROLITICOS;998;TNY274GN SMD;PÇ;DISPONÍVEL;produtos/998.png;NULL;998-capacitor-eletrolitico-elco-15;1000;0;ativo;5;3,88;1,94;NULL;1,94;NULL;0;0;NULL;1;0;0;0;0;NULL;0.00;0;17/04/2024;NULL;NULL;2026-08-18 13:38:07;2026-08-21 05:05:56;ALI
862;NULL;CAPACITORES / ELETROLITICOS;999;CAPACITOR ELETROLITICO ELCO 150 x 200;PÇ;INDISPONIVEL;produtos/999.png;NULL;999-capacitor-eletrolitico-elco-15;1000;0;ativo;5;5,838;3,13;NULL;3,89213622;NULL;6,5;16,76;NULL;1;0;0;0;0;NULL;0.00;0;15/09/2025;NULL;NULL;2026-08-18 13:38:07;2026-08-21 05:05:56;SANTANA
863;NULL;CAPACITORES / ELETROLITICOS;1000;CAPACITOR ELETROLITICO ELCO 680 x 35;PÇ;DISPONÍVEL;produtos/1000.png;NULL;1000-capacitor-eletrolitico-elco-15;1000;0;ativo;5;2,4249;0,98;NULL;1,26611247;NULL;6,5;21,31;NULL;1;0;0;0;0;NULL;0.00;0;1604/2024;NULL;NULL;2026-08-18 13:38:07;2026-08-21 05:05:56;SANTANA
864;NULL;CAPACITORES / ELETROLITICOS;1001;SOLDA TUBETE 1,0MM 25G;UNI;DISPONÍVEL;produtos/1001.png;NULL;1001-capacitor-eletrolitico-elco-15;1000;0;ativo;5;11;4,48;9;5,659136;NULL;0;26,32;NULL;1;0;0;0;0;NULL;0.00;0;01/03/2024;NULL;NULL;2026-08-18 13:38:07;2026-08-21 05:05:56;CAST
865;NULL;CAPACITORES / ELETROLITICOS;1002;SOLDA CAST 125G 1MM ;UNI;INDISPONIVEL;produtos/1002.png;NULL;1002-capacitor-eletrolitico-elco-15;1000;0;ativo;5;;18,3;38;23,31603;NULL;0;27,41;NULL;1;0;0;0;0;NULL;0.00;0;19/09/2024;NULL;NULL;2026-08-18 13:38:07;2026-08-21 05:05:56;CAST
866;NULL;CAPACITORES / ELETROLITICOS;1003;ELETRETO MICROFONE ;UNI;INDISPONIVEL;produtos/1003.png;NULL;1003-capacitor-eletrolitico-elco-15;1000;0;ativo;5;1,5;0,41;NULL;0,4715;NULL;0;15;NULL;1;0;0;0;0;NULL;0.00;0;21/02/2024;NULL;NULL;2026-08-18 13:38:07;2026-08-21 05:05:56;ALLSEMI
867;NULL;CAPACITORES / ELETROLITICOS;1004;TOP261YN;PÇ;INDISPONIVEL;produtos/1004.png;NULL;1004-capacitor-eletrolitico-elco-15;1000;0;ativo;5;15,59;9,17;15,59;9,17;NULL;0;0;NULL;1;0;0;0;0;NULL;0.00;0;28/01/2025;NULL;NULL;2026-08-18 13:38:07;2026-08-21 05:05:56;2020111PYStore
868;NULL;CAPACITORES / ELETROLITICOS;1005;BTA12-600;PÇ;INDISPONIVEL;produtos/1005.png;NULL;1005-capacitor-eletrolitico-elco-22;1000;0;ativo;5;3,15;1,1562;NULL;1,272868;NULL;0;9,73;NULL;1;0;0;0;0;NULL;0.00;0;05/02/2026;NULL;NULL;2026-08-18 13:38:07;2026-08-21 05:05:56;ASIA
869;NULL;CAPACITORES / ELETROLITICOS;1006;MAX232DR SMD;PÇ;DISPONÍVEL;produtos/1006.png;NULL;1006-capacitor-eletrolitico-elco-22;1000;0;ativo;5;2,1;0,82;NULL;1,0496;NULL;0;28;NULL;1;0;0;0;0;NULL;0.00;0;18/09/2024;NULL;NULL;2026-08-18 13:38:07;2026-08-21 05:05:56;CX
870;NULL;CAPACITORES / ELETROLITICOS;1007;LM339;PÇ;DISPONÍVEL;produtos/1007.png;NULL;1007-capacitor-eletrolitico-elco-22;1000;0;ativo;5;1,4;0,73;NULL;0,829499;NULL;3,3;10;NULL;1;0;0;0;0;NULL;0.00;0;25/06/2026;NULL;NULL;2026-08-18 13:38:07;2026-08-21 05:05:56;ASIA
871;NULL;CAPACITORES / ELETROLITICOS;1008;IRF2805;PÇ;INDISPONIVEL;produtos/1008.png;NULL;1008-capacitor-eletrolitico-elco-22;1000;0;ativo;5;12,55;10,42;NULL;12,531442112;NULL;1,3;18,72;NULL;1;0;0;0;0;NULL;0.00;0;28/05/2024;NULL;NULL;2026-08-18 13:38:07;2026-08-21 05:05:56;SANTANA
872;NULL;CAPACITORES / ELETROLITICOS;1009;ADP HDMI FEMEA P/ MINI HDMI MACHO ;UNI ;DISPONÍVEL;produtos/1009.png;NULL;1009-capacitor-eletrolitico-elco-22;1000;0;ativo;5;6,45;2,4487;NULL;3,639154155;NULL;9,75;20,03;NULL;1;0;0;0;0;NULL;0.00;0;01/09/2026;NULL;NULL;2026-08-18 13:38:07;2026-08-21 05:05:56;NWT
873;NULL;CAPACITORES / ELETROLITICOS;1010;ADP HDMI FEMEA P/ MICRO HDMI MACHO ;UNI ;DISPONÍVEL;produtos/1010.png;NULL;1010-capacitor-eletrolitico-elco-22;1000;0;ativo;5;9,75;3,7029;NULL;4,35957291;NULL;9,75;20,03;NULL;1;0;0;0;0;NULL;0.00;0;01/09/2026;NULL;NULL;2026-08-18 13:38:07;2026-08-21 05:05:56;NWT
874;NULL;CAPACITORES / ELETROLITICOS;1011;CABO P2 STEREO P/ 2 JACK RCA 0,15M;UNI;DISPONÍVEL;produtos/1011.png;NULL;1011-capacitor-eletrolitico-elco-22;1000;0;ativo;5;3,9;1,4438;NULL;1,9500264;NULL;5;28,97;NULL;1;0;0;0;0;NULL;0.00;0;27/04/2024;NULL;NULL;2026-08-18 13:38:07;2026-08-21 05:05:56;NWT
875;NULL;CAPACITORES / ELETROLITICOS;1012;TL084;PÇ;DISPONÍVEL;produtos/1012.png;NULL;1012-capacitor-eletrolitico-elco-22;1000;0;ativo;5;1,55;0,98;NULL;0,98;NULL;0;0;NULL;1;0;0;0;0;NULL;0.00;0;17/04/2024;NULL;NULL;2026-08-18 13:38:07;2026-08-21 05:05:56;ALI
876;NULL;CAPACITORES / ELETROLITICOS;1013;TL494;PÇ;INDISPONIVEL;produtos/1013.png;NULL;1013-capacitor-eletrolitico-elco-22;1000;0;ativo;5;2,55;1,1;3,2;1,1;NULL;0;0;NULL;1;0;0;0;0;NULL;0.00;0;17/04/2024;NULL;NULL;2026-08-18 13:38:07;2026-08-21 05:05:56;ALI
877;NULL;CAPACITORES / ELETROLITICOS;1014;2SD4515;PC;DISPONÍVEL;produtos/1014.png;NULL;1014-capacitor-eletrolitico-elco-22;1000;0;ativo;5;14,631;9,26;NULL;9,75541;NULL;0;5,35;NULL;1;0;0;0;0;NULL;0.00;0;04/09/2024;NULL;NULL;2026-08-18 13:38:07;2026-08-21 05:05:56;ALI
878;NULL;CAPACITORES / ELETROLITICOS;1015;MUR1520 2 TERMINAIS ;UNI;INDISPONIVEL;produtos/1015.png;NULL;1015-capacitor-eletrolitico-elco-22;1000;0;ativo;5;;;3,02;0;NULL;NULL;NULL;NULL;1;0;0;0;0;NULL;0.00;0;;NULL;NULL;2026-08-18 13:38:07;2026-08-21 05:05:56;
879;NULL;CAPACITORES / ELETROLITICOS;1016;DK3113;PÇ;DISPONÍVEL;produtos/1016.png;NULL;1016-capacitor-eletrolitico-elco-22;1000;0;ativo;5;10,95;1,111;10,95;1,776;NULL;0;60;NULL;1;0;0;0;0;NULL;0.00;0;06/10/2025;NULL;NULL;2026-08-18 13:38:07;2026-08-21 05:05:56;ALI
880;NULL;CAPACITORES / ELETROLITICOS;1017;DK3125;PÇ;INDISPONIVEL;produtos/1017.png;NULL;1017-capacitor-eletrolitico-elco-27;1000;0;ativo;5;11,79;3,686;11,79;5,904;NULL;0;60;NULL;1;0;0;0;0;NULL;0.00;0;06/10/2025;NULL;NULL;2026-08-18 13:38:07;2026-08-21 05:05:56;ALIE
881;NULL;CAPACITORES / ELETROLITICOS;1018;1M5 X 400V;PÇ;DISPONÍVEL;produtos/1018.png;NULL;1018-capacitor-eletrolitico-elco-27;1000;0;ativo;5;1,3049;0,6931;NULL;0,938036025;NULL;6,5;27,65;NULL;1;0;0;0;0;NULL;0.00;0;04/07/2024;NULL;NULL;2026-08-18 13:38:07;2026-08-21 05:05:56;ACP
882;NULL;CAPACITORES / ELETROLITICOS;1019;IRFP90N20;PÇ;INDISPONIVEL;produtos/1019.png;NULL;1019-capacitor-eletrolitico-elco-33;1000;0;ativo;5;19,5;18,52;NULL;19,51082;NULL;0;5,35;NULL;1;0;0;0;0;NULL;0.00;0;04/09/2024;NULL;NULL;2026-08-18 13:38:07;2026-08-21 05:05:56;ALI
883;NULL;CAPACITORES / ELETROLITICOS;1020;PLUG P10 MONO PRETO LINHA DIAMANTE BLACK  PROFISSIONAL;UNI;DISPONÍVEL;produtos/1020.png;NULL;1020-capacitor-eletrolitico-elco-33;1000;0;ativo;5;4,3;1,8279;NULL;2,492753945;NULL;9,75;21,03;NULL;1;0;0;0;0;NULL;0.00;0;03/09/2026;NULL;NULL;2026-08-18 13:38:07;2026-08-21 05:05:56;NWT
884;NULL;CAPACITORES / ELETROLITICOS;1021;Pot 500KB L16 3 PINOS C/ TRAVA P/ INSTRUMENTOS ;UNI;INDISPONIVEL;produtos/1021.png;NULL;1021-capacitor-eletrolitico-elco-33;1000;0;ativo;5;2,2;0,845;2,2;1,16433255;NULL;6,5;28,62;NULL;1;0;0;0;0;NULL;0.00;0;21/03/2024;NULL;NULL;2026-08-18 13:38:07;2026-08-21 05:05:56;ATLAS
885;NULL;CAPACITORES / ELETROLITICOS;1022;Pot 500KA L16 3 PINOS C/ TRAVA P/ INSTRUMENTOS ;UNI;INDISPONIVEL;produtos/1022.png;NULL;1022-capacitor-eletrolitico-elco-33;1000;0;ativo;5;2,2;0,845;2,2;1,16433255;NULL;6,5;28,62;NULL;1;0;0;0;0;NULL;0.00;0;22/03/2024;NULL;NULL;2026-08-18 13:38:07;2026-08-21 05:05:56;ATLAS
886;NULL;CAPACITORES / ELETROLITICOS;1023;REG7906;PÇ;DISPONÍVEL;produtos/1023.png;NULL;1023-capacitor-eletrolitico-elco-33;1000;0;ativo;5;1,95;;NULL;0;NULL;NULL;NULL;NULL;1;0;0;0;0;NULL;0.00;0;;NULL;NULL;2026-08-18 13:38:07;2026-08-21 05:05:56;
887;NULL;CAPACITORES / ELETROLITICOS;1024;REG 7908;PÇ;DISPONÍVEL;produtos/1024.png;NULL;1024-capacitor-eletrolitico-elco-33;1000;0;ativo;5;1,98;;NULL;0;NULL;NULL;NULL;NULL;1;0;0;0;0;NULL;0.00;0;;NULL;NULL;2026-08-18 13:38:07;2026-08-21 05:05:56;
888;NULL;CAPACITORES / ELETROLITICOS;1025;REG 7909 ;PÇ;INDISPONIVEL;produtos/1025.png;NULL;1025-capacitor-eletrolitico-elco-33;1000;0;ativo;5;;;NULL;0;NULL;NULL;NULL;NULL;1;0;0;0;0;NULL;0.00;0;;NULL;NULL;2026-08-18 13:38:07;2026-08-21 05:05:56;
889;NULL;CAPACITORES / ELETROLITICOS;1026;REG 7924;PÇ;INDISPONIVEL;produtos/1026.png;NULL;1026-capacitor-eletrolitico-elco-33;1000;0;ativo;5;;;NULL;0;NULL;NULL;NULL;NULL;1;0;0;0;0;NULL;0.00;0;;NULL;NULL;2026-08-18 13:38:07;2026-08-21 05:05:56;
890;NULL;CAPACITORES / ELETROLITICOS;1027;JACK J10 STEREO P/ PAINEL METAL ABERTO ;UNI;DISPONÍVEL;produtos/1027.png;NULL;1027-capacitor-eletrolitico-elco-33;1000;0;ativo;5;0;0,9146;NULL;1,280565195;NULL;9,75;28,22;NULL;1;0;0;0;0;NULL;0.00;0;23/07/2024;NULL;NULL;2026-08-18 13:38:07;2026-08-21 05:05:56;NWT
891;NULL;CAPACITORES / ELETROLITICOS;1028;JACK J10 MONO P/ PAINEL METAL ABERTO ;UNI;DISPONÍVEL;produtos/1028.png;NULL;1028-capacitor-eletrolitico-elco-33;1000;0;ativo;5;1,6;0,7048;NULL;0,90645598;NULL;9,75;20,03;NULL;1;0;0;0;0;NULL;0.00;0;03/09/2026;NULL;NULL;2026-08-18 13:38:07;2026-08-21 05:05:56;NWT
892;NULL;CAPACITORES / ELETROLITICOS;1029;GRADE METÁLICA  40 X 40;UNI;DISPONÍVEL;produtos/1029.png;NULL;1029-capacitor-eletrolitico-elco-47;1000;0;ativo;5;3,56;1,3442;NULL;1,773572745;NULL;3,25;28,19;NULL;1;0;0;0;0;NULL;0.00;0;20/03/2024;NULL;NULL;2026-08-18 13:38:07;2026-08-21 05:05:56;NWT
893;NULL;CAPACITORES / ELETROLITICOS;1031;P10 mono metal tipo Ninja Santo ANGELO (reforçado);UNI;DISPONÍVEL;produtos/1031.png;NULL;1031-capacitor-eletrolitico-elco-47;1000;0;ativo;5;3,85;1,7093;NULL;2,485159245;NULL;9,75;32,42;NULL;1;0;0;0;0;NULL;0.00;0;07/11/2024;NULL;NULL;2026-08-18 13:38:07;2026-08-21 05:05:56;NWT
894;NULL;CAPACITORES / ELETROLITICOS;1033;RESISTOR 100R 2w;;DISPONÍVEL;produtos/1033.png;NULL;1033-capacitor-eletrolitico-elco-47;1000;0;ativo;5;0,22;0,0997;NULL;0,13684185;NULL;6,5;28,49;NULL;1;0;0;0;0;NULL;0.00;0;21/03/2024;NULL;NULL;2026-08-18 13:38:07;2026-08-21 05:05:56;ACP
895;NULL;CAPACITORES / ELETROLITICOS;1034;RESISTOR 47R 2w;;DISPONÍVEL;produtos/1034.png;NULL;1034-capacitor-eletrolitico-elco-47;1000;0;ativo;5;0,22;0,0997;NULL;0,1368525;NULL;6,5;28,5;NULL;1;0;0;0;0;NULL;0.00;0;21/03/2024;NULL;NULL;2026-08-18 13:38:07;2026-08-21 05:05:56;ACP
896;NULL;CAPACITORES / ELETROLITICOS;1035;Jack Speak-on femea Painel plástico/ REFORÇADO ;UNI;INDISPONIVEL;produtos/1035.png;NULL;1035-capacitor-eletrolitico-elco-47;1000;0;ativo;5;5,4;2,6;NULL;3,3842718;NULL;6,5;22,22;NULL;1;0;0;0;0;NULL;0.00;0;03/09/2025;NULL;NULL;2026-08-18 13:38:07;2026-08-21 05:05:56;ATLAS
897;NULL;CAPACITORES / ELETROLITICOS;1036;SUPORTE PARA BATERIA 2 PILHAS AA PARALELO;PÇ;DISPONÍVEL;produtos/1036.png;NULL;1036-capacitor-eletrolitico-elco-47;1000;0;ativo;5;1,8;0,7396;NULL;0,812002;NULL;0;9,73;NULL;1;0;0;0;0;NULL;0.00;0;05/02/2026;NULL;NULL;2026-08-18 13:38:07;2026-08-21 05:05:56;ASIA
898;NULL;CAPACITORES / ELETROLITICOS;1037;SUPORTE PARA BATERIA 4 PILHAS AA;PÇ;DISPONÍVEL;produtos/1037.png;NULL;1037-capacitor-eletrolitico-elco-47;1000;0;ativo;5;3,2;1,45;3,2;1,909331725;NULL;9,75;19,98;NULL;1;0;0;0;0;NULL;0.00;0;30/06/2025;NULL;NULL;2026-08-18 13:38:07;2026-08-21 05:05:56;SANTANA
899;NULL;CAPACITORES / ELETROLITICOS;1038;JACK J10 STEREO P/ PLACA PLASTICO FECHADO 6 TERMINAIS FINOS REFORÇADO;UNI;DISPONÍVEL;produtos/1038.png;NULL;1038-capacitor-eletrolitico-elco-47;1000;0;ativo;5;3,15;1,3;NULL;1,69468125;NULL;9,75;23,08;NULL;1;0;0;0;0;NULL;0.00;0;03/09/2026;NULL;NULL;2026-08-18 13:38:07;2026-08-21 05:05:56;MXT
900;NULL;CAPACITORES / ELETROLITICOS;1039;FUSIVEL 0,1A 5X20 VIDRO CX 100 PÇS ;PÇ;DISPONÍVEL;produtos/1039.png;NULL;1039-capacitor-eletrolitico-elco-47;1000;0;ativo;5;18;9;NULL;10,584729;NULL;9,75;7,16;NULL;1;0;0;0;0;NULL;0.00;0;21/03/2024;NULL;NULL;2026-08-18 13:38:07;2026-08-21 05:05:56;ALLSEMI
901;NULL;CAPACITORES / ELETROLITICOS;1040;FUSIVEL 0,25A 6X30 VIDRO CX 100 PÇS ;CX 100X;DISPONÍVEL;produtos/1040.png;NULL;1040-capacitor-eletrolitico-elco-47;1000;0;ativo;5;22;9,7;NULL;11,30365735;NULL;9,75;6,18;NULL;1;0;0;0;0;NULL;0.00;0;15/09/2025;NULL;NULL;2026-08-18 13:38:07;2026-08-21 05:05:56;ALLSEMI
902;NULL;CAPACITORES / ELETROLITICOS;1041;FUSIVEL 0,5A 6X30 VIDRO CX 100 PÇS ;CX 100X;DISPONÍVEL;produtos/1041.png;NULL;1041-capacitor-eletrolitico-elco-47;1000;0;ativo;5;22;9;24;10,584729;NULL;9,75;7,16;NULL;1;0;0;0;0;NULL;0.00;0;21/03/2024;NULL;NULL;2026-08-18 13:38:07;2026-08-21 05:05:56;ALLSEMI
903;NULL;CAPACITORES / ELETROLITICOS;1042;FUSIVEL 20A 6X30 VIDRO CX 100 PÇS ;CX 100X;DISPONÍVEL;produtos/1042.png;NULL;1042-capacitor-eletrolitico-elco-56;1000;0;ativo;5;22;9;24;10,6657245;NULL;9,75;7,98;NULL;1;0;0;0;0;NULL;0.00;0;04/06/2024;NULL;NULL;2026-08-18 13:38:07;2026-08-21 05:05:56;ALLSEMI
904;NULL;CAPACITORES / ELETROLITICOS;1043;1M x 250v;PÇ;EST.BAIXO;produtos/1043.png;NULL;1043-capacitor-eletrolitico-elco-56;1000;0;ativo;5;0,9549;0,4132;NULL;0,557383725;NULL;6,5;27,65;NULL;1;0;0;0;0;NULL;0.00;0;04/07/2024;NULL;NULL;2026-08-18 13:38:07;2026-08-21 05:05:56;ACP
905;NULL;CAPACITORES / ELETROLITICOS;1044;1M5 X 250;PÇ;DISPONÍVEL;produtos/1044.png;NULL;1044-capacitor-eletrolitico-elco-68;1000;0;ativo;5;1,1549;0,503;NULL;0,67973625;NULL;6,5;27,65;NULL;1;0;0;0;0;NULL;0.00;0;04/07/2024;NULL;NULL;2026-08-18 13:38:07;2026-08-21 05:05:56;ACP
906;NULL;CAPACITORES / ELETROLITICOS;1045;FUSIVEL 2,5A 6X30 VIDRO CX 100 PÇS ;CX 100X;DISPONÍVEL;produtos/1045.png;NULL;1045-capacitor-eletrolitico-elco-68;1000;0;ativo;5;22;9;24;10,584729;NULL;9,75;7,16;NULL;1;0;0;0;0;NULL;0.00;0;21/03/2024;NULL;NULL;2026-08-18 13:38:07;2026-08-21 05:05:56;ALLSEMI
907;NULL;CAPACITORES / ELETROLITICOS;1046;FUSIVEL 6A 6X30 VIDRO CX 100 PÇS ;CX 100X;DISPONÍVEL;produtos/1046.png;NULL;1046-capacitor-eletrolitico-elco-68;1000;0;ativo;5;22;9;24;10,6657245;NULL;9,75;7,98;NULL;1;0;0;0;0;NULL;0.00;0;04/06/2024;NULL;NULL;2026-08-18 13:38:07;2026-08-21 05:05:56;ALLSEMI
908;NULL;CAPACITORES / ELETROLITICOS;1047;SUPORTE P/ MICROFONE COM ROSCA METALICA ;UNI;DISPONÍVEL;produtos/1047.png;NULL;1047-capacitor-eletrolitico-elco-68;1000;0;ativo;5;15;5,0163;10,97;7,5077865;NULL;15;30,05;NULL;1;0;0;0;0;NULL;0.00;0;30/06/2025;NULL;NULL;2026-08-18 13:38:07;2026-08-21 05:05:56;NWT
909;NULL;CAPACITORES / ELETROLITICOS;1049;OB2263 6 PINOS SMD;PÇ;DISPONÍVEL;produtos/1049.png;NULL;1049-capacitor-eletrolitico-elco-68;1000;0;ativo;5;7,85;1,23;7,85;1,295805;NULL;0;5,35;NULL;1;0;0;0;0;NULL;0.00;0;04/09/2024;NULL;NULL;2026-08-18 13:38:07;2026-08-21 05:05:56;ALI
910;NULL;CAPACITORES / ELETROLITICOS;1050;CD4071;PÇ;DISPONÍVEL;produtos/1050.png;NULL;1050-capacitor-eletrolitico-elco-68;1000;0;ativo;5;2,93;1,51;NULL;1,82852544;NULL;2;18,72;NULL;1;0;0;0;0;NULL;0.00;0;28/05/2024;NULL;NULL;2026-08-18 13:38:07;2026-08-21 05:05:56;SANTANA
911;NULL;CAPACITORES / ELETROLITICOS;1052;FAN7529 SMD;PÇ;DISPONÍVEL;produtos/1052.png;NULL;1052-capacitor-eletrolitico-elco-68;1000;0;ativo;5;2,95;;NULL;0;NULL;NULL;NULL;NULL;1;0;0;0;0;NULL;0.00;0;;NULL;NULL;2026-08-18 13:38:07;2026-08-21 05:05:56;
912;NULL;CAPACITORES / ELETROLITICOS;1053;APM4550;PÇ;DISPONÍVEL;produtos/1053.png;NULL;1053-capacitor-eletrolitico-elco-68;1000;0;ativo;5;7,36;3,8;NULL;4,6015872;NULL;2;18,72;NULL;1;0;0;0;0;NULL;0.00;0;28/05/2024;NULL;NULL;2026-08-18 13:38:07;2026-08-21 05:05:56;santana
913;NULL;CAPACITORES / ELETROLITICOS;1054;2SC945;PC;DISPONÍVEL;produtos/1054.png;NULL;1054-capacitor-eletrolitico-elco-82;1000;0;ativo;5;0,3659;0,1918;NULL;0,226575684;NULL;1,3;17,72;NULL;1;0;0;0;0;NULL;0.00;0;28/05/2024;NULL;NULL;2026-08-18 13:38:07;2026-08-21 05:05:56;SANTANA
914;NULL;CAPACITORES / ELETROLITICOS;1055;2SC2073;PC;INDISPONIVEL;produtos/1055.png;NULL;1055-capacitor-eletrolitico-elco-82;1000;0;ativo;5;3,1308;1,61;NULL;1,956789814;NULL;1,3;19,98;NULL;1;0;0;0;0;NULL;0.00;0;30/06/2025;NULL;NULL;2026-08-18 13:38:07;2026-08-21 05:05:56;SANTANA
915;NULL;CAPACITORES / ELETROLITICOS;1056;2SA940;PC;DISPONÍVEL;produtos/1056.png;NULL;1056-capacitor-eletrolitico-elco-10;1000;0;ativo;5;2,4049;1,25;NULL;1,51924675;NULL;1,3;19,98;NULL;1;0;0;0;0;NULL;0.00;0;30/06/2025;NULL;NULL;2026-08-18 13:38:07;2026-08-21 05:05:56;SANTANA
916;NULL;CAPACITORES / ELETROLITICOS;1057;BC550;PÇ;DISPONÍVEL;produtos/1057.png;NULL;1057-capacitor-eletrolitico-elco-10;1000;0;ativo;5;0,28;0,24;25;0,284928;NULL;NULL;18,72;NULL;1;0;0;0;0;NULL;0.00;0;28/05/2024;NULL;NULL;2026-08-18 13:38:07;2026-08-21 05:05:56;SANTANA
917;NULL;CAPACITORES / ELETROLITICOS;1058;2SC2655;PC;DISPONÍVEL;produtos/1058.png;NULL;1058-capacitor-eletrolitico-elco-10;1000;0;ativo;5;0,6049;0,38;NULL;0,461851012;NULL;1,3;19,98;NULL;1;0;0;0;0;NULL;0.00;0;30/06/2025;NULL;NULL;2026-08-18 13:38:07;2026-08-21 05:05:56;SANTANA
918;NULL;CAPACITORES / ELETROLITICOS;1059;CD4017;PÇ;DISPONÍVEL;produtos/1059.png;NULL;1059-capacitor-eletrolitico-elco-10;1000;0;ativo;5;1,22;0,648;NULL;0,832;NULL;0;28;NULL;1;0;0;0;0;NULL;0.00;0;15/06/2024;NULL;NULL;2026-08-18 13:38:07;2026-08-21 05:05:56;CX
919;NULL;CAPACITORES / ELETROLITICOS;1060;SD6834;PÇ;DISPONÍVEL;produtos/1060.png;NULL;1060-capacitor-eletrolitico-elco-10;1000;0;ativo;5;8,95;;8,9;0;NULL;NULL;NULL;NULL;1;0;0;0;0;NULL;0.00;0;;NULL;NULL;2026-08-18 13:38:07;2026-08-21 05:05:56;
920;NULL;CAPACITORES / ELETROLITICOS;1061;MUR1540 2 TERMINAIS ;UNI;DISPONÍVEL;produtos/1061.png;NULL;1061-capacitor-eletrolitico-elco-10;1000;0;ativo;5;3,95;;3,02;0;NULL;NULL;NULL;NULL;1;0;0;0;0;NULL;0.00;0;;NULL;NULL;2026-08-18 13:38:07;2026-08-21 05:05:56;
921;NULL;CAPACITORES / ELETROLITICOS;1062;UC3843;PÇ;DISPONÍVEL;produtos/1062.png;NULL;1062-capacitor-eletrolitico-elco-10;1000;0;ativo;5;1,29;0,7002;NULL;0,896;NULL;0;28;NULL;1;0;0;0;0;NULL;0.00;0;15/06/2024;NULL;NULL;2026-08-18 13:38:07;2026-08-21 05:05:56;CX
922;NULL;CAPACITORES / ELETROLITICOS;1063;BC848;PÇ;INDISPONIVEL;produtos/1063.png;NULL;1063-capacitor-eletrolitico-elco-10;1000;0;ativo;5;0,15;;NULL;0;NULL;NULL;NULL;NULL;1;0;0;0;0;NULL;0.00;0;;NULL;NULL;2026-08-18 13:38:07;2026-08-21 05:05:56;
923;NULL;CAPACITORES / ELETROLITICOS;1064;BC858;PÇ;INDISPONIVEL;produtos/1064.png;NULL;1064-capacitor-eletrolitico-elco-10;1000;0;ativo;5;;;NULL;0;NULL;NULL;NULL;NULL;1;0;0;0;0;NULL;0.00;0;;NULL;NULL;2026-08-18 13:38:07;2026-08-21 05:05:56;
924;NULL;CAPACITORES / ELETROLITICOS;1065;BC847;PÇ;DISPONÍVEL;produtos/1065.png;NULL;1065-capacitor-eletrolitico-elco-10;1000;0;ativo;5;0,15;;NULL;0;NULL;NULL;NULL;NULL;1;0;0;0;0;NULL;0.00;0;;NULL;NULL;2026-08-18 13:38:07;2026-08-21 05:05:56;
925;NULL;CAPACITORES / ELETROLITICOS;1066;BC857;PÇ;DISPONÍVEL;produtos/1066.png;NULL;1066-capacitor-eletrolitico-elco-10;1000;0;ativo;5;0,15;;NULL;0;NULL;NULL;NULL;NULL;1;0;0;0;0;NULL;0.00;0;;NULL;NULL;2026-08-18 13:38:07;2026-08-21 05:05:56;
926;NULL;CAPACITORES / ELETROLITICOS;1067;IR2011 ;PÇ;INDISPONIVEL;produtos/1067.png;NULL;1067-capacitor-eletrolitico-elco-12;1000;0;ativo;5;;;NULL;0;NULL;NULL;NULL;NULL;1;0;0;0;0;NULL;0.00;0;;NULL;NULL;2026-08-18 13:38:07;2026-08-21 05:05:56;
927;NULL;CAPACITORES / ELETROLITICOS;1068;IR2011 SMD;PÇ;INDISPONIVEL;produtos/1068.png;NULL;1068-capacitor-eletrolitico-elco-15;1000;0;ativo;5;13,95;3,16;NULL;3,16;NULL;0;0;NULL;1;0;0;0;0;NULL;0.00;0;23/02/2026;NULL;NULL;2026-08-18 13:38:07;2026-08-21 05:05:56;al
928;NULL;CAPACITORES / ELETROLITICOS;1069;J4215;PC;DISPONÍVEL;produtos/1069.png;NULL;1069-capacitor-eletrolitico-elco-15;1000;0;ativo;5;8,95;6,61;NULL;7,949408096;NULL;1,3;18,72;NULL;1;0;0;0;0;NULL;0.00;0;28/05/2024;NULL;NULL;2026-08-18 13:38:07;2026-08-21 05:05:56;SANTANA
929;NULL;CAPACITORES / ELETROLITICOS;1070;J4315;PC;DISPONÍVEL;produtos/1070.png;NULL;1070-capacitor-eletrolitico-elco-15;1000;0;ativo;5;8,95;7,2;NULL;8,65896192;NULL;1,3;18,72;NULL;1;0;0;0;0;NULL;0.00;0;28/05/2024;NULL;NULL;2026-08-18 13:38:07;2026-08-21 05:05:56;SANTANA
930;NULL;CAPACITORES / ELETROLITICOS;1071;LM319 SMD;PÇ;INDISPONIVEL;produtos/1071.png;NULL;1071-capacitor-eletrolitico-elco-15;1000;0;ativo;5;;;NULL;0;NULL;NULL;NULL;NULL;1;0;0;0;0;NULL;0.00;0;;NULL;NULL;2026-08-18 13:38:07;2026-08-21 05:05:56;
931;NULL;CAPACITORES / ELETROLITICOS;1072;TIP31;PÇ;DISPONÍVEL;produtos/1072.png;NULL;1072-capacitor-eletrolitico-elco-15;1000;0;ativo;5;1,45;0,76;NULL;0,9348;NULL;0;23,72;NULL;1;0;0;0;0;NULL;0.00;0;03/09/2026;NULL;NULL;2026-08-18 13:38:07;2026-08-21 05:05:56;ALLNETSYS
932;NULL;CAPACITORES / ELETROLITICOS;1073;TIP32;PÇ;DISPONÍVEL;produtos/1073.png;NULL;1073-capacitor-eletrolitico-elco-15;1000;0;ativo;5;1,45;0,76;NULL;0,9348;NULL;0;23,72;NULL;1;0;0;0;0;NULL;0.00;0;03/09/2026;NULL;NULL;2026-08-18 13:38:07;2026-08-21 05:05:56;ALLNETSYS
933;NULL;CAPACITORES / ELETROLITICOS;1074;P55N06;PÇ;DISPONÍVEL;produtos/1074.png;NULL;1074-capacitor-eletrolitico-elco-15;1000;0;ativo;5;4,32;2,37;NULL;2,880491838;NULL;1,3;19,98;NULL;1;0;0;0;0;NULL;0.00;0;30/06/2025;NULL;NULL;2026-08-18 13:38:07;2026-08-21 05:05:56;SANTANA
934;NULL;CAPACITORES / ELETROLITICOS;1075;NE5532;PÇ;INDISPONIVEL;produtos/1075.png;NULL;1075-capacitor-eletrolitico-elco-15;1000;0;ativo;5;0,85;1,02;NULL;1,24827192;NULL;2;19,98;NULL;1;0;0;0;0;NULL;0.00;0;30/06/2025;NULL;NULL;2026-08-18 13:38:07;2026-08-21 05:05:56;SANTANA
935;NULL;CAPACITORES / ELETROLITICOS;1076;NE5532 SMD;PÇ;DISPONÍVEL;produtos/1076.png;NULL;1076-capacitor-eletrolitico-elco-18;1000;0;ativo;5;1,8;0,98;NULL;1,19932008;NULL;2;19,98;NULL;1;0;0;0;0;NULL;0.00;0;30/06/2025;NULL;NULL;2026-08-18 13:38:07;2026-08-21 05:05:56;SANTANA
936;NULL;CAPACITORES / ELETROLITICOS;1077;UC3844 SMD;PÇ;INDISPONIVEL;produtos/1077.png;NULL;1077-capacitor-eletrolitico-elco-18;1000;0;ativo;5;;;NULL;0;NULL;NULL;NULL;NULL;1;0;0;0;0;NULL;0.00;0;;NULL;NULL;2026-08-18 13:38:07;2026-08-21 05:05:56;
937;NULL;CAPACITORES / ELETROLITICOS;1078;UC3843 SMD;PÇ;INDISPONIVEL;produtos/1078.png;NULL;1078-capacitor-eletrolitico-elco-18;1000;0;ativo;5;;;NULL;0;NULL;NULL;NULL;NULL;1;0;0;0;0;NULL;0.00;0;;NULL;NULL;2026-08-18 13:38:07;2026-08-21 05:05:56;
938;NULL;CAPACITORES / ELETROLITICOS;1079;LM1117 - 3,3V;PÇ;INDISPONIVEL;produtos/1079.png;NULL;1079-capacitor-eletrolitico-elco-22;1000;0;ativo;5;;;NULL;0;NULL;NULL;NULL;NULL;1;0;0;0;0;NULL;0.00;0;;NULL;NULL;2026-08-18 13:38:07;2026-08-21 05:05:56;
939;NULL;CAPACITORES / ELETROLITICOS;1080;LM1117 - 5,0V;PÇ;INDISPONIVEL;produtos/1080.png;NULL;1080-capacitor-eletrolitico-elco-22;1000;0;ativo;5;;;NULL;0;NULL;NULL;NULL;NULL;1;0;0;0;0;NULL;0.00;0;;NULL;NULL;2026-08-18 13:38:07;2026-08-21 05:05:56;
940;NULL;CAPACITORES / ELETROLITICOS;1081;IRF9530;PÇ;DISPONÍVEL;produtos/1081.png;NULL;1081-capacitor-eletrolitico-elco-22;1000;0;ativo;5;5,36;2,0716;NULL;2,676705615;NULL;1,3;27,65;NULL;1;0;0;0;0;NULL;0.00;0;04/07/2024;NULL;NULL;2026-08-18 13:38:07;2026-08-21 05:05:56;ACP
941;NULL;CAPACITORES / ELETROLITICOS;1082;IRF740;PÇ;DISPONÍVEL;produtos/1082.png;NULL;1082-capacitor-eletrolitico-elco-22;1000;0;ativo;5;4,6949;1,8;4,8;2,34;NULL;0;30;NULL;1;0;0;0;0;NULL;0.00;0;13/02/2025;NULL;NULL;2026-08-18 13:38:07;2026-08-21 05:05:56;CX
942;NULL;CAPACITORES / ELETROLITICOS;1083;BF422;PÇ;DISPONÍVEL;produtos/1083.png;NULL;1083-capacitor-eletrolitico-elco-22;1000;0;ativo;5;0,3549;0,178;20;0,212900184;NULL;1,3;16,76;NULL;1;0;0;0;0;NULL;0.00;0;15/09/2025;NULL;NULL;2026-08-18 13:38:07;2026-08-21 05:05:56;SANTANA
943;NULL;CAPACITORES / ELETROLITICOS;1084;BF423;PÇ;INDISPONIVEL;produtos/1084.png;NULL;1084-capacitor-eletrolitico-elco-22;1000;0;ativo;5;;0,178;20;0,218771532;NULL;1,3;19,98;NULL;1;0;0;0;0;NULL;0.00;0;30/06/2025;NULL;NULL;2026-08-18 13:38:07;2026-08-21 05:05:56;SANTANA
944;NULL;CAPACITORES / ELETROLITICOS;1085;LNK626DG SMD;PÇ;DISPONÍVEL;produtos/1085.png;NULL;1085-capacitor-eletrolitico-elco-22;1000;0;ativo;5;9,99;8,17;NULL;9,94841292;NULL;2;19,38;NULL;1;0;0;0;0;NULL;0.00;0;23/04/2025;NULL;NULL;2026-08-18 13:38:07;2026-08-21 05:05:56;SANTANA
945;NULL;CAPACITORES / ELETROLITICOS;1086;MOC3041;PÇ;DISPONÍVEL;produtos/1086.png;NULL;1086-capacitor-eletrolitico-elco-22;1000;0;ativo;5;3,17;1,240154;NULL;1,58286;NULL;0;27,65;NULL;1;0;0;0;0;NULL;0.00;0;04/07/2024;NULL;NULL;2026-08-18 13:38:07;2026-08-21 05:05:56;ACP
946;NULL;CAPACITORES / ELETROLITICOS;1087;MOC3042;PÇ;DISPONÍVEL;produtos/1087.png;NULL;1087-capacitor-eletrolitico-elco-22;1000;0;ativo;5;4,35;1,7;NULL;2,176;NULL;0;28;NULL;1;0;0;0;0;NULL;0.00;0;15/09/2024;NULL;NULL;2026-08-18 13:38:07;2026-08-21 05:05:56;CX
947;NULL;CAPACITORES / ELETROLITICOS;1088;2SD667;PÇ;DISPONÍVEL;produtos/1088.png;NULL;1088-capacitor-eletrolitico-elco-22;1000;0;ativo;5;0,8075;0,4551;NULL;0,544078248;NULL;1,3;16,76;NULL;1;0;0;0;0;NULL;0.00;0;15/09/2025;NULL;NULL;2026-08-18 13:38:07;2026-08-21 05:05:56;SANTANA
948;NULL;CAPACITORES / ELETROLITICOS;1089;MICRO VENT 90 X 90X 25 24V;UNI;DISPONÍVEL;produtos/1089.png;NULL;1089-capacitor-eletrolitico-elco-22;1000;0;ativo;5;13,1;5,95;12;6,682763325;NULL;3,25;8,78;NULL;1;0;0;0;0;NULL;0.00;0;28/03/2024;NULL;NULL;2026-08-18 13:38:07;2026-08-21 05:05:56;ALLSEMI
949;NULL;CAPACITORES / ELETROLITICOS;1090;CAPACITOR ELETROLITICO ELCO 47 x 16;PÇ;DISPONÍVEL;produtos/1090.png;NULL;1090-capacitor-eletrolitico-elco-33;1000;0;ativo;5;0,1149;0,0453;NULL;0,068676525;NULL;6,5;28,97;NULL;1;0;0;0;0;NULL;0.00;0;27/04/2024;NULL;NULL;2026-08-18 13:38:07;2026-08-21 05:05:56;NWT
950;NULL;CAPACITORES / ELETROLITICOS;1091; SI4501B SMD;PÇ;DISPONÍVEL;produtos/1091.png;NULL;1091-capacitor-eletrolitico-elco-33;1000;0;ativo;5;4,25;;NULL;0;NULL;NULL;NULL;NULL;1;0;0;0;0;NULL;0.00;0;;NULL;NULL;2026-08-18 13:38:07;2026-08-21 05:05:56;
951;NULL;CAPACITORES / ELETROLITICOS;1092;74HC164D SMD;PÇ;INDISPONIVEL;produtos/1092.png;NULL;1092-capacitor-eletrolitico-elco-33;1000;0;ativo;5;3,02;0,944;3,0208;1,504;NULL;0;60;NULL;1;0;0;0;0;NULL;0.00;0;06/10/2025;NULL;NULL;2026-08-18 13:38:07;2026-08-21 05:05:56;ALIE
952;NULL;CAPACITORES / ELETROLITICOS;1093;CAPACITOR ELETROLITICO ELCO 150 x 50;PÇ;DISPONÍVEL;produtos/1093.png;NULL;1093-capacitor-eletrolitico-elco-33;1000;0;ativo;5;3,3549;1,3776;NULL;1,78994763;NULL;6,5;21,79;NULL;1;0;0;0;0;NULL;0.00;0;30/09/2024;NULL;NULL;2026-08-18 13:38:07;2026-08-21 05:05:56;SANTANA
953;NULL;CAPACITORES / ELETROLITICOS;1094;CAPACITOR ELETROLITICO ELCO 150 x 35;PÇ;INDISPONIVEL;produtos/1094.png;NULL;1094-capacitor-eletrolitico-elco-33;1000;0;ativo;5;;;NULL;0;NULL;NULL;NULL;NULL;1;0;0;0;0;NULL;0.00;0;;NULL;NULL;2026-08-18 13:38:07;2026-08-21 05:05:56;
954;NULL;CAPACITORES / ELETROLITICOS;1095;CD4049;PÇ;DISPONÍVEL;produtos/1095.png;NULL;1095-capacitor-eletrolitico-elco-33;1000;0;ativo;5;1,94;1;NULL;1,210944;NULL;2;18,72;NULL;1;0;0;0;0;NULL;0.00;0;28/05/2024;NULL;NULL;2026-08-18 13:38:07;2026-08-21 05:05:56;SANTANA
955;NULL;CAPACITORES / ELETROLITICOS;1096;FUSIVEL LAMINA MINI AUTOMOTIVO 35A;PÇ;DISPONÍVEL;produtos/1096.png;NULL;1096-capacitor-eletrolitico-elco-33;1000;0;ativo;5;0,35;0,17;NULL;0,2263341325;NULL;9,75;21,31;NULL;1;0;0;0;0;NULL;0.00;0;16/04/2024;NULL;NULL;2026-08-18 13:38:07;2026-08-21 05:05:56;SANTANA
956;NULL;CAPACITORES / ELETROLITICOS;1097;FUSIVEL LAMINA MEDIO AUTOMOTIVO 5A;PÇ;DISPONÍVEL;produtos/1097.png;NULL;1097-capacitor-eletrolitico-elco-47;1000;0;ativo;5;0,4;0,17;NULL;0,2263341325;NULL;9,75;21,31;NULL;1;0;0;0;0;NULL;0.00;0;16/04/2024;NULL;NULL;2026-08-18 13:38:07;2026-08-21 05:05:56;SANTANA
957;NULL;CAPACITORES / ELETROLITICOS;1098;PONTA CÔNICA FERRO DE SOLDA 40W UNI PCO 4UNI;UNI;INDISPONIVEL;produtos/1098.png;NULL;1098-capacitor-eletrolitico-elco-47;1000;0;ativo;5;29;15,79;NULL;19,154849;NULL;0;21,31;NULL;1;0;0;0;0;NULL;0.00;0;16/04/2024;NULL;NULL;2026-08-18 13:38:07;2026-08-21 05:05:56;TF
958;NULL;CAPACITORES / ELETROLITICOS;1100;TOP261EN;PÇ;INDISPONIVEL;produtos/1100.png;NULL;1100-capacitor-eletrolitico-elco-47;1000;0;ativo;5;11,91;6,42;NULL;7,94386404;NULL;2;21,31;NULL;1;0;0;0;0;NULL;0.00;0;16/04/2024;NULL;NULL;2026-08-18 13:38:07;2026-08-21 05:05:56;SANTANA
959;NULL;CAPACITORES / ELETROLITICOS;1101;DAP011 SMD;PÇ;INDISPONIVEL;produtos/1101.png;NULL;1101-capacitor-eletrolitico-elco-47;1000;0;ativo;5;;3,48;NULL;4,30601976;NULL;2;21,31;NULL;1;0;0;0;0;NULL;0.00;0;16/04/2024;NULL;NULL;2026-08-18 13:38:07;2026-08-21 05:05:56;SANTANA
960;NULL;CAPACITORES / ELETROLITICOS;1102;CSC7225 = DK125;PÇ;INDISPONIVEL;produtos/1102.png;NULL;1102-capacitor-eletrolitico-elco-47;1000;0;ativo;5;;2,3061;NULL;2,86961598;NULL;2;21,79;NULL;1;0;0;0;0;NULL;0.00;0;30/09/2024;NULL;NULL;2026-08-18 13:38:07;2026-08-21 05:05:56;SANTANA
961;NULL;CAPACITORES / ELETROLITICOS;1103;BT131-600;PÇ;INDISPONIVEL;produtos/1103.png;NULL;1103-capacitor-eletrolitico-elco-47;1000;0;ativo;5;;1,88;NULL;2,223624144;NULL;1,3;16,76;NULL;1;0;0;0;0;NULL;0.00;0;15/09/2025;NULL;NULL;2026-08-18 13:38:07;2026-08-21 05:05:56;SANTANA
962;NULL;CAPACITORES / ELETROLITICOS;1104;CD4028;PÇ;DISPONÍVEL;produtos/1104.png;NULL;1104-capacitor-eletrolitico-elco-47;1000;0;ativo;5;1,3;0,6328;NULL;0,8064;NULL;0;28;NULL;1;0;0;0;0;NULL;0.00;0;15/06/2024;NULL;NULL;2026-08-18 13:38:07;2026-08-21 05:05:56;CX
963;NULL;CAPACITORES / ELETROLITICOS;1107;LM324 SMD;PÇ;DISPONÍVEL;produtos/1107.png;NULL;1107-capacitor-eletrolitico-elco-68;1000;0;ativo;5;0,9;0,22;NULL;0,2816;NULL;0;28;NULL;1;0;0;0;0;NULL;0.00;0;15/06/2024;NULL;NULL;2026-08-18 13:38:07;2026-08-21 05:05:56;CX
964;NULL;CAPACITORES / ELETROLITICOS;1108;FQP50N06;PÇ;INDISPONIVEL;produtos/1108.png;NULL;1108-capacitor-eletrolitico-elco-68;1000;0;ativo;5;;2,38;NULL;2,38;NULL;0;0;NULL;1;0;0;0;0;NULL;0.00;0;19/04/2023;NULL;NULL;2026-08-18 13:38:07;2026-08-21 05:05:56;ALI
965;NULL;CAPACITORES / ELETROLITICOS;1109;Pot Acel 10KA 3 PINOS L15 EIXO CURTO;UNI;DISPONÍVEL;produtos/1109.png;NULL;1109-capacitor-eletrolitico-elco-68;1000;0;ativo;5;1,6;0,7417;1,9;0,93846948;NULL;6,5;19,08;NULL;1;0;0;0;0;NULL;0.00;0;15/09/2025;NULL;NULL;2026-08-18 13:38:07;2026-08-21 05:05:56;ATLAS
966;NULL;CAPACITORES / ELETROLITICOS;1110;Pot Acel 50KB 3 PINOS L15 EIXO CURTO C/ CENTER CLICK ( PARA NO MEIO );UNI;DISPONÍVEL;produtos/1110.png;NULL;1110-capacitor-eletrolitico-elco-10;1000;0;ativo;5;1,6;0,9389655;1,9;1,26498996;NULL;6,5;26,36;NULL;1;0;0;0;0;NULL;0.00;0;22/04/2024;NULL;NULL;2026-08-18 13:38:07;2026-08-21 05:05:56;ATLAS
967;NULL;CAPACITORES / ELETROLITICOS;1111;Pot Acel 50KB Estereo  L15 EIXO CURTO C/ CENTER CLICK ( PARA NO MEIO );UNI;DISPONÍVEL;produtos/1111.png;NULL;1111-capacitor-eletrolitico-elco-10;1000;0;ativo;5;2,6;1,126758;2,7;1,52067942;NULL;6,5;26,36;NULL;1;0;0;0;0;NULL;0.00;0;22/04/2024;NULL;NULL;2026-08-18 13:38:07;2026-08-21 05:05:56;ATLAS
968;NULL;CAPACITORES / ELETROLITICOS;1112;Pot Acel 50KB Estereo  L15 EIXO CURTO;UNI;DISPONÍVEL;produtos/1112.png;NULL;1112-capacitor-eletrolitico-elco-10;1000;0;ativo;5;2,6;0,9953043;2,7;1,345734;NULL;6,5;26,36;NULL;1;0;0;0;0;NULL;0.00;0;22/04/2024;NULL;NULL;2026-08-18 13:38:07;2026-08-21 05:05:56;ATLAS
969;NULL;DIVERSOS / COMPONENTES;1113;Pot Acel 100KB Estereo  L15 EIXO CURTO ;UNI;DISPONÍVEL;produtos/1113.png;NULL;1113-1m-x-250v;1000;0;ativo;5;2,6;1,023475;2,7;1,38025278;NULL;6,5;27,06;NULL;1;0;0;0;0;NULL;0.00;0;25/06/2024;NULL;NULL;2026-08-18 13:38:07;2026-08-21 05:05:56;ATLAS
970;NULL;CAPACITORES / POLIESTER;1114;Pot Acel 100KB Estereo  L20 EIXO LONGO;UNI;DISPONÍVEL;produtos/1114.png;NULL;1114-1m-x-400v;1000;0;ativo;5;2,6;1,023475;2,7;1,38025278;NULL;6,5;27,06;NULL;1;0;0;0;0;NULL;0.00;0;25/06/2024;NULL;NULL;2026-08-18 13:38:07;2026-08-21 05:05:56;ATLAS
971;NULL;DIVERSOS / COMPONENTES;1115;Pot Acel 10KB Estereo  L15 EIXO CURTO;UNI;DISPONÍVEL;produtos/1115.png;NULL;1115-1m5-x-250;1000;0;ativo;5;2,6;0,9953043;2,7;1,345734;NULL;6,5;26,36;NULL;1;0;0;0;0;NULL;0.00;0;22/04/2024;NULL;NULL;2026-08-18 13:38:07;2026-08-21 05:05:56;ATLAS
972;NULL;CAPACITORES / POLIESTER;1116;Pot Acel 1KB Estereo  L15 EIXO CURTO ;UNI;DISPONÍVEL;produtos/1116.png;NULL;1116-1m5-x-400v;1000;0;ativo;5;2,6;1,126;2,7;1,430541015;NULL;6,5;18,87;NULL;1;0;0;0;0;NULL;0.00;0;15/12/2025;NULL;NULL;2026-08-18 13:38:07;2026-08-21 05:05:56;ATLAS
973;NULL;CAPACITORES / POLIESTER;1117;Pot Acel 1KB Estereo  L20 EIXO LONGO;UNI;DISPONÍVEL;produtos/1117.png;NULL;1117-2m2-x-250v-laranja;1000;0;ativo;5;2,6;0,9953043;2,7;1,345734;NULL;6,5;26,36;NULL;1;0;0;0;0;NULL;0.00;0;22/04/2024;NULL;NULL;2026-08-18 13:38:07;2026-08-21 05:05:56;ATLAS
974;NULL;CAPACITORES / POLIESTER;1118;Pot Acel 20KB Estereo  L15 EIXO CURTO;UNI;DISPONÍVEL;produtos/1118.png;NULL;1118-2m2-x-400v-poliester;1000;0;ativo;5;2,6;0,995304;2,7;1,34616;NULL;6,5;26,4;NULL;1;0;0;0;0;NULL;0.00;0;22/04/2024;NULL;NULL;2026-08-18 13:38:07;2026-08-21 05:05:56;ATLAS
975;NULL;CAPACITORES / POLIESTER;1119;Pot Acel 250KB Estereo  L15 EIXO LONGO;UNI;DISPONÍVEL;produtos/1119.png;NULL;1119-3m3-x-250v-laranja;1000;0;ativo;5;2,6;0,9953043;2,7;1,345734;NULL;6,5;26,36;NULL;1;0;0;0;0;NULL;0.00;0;22/04/2023;NULL;NULL;2026-08-18 13:38:07;2026-08-21 05:05:56;ATLAS
976;NULL;CAPACITORES / POLIESTER;1120;Pot Acel 250KB Estereo  L20 EIXO LONGO;UNI;DISPONÍVEL;produtos/1120.png;NULL;1120-4m7-x-250v-poliester;1000;0;ativo;5;2,6;0,9953043;2,7;1,345734;NULL;6,5;26,36;NULL;1;0;0;0;0;NULL;0.00;0;22/04/2023;NULL;NULL;2026-08-18 13:38:07;2026-08-21 05:05:56;ATLAS
977;NULL;CAPACITORES / POLIESTER;1121;Pot Acel 5KB Estereo  L20 EIXO LONGO;UNI;DISPONÍVEL;produtos/1121.png;NULL;1121-4k7-x-100v;1000;0;ativo;5;2,6;0,9953043;2,7;1,345734;NULL;6,5;26,36;NULL;1;0;0;0;0;NULL;0.00;0;24/04/2024;NULL;NULL;2026-08-18 13:38:07;2026-08-21 05:05:56;ATLAS
978;NULL;CAPACITORES / POLIESTER;1122;Pot 10KB L40 - 23MM S/ CHAVE LINEAR;UNI;INDISPONIVEL;produtos/1122.png;NULL;1122-8k2-x-100v;1000;0;ativo;5;;1,596246;NULL;2,1531744;NULL;6,5;26,36;NULL;1;0;0;0;0;NULL;0.00;0;22/04/2024;NULL;NULL;2026-08-18 13:38:07;2026-08-21 05:05:56;ATLAS
979;NULL;CAPACITORES / POLIESTER;1123;Pot 25KB L16 3 PINOS C/ TRAVA P/ INSTRUMENTOS ;UNI;DISPONÍVEL;produtos/1123.png;NULL;1123-10k-x-100v;1000;0;ativo;5;2,2;0,8450688;2,2;1,1438739;NULL;6,5;26,36;NULL;1;0;0;0;0;NULL;0.00;0;22/04/2024;NULL;NULL;2026-08-18 13:38:07;2026-08-21 05:05:56;ATLAS
980;NULL;CAPACITORES / POLIESTER;1124;Pot 50KB L16 3 PINOS C/ TRAVA P/ INSTRUMENTOS ;UNI;DISPONÍVEL;produtos/1124.png;NULL;1124-15k-x-100v;1000;0;ativo;5;2,2;0,8450688;2,2;1,1438739;NULL;6,5;26,36;NULL;1;0;0;0;0;NULL;0.00;0;22/04/2024;NULL;NULL;2026-08-18 13:38:07;2026-08-21 05:05:56;ATLAS
981;NULL;CAPACITORES / POLIESTER;1125;Pot 100KB L16 3 PINOS C/ TRAVA P/ INSTRUMENTOS ;UNI;DISPONÍVEL;produtos/1125.png;NULL;1125-27k-x-100v;1000;0;ativo;5;2,2;0,8450688;2,2;1,076070675;NULL;6,5;18,87;NULL;1;0;0;0;0;NULL;0.00;0;15/12/2025;NULL;NULL;2026-08-18 13:38:07;2026-08-21 05:05:56;ATLAS
982;NULL;CAPACITORES / POLIESTER;1126;Pot 250KB L16 3 PINOS C/ TRAVA P/ INSTRUMENTOS ;UNI;DISPONÍVEL;produtos/1126.png;NULL;1126-47k-x-100v;1000;0;ativo;5;2,2;0,8356;2,2;1,091412;NULL;6,5;22;NULL;1;0;0;0;0;NULL;0.00;0;15/09/2025;NULL;NULL;2026-08-18 13:38:07;2026-08-21 05:05:56;ATLAS
983;NULL;CAPACITORES / POLIESTER;1127;Adaptador Bob Esponja Tomadas 10a 110V/220V;UNI;INDISPONIVEL;produtos/1127.png;NULL;1127-68k-x-100v;1000;0;ativo;5;3;1,5;3;1,5;NULL;0;0;NULL;1;0;0;0;0;NULL;0.00;0;22/04/2024;NULL;NULL;2026-08-18 13:38:07;2026-08-21 05:05:56;ML
984;NULL;CAPACITORES / POLIESTER;1128;Terminal Faston Fêmea 6,3mm Com Trava Latão VENDA MINIMA 50 PCS;UNI;DISPONÍVEL;produtos/1128.png;NULL;1128-100k-x-100v;1000;0;ativo;5;0,35;0,132;19;0,181625275;NULL;9,75;23,08;NULL;1;0;0;0;0;NULL;0.00;0;03/09/2026;NULL;NULL;2026-08-18 13:38:07;2026-08-21 05:05:56;MXT
985;NULL;CAPACITORES / POLIESTER;1129;CHAVE DE TOQUE SMD  8MM  SMD (MP3 DECODER );UNI;INDISPONIVEL;produtos/1129.png;NULL;1129-220k-100v;1000;0;ativo;5;0,65;;22,5;0;NULL;NULL;NULL;NULL;1;0;0;0;0;NULL;0.00;0;;NULL;NULL;2026-08-18 13:38:07;2026-08-21 05:05:56;
986;NULL;CAPACITORES / POLIESTER;1130;LNK500PN;PÇ;DISPONÍVEL;produtos/1130.png;NULL;1130-470pf-1kv;1000;0;ativo;5;7,25;0,779;4,75;1,287;NULL;0;65;NULL;1;0;0;0;0;NULL;0.00;0;12/12/2025;NULL;NULL;2026-08-18 13:38:07;2026-08-21 05:05:56;ALIEXPRESS
987;NULL;CAPACITORES / POLIESTER;1131;LD7575 SMD;PÇ;DISPONÍVEL;produtos/1131.png;NULL;1131-2k2-x-2kv;1000;0;ativo;5;9,42;;NULL;0;NULL;NULL;NULL;NULL;1;0;0;0;0;NULL;0.00;0;;NULL;NULL;2026-08-18 13:38:07;2026-08-21 05:05:56;
988;NULL;VARISTOR ES;1132;TEA1733 SMD;PÇ;DISPONÍVEL;produtos/1132.png;NULL;1132-varistor-150v-10-241;1000;0;ativo;5;14,95;;NULL;0;NULL;NULL;NULL;NULL;1;0;0;0;0;NULL;0.00;0;;NULL;NULL;2026-08-18 13:38:07;2026-08-21 05:05:56;
989;NULL;VARISTOR ES;1133;TOP243PN;PÇ;INDISPONIVEL;produtos/1133.png;NULL;1133-varistor-275v-10-431;1000;0;ativo;5;;2,51;5;2,51;NULL;0;0;NULL;1;0;0;0;0;NULL;0.00;0;28/01/2025;NULL;NULL;2026-08-18 13:38:07;2026-08-21 05:05:56;2020111PYStore
990;NULL;FUSIVEIS / VIDRO;1134;TOP244PN;PÇ;DISPONÍVEL;produtos/1134.png;NULL;1134-fusivel-01a-5x20-vidro-cx-100;1000;0;ativo;5;8,98;4,34;8,68;4,34;NULL;0;0;NULL;1;0;0;0;0;NULL;0.00;0;28/01/2025;NULL;NULL;2026-08-18 13:38:07;2026-08-21 05:05:56;2020111PYStore
991;NULL;FUSIVEIS / VIDRO;1135;2SA1009;PC;DISPONÍVEL;produtos/1135.png;NULL;1135-fusivel-05a-5x20-vidro-cx-100;1000;0;ativo;5;4,56;2,1429;NULL;2,531146632;NULL;1,3;16,76;NULL;1;0;0;0;0;NULL;0.00;0;15/09/2025;NULL;NULL;2026-08-18 13:38:07;2026-08-21 05:05:56;SANTANA
992;NULL;FUSIVEIS / VIDRO;1136;2SC2333;PC;INDISPONIVEL;produtos/1136.png;NULL;1136-fusivel-025a-5x20-vidro-cx-10;1000;0;ativo;5;;;NULL;0;NULL;NULL;NULL;NULL;1;0;0;0;0;NULL;0.00;0;;NULL;NULL;2026-08-18 13:38:08;2026-08-21 05:05:56;
993;NULL;FUSIVEIS / VIDRO;1137;OB2269 SMD;PÇ;INDISPONIVEL;produtos/1137.png;NULL;1137-fusivel-1a-5x20-vidro-cx-100-p;1000;0;ativo;5;6,86;3,74;NULL;4,57699704;NULL;2;19,98;NULL;1;0;0;0;0;NULL;0.00;0;30/06/2025;NULL;NULL;2026-08-18 13:38:08;2026-08-21 05:05:56;SANTANA
994;NULL;FUSIVEIS / VIDRO;1138;2SD1047;PC;INDISPONIVEL;produtos/1138.png;NULL;1138-fusivel-15a-5x20-vidro-cx-100;1000;0;ativo;5;;3,97;NULL;4,695631836;NULL;1,3;16,76;NULL;1;0;0;0;0;NULL;0.00;0;15/09/2025;NULL;NULL;2026-08-18 13:38:08;2026-08-21 05:05:56;SANTANA
995;NULL;FUSIVEIS / VIDRO;1139;MOC3069;PÇ;INDISPONIVEL;produtos/1139.png;NULL;1139-fusivel-2a-5x20-vidro-cx-100-p;1000;0;ativo;5;;;NULL;0;NULL;NULL;NULL;NULL;1;0;0;0;0;NULL;0.00;0;;NULL;NULL;2026-08-18 13:38:08;2026-08-21 05:05:56;
996;NULL;FUSIVEIS / VIDRO;1140;MOC3081;PÇ;DISPONÍVEL;produtos/1140.png;NULL;1140-fusivel-25a-5x20-vidro-cx-100;1000;0;ativo;5;5,14;2,1;NULL;2,5699716;NULL;2;19,98;NULL;1;0;0;0;0;NULL;0.00;0;30/06/2025;NULL;NULL;2026-08-18 13:38:08;2026-08-21 05:05:56;santana
997;NULL;FUSIVEIS / VIDRO;1141;Jack XLR Macho Painel metal C/ TRAVA 3 POLOS ;UNI;DISPONÍVEL;produtos/1141.png;NULL;1141-fusivel-3a-5x20-vidro-cx-100-p;1000;0;ativo;5;6,75;2,3573;NULL;3,34093048;NULL;9,75;20,03;NULL;1;0;0;0;0;NULL;0.00;0;03/09/2026;NULL;NULL;2026-08-18 13:38:08;2026-08-21 05:05:56;NWT
998;NULL;FUSIVEIS / VIDRO;1143;3UF X 450 ;PÇ;DISPONÍVEL;produtos/1143.png;NULL;1143-fusivel-35a-5x20-vidro-cx-100;1000;0;ativo;5;4,15;1,8753;NULL;2,025019755;NULL;6,5;20,03;NULL;1;0;0;0;0;NULL;0.00;0;02/09/2026;NULL;NULL;2026-08-18 13:38:08;2026-08-21 05:05:56;NWT
999;NULL;FUSIVEIS / VIDRO;1144;8UF X 450;PÇ;DISPONÍVEL;produtos/1144.png;NULL;1144-fusivel-4a-5x20-vidro-cx-100-p;1000;0;ativo;5;7,39;3,2;NULL;3,6969984;NULL;6,5;8,48;NULL;1;0;0;0;0;NULL;0.00;0;26/07/2024;NULL;NULL;2026-08-18 13:38:08;2026-08-21 05:05:56;ALLSEMI
1000;NULL;FUSIVEIS / VIDRO;1145;10UF X 450;PÇ;DISPONÍVEL;produtos/1145.png;NULL;1145-fusivel-5a-5x20-vidro-cx-100-p;1000;0;ativo;5;9,95;3,9657;NULL;4,0257;NULL;6,5;20,03;NULL;1;0;0;0;0;NULL;0.00;0;02/09/2026;NULL;NULL;2026-08-18 13:38:08;2026-08-21 05:05:56;ALLSEMI
1001;NULL;FUSIVEIS / VIDRO;1146;CAPACITOR ELETROLITICO ELCO 330 x 100;PÇ;INDISPONIVEL;produtos/1146.png;NULL;1146-fusivel-6a-5x20-vidro-cx-100-p;1000;0;ativo;5;;;NULL;0;NULL;NULL;NULL;NULL;1;0;0;0;0;NULL;0.00;0;;NULL;NULL;2026-08-18 13:38:08;2026-08-21 05:05:56;
1002;NULL;FUSIVEIS / VIDRO;1147;TEA1506 SMD;PÇ;INDISPONIVEL;produtos/1147.png;NULL;1147-fusivel-7a-5x20-vidro-cx-100-p;1000;0;ativo;5;14,95;5,2;NULL;5,2;NULL;0;0;NULL;1;0;0;0;0;NULL;0.00;0;23/02/2026;NULL;NULL;2026-08-18 13:38:08;2026-08-21 05:05:56;al
1003;NULL;FUSIVEIS / VIDRO;1148;LNK304PN;PÇ;DISPONÍVEL;produtos/1148.png;NULL;1148-fusivel-8a-5x20-vidro-cx-100-p;1000;0;ativo;5;7,1;1,948;6,55;3,2175;NULL;0;65;NULL;1;0;0;0;0;NULL;0.00;0;12/12/2025;NULL;NULL;2026-08-18 13:38:08;2026-08-21 05:05:56;ALIEXPRESS
1004;NULL;FUSIVEIS / VIDRO;1149;LNK6777 SMD;PÇ;DISPONÍVEL;produtos/1149.png;NULL;1149-fusivel-9a-5x20-vidro-cx-100-p;1000;0;ativo;5;16,8;11,7408;NULL;14,58410892;NULL;2;21,79;NULL;1;0;0;0;0;NULL;0.00;0;30/09/2024;NULL;NULL;2026-08-18 13:38:08;2026-08-21 05:05:56;santana
1005;NULL;FUSIVEIS / VIDRO;1150;LM358;PÇ;INDISPONIVEL;produtos/1150.png;NULL;1150-fusivel-10a-5x20-vidro-cx-100;1000;0;ativo;5;0,85;0,225;NULL;0,2944;NULL;0;28;NULL;1;0;0;0;0;NULL;0.00;0;17/09/2024;NULL;NULL;2026-08-18 13:38:08;2026-08-21 05:05:56;CX
1006;NULL;FUSIVEIS / VIDRO;1151;IRFB52N15D;PÇ;DISPONÍVEL;produtos/1151.png;NULL;1151-fusivel-12a-5x20-vidro-cx-100;1000;0;ativo;5;21,75;11,0204;NULL;13,595734354;NULL;1,3;21,79;NULL;1;0;0;0;0;NULL;0.00;0;30/09/2024;NULL;NULL;2026-08-18 13:38:08;2026-08-21 05:05:56;SANTANA
1007;NULL;FUSIVEIS / VIDRO;1152;TAS5342 SMD;PÇ;DISPONÍVEL;produtos/1152.png;NULL;1152-fusivel-15a-5x20-vidro-cx-100;1000;0;ativo;5;26;;26;0;NULL;NULL;NULL;NULL;1;0;0;0;0;NULL;0.00;0;;NULL;NULL;2026-08-18 13:38:08;2026-08-21 05:05:56;
1008;NULL;FUSIVEIS / VIDRO;1153;CD4070;PÇ;INDISPONIVEL;produtos/1153.png;NULL;1153-fusivel-20a-5x20-vidro-cx-100;1000;0;ativo;5;;1,4898;NULL;1,85096442;NULL;2;21,79;NULL;1;0;0;0;0;NULL;0.00;0;30/09/2024;NULL;NULL;2026-08-18 13:38:08;2026-08-21 05:05:56;santana
1009;NULL;FUSIVEIS / VIDRO;1154;TDA7377;PÇ;INDISPONIVEL;produtos/1154.png;NULL;1154-fusivel-25a-5x20-vidro-cx-100;1000;0;ativo;5;13,85;8,4;NULL;8,4;NULL;0;0;NULL;1;0;0;0;0;NULL;0.00;0;28/01/2025;NULL;NULL;2026-08-18 13:38:08;2026-08-21 05:05:56;RUFFUS
1010;NULL;FUSIVEIS / VIDRO;1155;2SA1015;PC;DISPONÍVEL;produtos/1155.png;NULL;1155-fusivel-30a-5x20-vidro-cx-100;1000;0;ativo;5;0,3549;0,179;NULL;0,217677492;NULL;1,3;19,38;NULL;1;0;0;0;0;NULL;0.00;0;23/04/2025;NULL;NULL;2026-08-18 13:38:08;2026-08-21 05:05:56;SANTANA
1011;NULL;FUSIVEIS / VIDRO;1156;2SC2229;PC;DISPONÍVEL;produtos/1156.png;NULL;1156-fusivel-08a-5x20-ceramico-cx-1;1000;0;ativo;5;1,023;0,5408;NULL;0,638700552;NULL;1,3;16,76;NULL;1;0;0;0;0;NULL;0.00;0;15/09/2025;NULL;NULL;2026-08-18 13:38:08;2026-08-21 05:05:56;SANTANA
1012;NULL;FUSIVEIS / CERAMICO;1157;BC640;PÇ;INDISPONIVEL;produtos/1157.png;NULL;1157-fusivel-10a-5x20-ceramico-cx-1;1000;0;ativo;5;;;NULL;0;NULL;NULL;NULL;NULL;1;0;0;0;0;NULL;0.00;0;27/05/2024;NULL;NULL;2026-08-18 13:38:08;2026-08-21 05:05:56;SANTANA
1013;NULL;FUSIVEIS / CERAMICO;1158;IRF8010;PÇ;INDISPONIVEL;produtos/1158.png;NULL;1158-fusivel-12a-5x20-ceramico-cx-1;1000;0;ativo;5;9,2;7,6;NULL;9,19082744;NULL;1,3;19,38;NULL;1;0;0;0;0;NULL;0.00;0;23/04/2025;NULL;NULL;2026-08-18 13:38:08;2026-08-21 05:05:56;SANTANA
1014;NULL;FUSIVEIS / CERAMICO;1160;BC637;PÇ;DISPONÍVEL;produtos/1160.png;NULL;1160-fusivel-15a-5x20-ceramico-cx-1;1000;0;ativo;5;0,4049;0,23;25;0,27301;NULL;NULL;18,7;NULL;1;0;0;0;0;NULL;0.00;0;28/05/2024;NULL;NULL;2026-08-18 13:38:08;2026-08-21 05:05:56;SANTANA
1015;NULL;FUSIVEIS / VIDRO;1161;BF421;PÇ;DISPONÍVEL;produtos/1161.png;NULL;1161-fusivel-025a-6x30-vidro-cx-10;1000;0;ativo;5;0,621;0,35;NULL;0,41397258;NULL;1,3;16,76;NULL;1;0;0;0;0;NULL;0.00;0;15/09/2025;NULL;NULL;2026-08-18 13:38:08;2026-08-21 05:05:56;SANTANA
1016;NULL;FUSIVEIS / VIDRO;1383;P13N80 ISOLADO ;PÇ;INDISPONIVEL;produtos/1383.png;NULL;1383-fusivel-05a-6x30-vidro-cx-100;1000;0;ativo;5;6,95;3,1;NULL;3,1;NULL;0;0;NULL;1;0;0;0;0;NULL;0.00;0;23/02/2026;NULL;NULL;2026-08-18 13:38:08;2026-08-21 05:05:56;ALIEXPRESS
1017;NULL;FUSIVEIS / VIDRO;1662;TOP248YN;PÇ;INDISPONIVEL;produtos/1662.png;NULL;1662-fusivel-1a-6x30-vidro-cx-100-p;1000;0;ativo;5;12,25;6,81;13,62;6,81;NULL;0;0;NULL;1;0;0;0;0;NULL;0.00;0;28/01/2025;NULL;NULL;2026-08-18 13:38:08;2026-08-21 05:05:56;2020111PYStore
1018;NULL;FUSIVEIS / VIDRO;1663;TPA3118 SMD JBL;PÇ;DISPONÍVEL;produtos/1663.png;NULL;1663-fusivel-2a-6x30-vidro-cx-100-p;1000;0;ativo;5;15,95;3,6784;15,95;3,68;NULL;0;0;NULL;1;0;0;0;0;NULL;0.00;0;27/08/2025;NULL;NULL;2026-08-18 13:38:08;2026-08-21 05:05:56;ALI
1019;NULL;FUSIVEIS / VIDRO;1664;TPA3116 SMD;PÇ;INDISPONIVEL;produtos/1664.png;NULL;1664-fusivel-25a-6x30-vidro-cx-100;1000;0;ativo;5;14,95;3,6886;14,95;6,642;NULL;0;80;NULL;1;0;0;0;0;NULL;0.00;0;16/10/2025;NULL;NULL;2026-08-18 13:38:08;2026-08-21 05:05:56;ALI
1020;NULL;FUSIVEIS / VIDRO;1668;FIO Cabo Áudio Stereo Philips Fio Rca 2 X 0,20mm 100m  100% COBRE;UNI;DISPONÍVEL;produtos/1668.png;NULL;1668-fusivel-3a-6x30-vidro-cx-100-p;1000;0;ativo;5;385;211,59;314;254,75436;NULL;0;20,4;NULL;1;0;0;0;0;NULL;0.00;0;27/11/2025;NULL;NULL;2026-08-18 13:38:08;2026-08-21 05:05:56;INFAP
1021;NULL;FUSIVEIS / VIDRO;1671;MICRO VENT 80 X 80X 20MM 5V ;UNI;DISPONÍVEL;produtos/1671.png;NULL;1671-fusivel-4a-6x30-vidro-cx-100-p;1000;0;ativo;5;9,5;;10,5;0;NULL;NULL;NULL;NULL;1;0;0;0;0;NULL;0.00;0;;NULL;NULL;2026-08-18 13:38:08;2026-08-21 05:05:56;
1022;NULL;FUSIVEIS / VIDRO;1672;MICRO VENT 60 X 60 X 20MM 5V ;UNI;DISPONÍVEL;produtos/1672.png;NULL;1672-fusivel-5a-6x30-vidro-cx-100-p;1000;0;ativo;5;9,7;4,4;8,55;4,9055314;NULL;3,25;7,98;NULL;1;0;0;0;0;NULL;0.00;0;04/06/2024;NULL;NULL;2026-08-18 13:38:08;2026-08-21 05:05:56;ALLSEMI
1023;NULL;FUSIVEIS / VIDRO;1673;MOC3043;PÇ;DISPONÍVEL;produtos/1673.png;NULL;1673-fusivel-6a-6x30-vidro-cx-100-p;1000;0;ativo;5;3,95;;NULL;0;NULL;NULL;NULL;NULL;1;0;0;0;0;NULL;0.00;0;;NULL;NULL;2026-08-18 13:38:08;2026-08-21 05:05:56;
1024;NULL;FUSIVEIS / VIDRO;1674;2SD5032;PÇ;DISPONÍVEL;produtos/1674.png;NULL;1674-fusivel-8a-6x30-vidro-cx-100-p;1000;0;ativo;5;11,749;6,6224;NULL;7,829995656;NULL;1,3;16,76;NULL;1;0;0;0;0;NULL;0.00;0;15/09/2025;NULL;NULL;2026-08-18 13:38:08;2026-08-21 05:05:56;SANTANA
1025;NULL;FUSIVEIS / VIDRO;1675;ICE 3BR4765JZ;PÇ;DISPONÍVEL;produtos/1675.png;NULL;1675-fusivel-9a-6x30-vidro-cx-100-p;1000;0;ativo;5;10,45;8,05;NULL;9,78394907;NULL;1,3;19,98;NULL;1;0;0;0;0;NULL;0.00;0;30/06/2025;NULL;NULL;2026-08-18 13:38:08;2026-08-21 05:05:56;santana
1026;NULL;FUSIVEIS / VIDRO;1676;LM339 SMD;PÇ;INDISPONIVEL;produtos/1676.png;NULL;1676-fusivel-10a-6x30-vidro-cx-100;1000;0;ativo;5;0,83;0,3231;NULL;0,4096;NULL;0;28;NULL;1;0;0;0;0;NULL;0.00;0;15/06/2024;NULL;NULL;2026-08-18 13:38:08;2026-08-21 05:05:56;CX
1027;NULL;FUSIVEIS / VIDRO;1677;LC1206;PÇ;INDISPONIVEL;produtos/1677.png;NULL;1677-fusivel-12a-6x30-vidro-cx-100;1000;0;ativo;5;;6,14;NULL;7,47653064;NULL;2;19,38;NULL;1;0;0;0;0;NULL;0.00;0;23/04/2025;NULL;NULL;2026-08-18 13:38:08;2026-08-21 05:05:56;santana
1028;NULL;FUSIVEIS / VIDRO;1678;IR2156 SMD;PÇ;INDISPONIVEL;produtos/1678.png;NULL;1678-fusivel-15a-6x30-vidro-cx-100;1000;0;ativo;5;10,98;2,56;NULL;2,56;NULL;0;0;NULL;1;0;0;0;0;NULL;0.00;0;23/02/2026;NULL;NULL;2026-08-18 13:38:08;2026-08-21 05:05:56;ALIEXPRESS
1029;NULL;FUSIVEIS / VIDRO;1679;CS8673E SMD ;PÇ;INDISPONIVEL;produtos/1679.png;NULL;1679-fusivel-20a-6x30-vidro-cx-100;1000;0;ativo;5;10,97;4,76;10,97;4,76;NULL;0;0;NULL;1;0;0;0;0;NULL;0.00;0;23/02/2026;NULL;NULL;2026-08-18 13:38:08;2026-08-21 05:05:56;ALI
1030;NULL;FUSIVEIS / CERAMICOS;1680;LNK625DG SMD;PÇ;INDISPONIVEL;produtos/1680.png;NULL;1680-fusivel-ceramico-8a-6x30-cx-10;1000;0;ativo;5;9,97;2,67;NULL;2,67;NULL;0;0;NULL;1;0;0;0;0;NULL;0.00;0;23/02/2026;NULL;NULL;2026-08-18 13:38:08;2026-08-21 05:05:56;ALIEXPRESS
1031;NULL;FUSIVEIS / CERAMICOS;1681; IR25607S SMD TARAMPS;PÇ;DISPONÍVEL;produtos/1681.png;NULL;1681-fusivel-ceramico-10a-6x30-cx-1;1000;0;ativo;5;19,35;12,89;25,79;12,89;NULL;0;0;NULL;1;0;0;0;0;NULL;0.00;0;27/08/2025;NULL;NULL;2026-08-18 13:38:08;2026-08-21 05:05:56;ali
1032;NULL;FUSIVEIS / CERAMICOS;1682;IR2153 SMD ;PÇ;DISPONÍVEL;produtos/1682.png;NULL;1682-fusivel-ceramico-12a-6x30-cx-1;1000;0;ativo;5;9,82;3,98;6,45;4,911718;NULL;0;23,41;NULL;1;0;0;0;0;NULL;0.00;0;13/10/2025;NULL;NULL;2026-08-18 13:38:08;2026-08-21 05:05:56;TOTALITY
1033;NULL;FUSIVEIS / CERAMICOS;1683;BC549;PÇ;DISPONÍVEL;produtos/1683.png;NULL;1683-fusivel-ceramico-15a-6x30-cx-1;1000;0;ativo;5;0,1349;0,07;8,5;0,0896;NULL;0;28;NULL;1;0;0;0;0;NULL;0.00;0;12/09/2024;NULL;NULL;2026-08-18 13:38:08;2026-08-21 05:05:56;CX
1034;NULL;FUSIVEIS / CERAMICOS;1684;BD138;PÇ;DISPONÍVEL;produtos/1684.png;NULL;1684-fusivel-ceramico-20a-6x30-cx-1;1000;0;ativo;5;0,75;0,3654;NULL;0,4736;NULL;0;28;NULL;1;0;0;0;0;NULL;0.00;0;15/06/2024;NULL;NULL;2026-08-18 13:38:08;2026-08-21 05:05:56;CX
1035;NULL;FUSIVEIS / TERMICOS;1685;BD678;PÇ;DISPONÍVEL;produtos/1685.png;NULL;1685-fusivel-termico-10a250v-121;1000;0;ativo;5;2,1433;1,0466;NULL;1,344;NULL;0;28;NULL;1;0;0;0;0;NULL;0.00;0;15/06/2024;NULL;NULL;2026-08-18 13:38:08;2026-08-21 05:05:56;CX
1036;NULL;FUSIVEIS / TERMICOS;1686;BTA08-600;PÇ;INDISPONIVEL;produtos/1686.png;NULL;1686-fusivel-termico-10a250v-130;1000;0;ativo;5;;1,35;NULL;1,728;NULL;0;28;NULL;1;0;0;0;0;NULL;0.00;0;15/06/2024;NULL;NULL;2026-08-18 13:38:08;2026-08-21 05:05:56;CX
1037;NULL;FUSIVEIS / TERMICOS;1687;TAS5634 SMD;PÇ;INDISPONIVEL;produtos/1687.png;NULL;1687-fusivel-termico-10a250v-142;1000;0;ativo;5;59,8;16,89;NULL;30,402;NULL;0;80;NULL;1;0;0;0;0;NULL;0.00;0;05/11/2025;NULL;NULL;2026-08-18 13:38:08;2026-08-21 05:05:56;ALI
1038;NULL;FUSIVEIS / TERMICOS;1688;CD4016;PÇ;DISPONÍVEL;produtos/1688.png;NULL;1688-fusivel-termico-10a250v-185;1000;0;ativo;5;1,5;0,7316;NULL;0,9344;NULL;0;28;NULL;1;0;0;0;0;NULL;0.00;0;15/06/2024;NULL;NULL;2026-08-18 13:38:08;2026-08-21 05:05:56;CX
1039;NULL;FUSIVEIS / TERMICOS;1689;CD40175;PÇ;DISPONÍVEL;produtos/1689.png;NULL;1689-fusivel-termico-10a250v-192;1000;0;ativo;5;1,28;0,6228;NULL;0,7936;NULL;0;28;NULL;1;0;0;0;0;NULL;0.00;0;15/06/2024;NULL;NULL;2026-08-18 13:38:08;2026-08-21 05:05:56;CX
1040;NULL;FUSIVEIS / TERMICOS;1690;CD4020;PÇ;DISPONÍVEL;produtos/1690.png;NULL;1690-fusivel-termico-10a250v-216;1000;0;ativo;5;1,4;0,6856;NULL;0,8832;NULL;0;28;NULL;1;0;0;0;0;NULL;0.00;0;15/06/2024;NULL;NULL;2026-08-18 13:38:08;2026-08-21 05:05:56;CX
1041;NULL;FUSIVEIS / TERMICOS;1691;CD4023;PÇ;DISPONÍVEL;produtos/1691.png;NULL;1691-fusivel-termico-10a250v-240;1000;0;ativo;5;1,4;0,6848;NULL;0,8704;NULL;0;28;NULL;1;0;0;0;0;NULL;0.00;0;15/06/2024;NULL;NULL;2026-08-18 13:38:08;2026-08-21 05:05:56;CX
1042;NULL;FUSIVEIS / TERMICOS;1692;CD4024;PÇ;DISPONÍVEL;produtos/1692.png;NULL;1692-fusivel-termico-10a250v-250;1000;0;ativo;5;1,46;0,7136;NULL;0,9088;NULL;0;28;NULL;1;0;0;0;0;NULL;0.00;0;15/06/2024;NULL;NULL;2026-08-18 13:38:08;2026-08-21 05:05:56;CX
1043;NULL;FUSIVEIS / TERMICOS;1693;CD4027;PÇ;DISPONÍVEL;produtos/1693.png;NULL;1693-fusivel-termico-15a250v-172;1000;0;ativo;5;2,05;1;NULL;1,28;NULL;0;28;NULL;1;0;0;0;0;NULL;0.00;0;15/06/2024;NULL;NULL;2026-08-18 13:38:08;2026-08-21 05:05:56;CX
1044;NULL;FUSIVEIS / TERMICOS;1694;CD4040;PÇ;DISPONÍVEL;produtos/1694.png;NULL;1694-fusivel-termico-15a250v-185;1000;0;ativo;5;1,72;0,8396;NULL;1,0752;NULL;0;28;NULL;1;0;0;0;0;NULL;0.00;0;15/06/2024;NULL;NULL;2026-08-18 13:38:08;2026-08-21 05:05:56;CX
1045;NULL;FUSIVEIS / TERMICOS;1695;CD4042BE;PÇ;DISPONÍVEL;produtos/1695.png;NULL;1695-fusivel-termico-15a250v-192;1000;0;ativo;5;1,66;0,8128;NULL;1,0368;NULL;0;28;NULL;1;0;0;0;0;NULL;0.00;0;15/06/2024;NULL;NULL;2026-08-18 13:38:08;2026-08-21 05:05:56;CX
1046;NULL;FUSIVEIS / TERMICOS;1696;CD4043;PÇ;DISPONÍVEL;produtos/1696.png;NULL;1696-fusivel-termico-15a250v-216;1000;0;ativo;5;1,09;0,5328;NULL;0,6784;NULL;0;28;NULL;1;0;0;0;0;NULL;0.00;0;15/06/2024;NULL;NULL;2026-08-18 13:38:08;2026-08-21 05:05:56;CX
1047;NULL;FUSIVEIS / TERMICOS;1697;CD4051;PÇ;DISPONÍVEL;produtos/1697.png;NULL;1697-fusivel-termico-130-graus-250;1000;0;ativo;5;1,8;0,666;NULL;0,8576;NULL;0;28;NULL;1;0;0;0;0;NULL;0.00;0;15/06/2024;NULL;NULL;2026-08-18 13:38:08;2026-08-21 05:05:56;CX
1048;NULL;FUSIVEIS / TERMICOS;1698;CD4053BE;PÇ;DISPONÍVEL;produtos/1698.png;NULL;1698-fusivel-termico-150-graus-250;1000;0;ativo;5;1,42;0,6928;NULL;0,8832;NULL;0;28;NULL;1;0;0;0;0;NULL;0.00;0;15/06/2024;NULL;NULL;2026-08-18 13:38:08;2026-08-21 05:05:56;CX
1049;NULL;FUSIVEIS / LAMINA;1699;BC846;PÇ;DISPONÍVEL;produtos/1699.png;NULL;1699-fusivel-lamina-mini-automotivo;1000;0;ativo;5;0,15;;NULL;0;NULL;NULL;NULL;NULL;1;0;0;0;0;NULL;0.00;0;;NULL;NULL;2026-08-18 13:38:08;2026-08-21 05:05:56;
1050;NULL;FUSIVEIS / LAMINA;1700;BF245;PÇ;DISPONÍVEL;produtos/1700.png;NULL;1700-fusivel-lamina-mini-automotivo;1000;0;ativo;5;2,39;0,2122;NULL;0,21;NULL;0;0;NULL;1;0;0;0;0;NULL;0.00;0;30/09/2024;NULL;NULL;2026-08-18 13:38:08;2026-08-21 05:05:56;ALI
1051;NULL;FUSIVEIS / LAMINA;1701;BF495;PÇ;DISPONÍVEL;produtos/1701.png;NULL;1701-fusivel-lamina-mini-automotivo;1000;0;ativo;5;0,9549;0,2122;NULL;0,21;NULL;0;0;NULL;1;0;0;0;0;NULL;0.00;0;30/09/2024;NULL;NULL;2026-08-18 13:38:08;2026-08-21 05:05:56;ALI
1052;NULL;FUSIVEIS / LAMINA;1702;BF494;PÇ;DISPONÍVEL;produtos/1702.png;NULL;1702-fusivel-lamina-mini-automotivo;1000;0;ativo;5;0,9462;0,5;NULL;0,5913894;NULL;1,3;16,76;NULL;1;0;0;0;0;NULL;0.00;0;15/09/2025;NULL;NULL;2026-08-18 13:38:08;2026-08-21 05:05:56;SANTANA
1053;NULL;FUSIVEIS / LAMINA;1703;LNK624DN SMD;PÇ;INDISPONIVEL;produtos/1703.png;NULL;1703-fusivel-lamina-mini-automotivo;1000;0;ativo;5;6,35;2,8;6,35;2,8;NULL;0;0;NULL;1;0;0;0;0;NULL;0.00;0;28/01/2025;NULL;NULL;2026-08-18 13:38:08;2026-08-21 05:05:56;RUFFUS
1054;NULL;FUSIVEIS / LAMINA;1704;ADAU1701;PÇ;DISPONÍVEL;produtos/1704.png;NULL;1704-fusivel-lamina-mini-automotivo;1000;0;ativo;5;37;;52;0;NULL;NULL;NULL;NULL;1;0;0;0;0;NULL;0.00;0;;NULL;NULL;2026-08-18 13:38:08;2026-08-21 05:05:56;
1055;NULL;FUSIVEIS / LAMINA;1705;JACK RCA  P/ PROCESSADOR STETSOM;UNI;INDISPONIVEL;produtos/1705.png;NULL;1705-fusivel-lamina-mini-automotivo;1000;0;ativo;5;;;NULL;0;NULL;NULL;NULL;NULL;1;0;0;0;0;NULL;0.00;0;;NULL;NULL;2026-08-18 13:38:08;2026-08-21 05:05:56;
1056;NULL;FUSIVEIS / LAMINA;1706;Pot Acel 20KA 3 PINOS L20 EIXO LONGO;UNI;DISPONÍVEL;produtos/1706.png;NULL;1706-fusivel-lamina-medio-automotiv;1000;0;ativo;5;1,6;0,7185;1,9;0,987255;NULL;6,5;28,75;NULL;1;0;0;0;0;NULL;0.00;0;04/09/2024;NULL;NULL;2026-08-18 13:38:08;2026-08-21 05:05:56;ATLAS
1057;NULL;FUSIVEIS / LAMINA;1707;Pot Acel 20KA 3 PINOS L15 EIXO CURTO;UNI;DISPONÍVEL;produtos/1707.png;NULL;1707-fusivel-lamina-medio-automotiv;1000;0;ativo;5;1,6;0,7183;1,9;0,987255;NULL;6,5;28,75;NULL;1;0;0;0;0;NULL;0.00;0;04/09/2024;NULL;NULL;2026-08-18 13:38:08;2026-08-21 05:05:56;ATLAS
1058;NULL;FUSIVEIS / LAMINA;1708;LD7560 SMD;PÇ;INDISPONIVEL;produtos/1708.png;NULL;1708-fusivel-lamina-medio-automotiv;1000;0;ativo;5;9,52;;NULL;0;NULL;NULL;NULL;NULL;1;0;0;0;0;NULL;0.00;0;;NULL;NULL;2026-08-18 13:38:08;2026-08-21 05:05:56;
1059;NULL;FUSIVEIS / LAMINA;1709;TAS5624 SMD;PÇ;INDISPONIVEL;produtos/1709.png;NULL;1709-fusivel-lamina-medio-automotiv;1000;0;ativo;5;39,9;11,11;48;19,998;NULL;0;80;NULL;1;0;0;0;0;NULL;0.00;0;05/11/2025;NULL;NULL;2026-08-18 13:38:08;2026-08-21 05:05:56;ali
1060;NULL;FUSIVEIS / LAMINA;1710;CS8679E SMD ;PÇ;DISPONÍVEL;produtos/1710.png;NULL;1710-fusivel-lamina-medio-automotiv;1000;0;ativo;5;8,25;3,36;8,25;3,36;NULL;0;0;NULL;1;0;0;0;0;NULL;0.00;0;28/01/2024;NULL;NULL;2026-08-18 13:38:08;2026-08-21 05:05:56;RUFFUS
1061;NULL;FUSIVEIS / LAMINA;1711;LNK626PG;PÇ;INDISPONIVEL;produtos/1711.png;NULL;1711-fusivel-lamina-medio-automotiv;1000;0;ativo;5;9,8;2,67;NULL;2,67;NULL;0;0;NULL;1;0;0;0;0;NULL;0.00;0;23/02/2026;NULL;NULL;2026-08-18 13:38:08;2026-08-21 05:05:56;ALIE
1062;NULL;FUSIVEIS / LAMINA;1712;TPS54240 SMD;PÇ;INDISPONIVEL;produtos/1712.png;NULL;1712-fusivel-lamina-medio-automotiv;1000;0;ativo;5;9,97;1,059;9,97;1,908;NULL;0;80;NULL;1;0;0;0;0;NULL;0.00;0;16/10/2025;NULL;NULL;2026-08-18 13:38:08;2026-08-21 05:05:56;ALIEX
1063;NULL;FUSIVEIS / LAMINA;1713;B12125 1W ( FILTRO DE RUIDO);UNI;DISPONÍVEL;produtos/1713.png;NULL;1713-fusivel-lamina-medio-automotiv;1000;0;ativo;5;11;;12;0;NULL;NULL;NULL;NULL;1;0;0;0;0;NULL;0.00;0;;NULL;NULL;2026-08-18 13:38:08;2026-08-21 05:05:56;
1064;NULL;FUSIVEIS / LAMINA;1714;Pot Acel 50KA 3 PINOS L15 EIXO CURTO;UNI;DISPONÍVEL;produtos/1714.png;NULL;1714-fusivel-lamina-max-automotivo;1000;0;ativo;5;1,6;0,7183;1,9;0,987255;NULL;6,5;28,75;NULL;1;0;0;0;0;NULL;0.00;0;04/09/2024;NULL;NULL;2026-08-18 13:38:08;2026-08-21 05:05:56;ATLAS
1065;NULL;FUSIVEIS / LAMINA;1715;TAS5733 SMD;PÇ;DISPONÍVEL;produtos/1715.png;NULL;1715-fusivel-lamina-max-automotivo;1000;0;ativo;5;29,98;5,59;36,95;10,062;NULL;0;80;NULL;1;0;0;0;0;NULL;0.00;0;05/11/2025;NULL;NULL;2026-08-18 13:38:08;2026-08-21 05:05:56;ALI
1066;NULL;FUSIVEIS / LAMINA;1716;5UF X 450;PÇ;DISPONÍVEL;produtos/1716.png;NULL;1716-fusivel-lamina-max-automotivo;1000;0;ativo;5;6,2;2,7593;NULL;3,7118871;NULL;6,5;20,03;NULL;1;0;0;0;0;NULL;0.00;0;02/09/2026;NULL;NULL;2026-08-18 13:38:08;2026-08-21 05:05:56;NWT
1067;NULL;FUSIVEIS / LAMINA;1717;CAPACITOR ELETROLITICO ELCO 820 x 450;PÇ;INDISPONIVEL;produtos/1717.png;NULL;1717-fusivel-lamina-max-automotivo;1000;0;ativo;5;;;NULL;0;NULL;NULL;NULL;NULL;1;0;0;0;0;NULL;0.00;0;;NULL;NULL;2026-08-18 13:38:08;2026-08-21 05:05:56;
1068;NULL;FUSIVEIS / LAMINA;1718;TEA1716 SMD;PÇ;DISPONÍVEL;produtos/1718.png;NULL;1718-fusivel-lamina-max-automotivo;1000;0;ativo;5;15,65;4,224;15,65;6,752;NULL;0;60;NULL;1;0;0;0;0;NULL;0.00;0;06/08/2025;NULL;NULL;2026-08-18 13:38:08;2026-08-21 05:05:56;ALI
1069;NULL;FUSIVEIS / LAMINA;1719;FIO Cabo 100m Manga 4 x 26awg ;UNI;DISPONÍVEL;produtos/1719.png;NULL;1719-fusivel-lamina-max-automotivo;1000;0;ativo;5;165;101,9;175;122,6876;NULL;0;20,4;NULL;1;0;0;0;0;NULL;0.00;0;27/11/2025;NULL;NULL;2026-08-18 13:38:08;2026-08-21 05:05:56;INFAP
1070;NULL;DIVERSOS / FUSIVEIS;1720;Terminal Faston Fêmea 4,8mm Com Trava Latão VENDA MINIMA 50 PCS;UNI;INDISPONIVEL;produtos/1720.png;NULL;1720-fusivel-faca-80a;1000;0;ativo;5;0,15;0,0545;9;0,069855875;NULL;9,75;27,3;NULL;1;0;0;0;0;NULL;0.00;0;15/09/2025;NULL;NULL;2026-08-18 13:38:08;2026-08-21 05:05:56;MXT
1071;NULL;DIVERSOS / FUSIVEIS;1721;Terminal Faston Fêmea 6,3mm redondo Latão VENDA MINIMA 50 PCS;UNI;DISPONÍVEL;produtos/1721.png;NULL;1721-fusivel-faca-100a;1000;0;ativo;5;0,3;0,11;NULL;0,1562543675;NULL;9,75;29,43;NULL;1;0;0;0;0;NULL;0.00;0;28/07/2024;NULL;NULL;2026-08-18 13:38:08;2026-08-21 05:05:56;MXT
1072;NULL;DIVERSOS / PORTA FUSIVEL;1722;CAPACITOR ELETROLITICO ELCO 1500 x 250;PÇ;DISPONÍVEL;produtos/1722.png;NULL;1722-porta-fusivel-6x30;1000;0;ativo;5;38,49;16,484;NULL;21,75822264;NULL;6,5;23,97;NULL;1;0;0;0;0;NULL;0.00;0;04/09/2024;NULL;NULL;2026-08-18 13:38:08;2026-08-21 05:05:56;ACP
1073;NULL;DIVERSOS / PORTA FUSIVEL;1723;Pot Acel 100KA 3 PINOS L15 EIXO CURTO;UNI;DISPONÍVEL;produtos/1723.png;NULL;1723-porta-fusivel-5x20;1000;0;ativo;5;1,6;0,7183;1,9;0,987255;NULL;6,5;28,75;NULL;1;0;0;0;0;NULL;0.00;0;04/09/2024;NULL;NULL;2026-08-18 13:38:08;2026-08-21 05:05:56;ATLAS
1074;NULL;DIVERSOS / PORTA FUSIVEL;1724;Pot Acel 100KC 3 PINOS L15 EIXO CURTO;UNI;DISPONÍVEL;produtos/1724.png;NULL;1724-porta-fusivel-pequeno-c-fio;1000;0;ativo;5;1,6;0,7183;1,9;0,987255;NULL;6,5;28,75;NULL;1;0;0;0;0;NULL;0.00;0;04/09/2024;NULL;NULL;2026-08-18 13:38:08;2026-08-21 05:05:56;ATLAS
1075;NULL;DIVERSOS / PORTA FUSIVEL;1725;Pot Acel 1MA 3 PINOS L20 EIXO LONGO;UNI;DISPONÍVEL;produtos/1725.png;NULL;1725-porta-fusivel-pequeno-quadrado;1000;0;ativo;5;1,6;0,7183;1,9;0,987255;NULL;6,5;28,75;NULL;1;0;0;0;0;NULL;0.00;0;04/09/2024;NULL;NULL;2026-08-18 13:38:08;2026-08-21 05:05:56;ATLAS
1076;NULL;ADAPTADORES / CI;1726;Pot Acel 250KA 3 PINOS  L15 EIXO CURTO;UNI;DISPONÍVEL;produtos/1726.png;NULL;1726-adaptador-sop16-pinos-p-dip-1;1000;0;ativo;5;1,6;0,7183;1,9;0,987255;NULL;6,5;28,75;NULL;1;0;0;0;0;NULL;0.00;0;04/09/2024;NULL;NULL;2026-08-18 13:38:08;2026-08-21 05:05:56;ATLAS
1077;NULL;ADAPTADORES / CI;1727;Pot Acel 250KA 3 PINOS  L20 EIXO LONGO;UNI;DISPONÍVEL;produtos/1727.png;NULL;1727-soquete-torneado-6-pinos;1000;0;ativo;5;1,6;0,7183;1,9;0,9876384;NULL;6,5;28,8;NULL;1;0;0;0;0;NULL;0.00;0;04/09/2024;NULL;NULL;2026-08-18 13:38:08;2026-08-21 05:05:56;ATLAS
1078;NULL;ADAPTADORES / CI;1728;Pot Acel 500KA 3 PINOS L15 EIXO CURTO ;UNI;DISPONÍVEL;produtos/1728.png;NULL;1728-soquete-torneado-8-pinos;1000;0;ativo;5;1,6;0,7183;1,9;0,987255;NULL;6,5;28,75;NULL;1;0;0;0;0;NULL;0.00;0;04/09/2024;NULL;NULL;2026-08-18 13:38:08;2026-08-21 05:05:56;ATLAS
1079;NULL;ADAPTADORES / CI;1729;Pot Acel 50KC 3 PINOS L20 EIXO LONGO;UNI;DISPONÍVEL;produtos/1729.png;NULL;1729-soquete-torneado-14-pinos;1000;0;ativo;5;1,6;0,7183;1,9;0,987255;NULL;6,5;28,75;NULL;1;0;0;0;0;NULL;0.00;0;04/09/2024;NULL;NULL;2026-08-18 13:38:08;2026-08-21 05:05:56;ATLAS
1080;NULL;ADAPTADORES / CI;1730;FUSIVEL TERMICO 10A/250V- 121 GRAUS ;PÇ;INDISPONIVEL;produtos/1730.png;NULL;1730-soquete-torneado-16-pinos;1000;0;ativo;5;;;NULL;0;NULL;NULL;NULL;NULL;1;0;0;0;0;NULL;0.00;0;;NULL;NULL;2026-08-18 13:38:08;2026-08-21 05:05:56;
1081;NULL;ADAPTADORES / CI;1731;FUSIVEL TERMICO 10A/250V- 130° GRAUS ;PÇ;INDISPONIVEL;produtos/1731.png;NULL;1731-barra-40-pinos-femea-180-graus;1000;0;ativo;5;;;NULL;0;NULL;NULL;NULL;NULL;1;0;0;0;0;NULL;0.00;0;;NULL;NULL;2026-08-18 13:38:08;2026-08-21 05:05:56;
1082;NULL;ADAPTADORES / CI;1732;FUSIVEL TERMICO 10A/250V- 142° GRAUS ;PÇ;DISPONÍVEL;produtos/1732.png;NULL;1732-barra-40-pinos-macho-180-graus;1000;0;ativo;5;1,3;;1,05;0;NULL;NULL;NULL;NULL;1;0;0;0;0;NULL;0.00;0;;NULL;NULL;2026-08-18 13:38:08;2026-08-21 05:05:56;
1083;NULL;DIVERSOS/ MICA ISOLANTE;1733;FUSIVEL TERMICO 10A/250V- 185° GRAUS ;PÇ;DISPONÍVEL;produtos/1733.png;NULL;1733-mica-isolante-52001943-to3-pl;1000;0;ativo;5;1,3;;1,05;0;NULL;NULL;NULL;NULL;1;0;0;0;0;NULL;0.00;0;;NULL;NULL;2026-08-18 13:38:08;2026-08-21 05:05:56;
1084;NULL;DIVERSOS/ MICA ISOLANTE;1734;FUSIVEL TERMICO 10A/250V- 192° GRAUS ;PÇ;DISPONÍVEL;produtos/1734.png;NULL;1734-mica-isolante-irfp1405-irfp5;1000;0;ativo;5;1,3;;1,05;0;NULL;NULL;NULL;NULL;1;0;0;0;0;NULL;0.00;0;;NULL;NULL;2026-08-18 13:38:08;2026-08-21 05:05:56;
1085;NULL;DIVERSOS/ MICA ISOLANTE;1735;FUSIVEL TERMICO 10A/250V- 216° GRAUS ;PÇ;INDISPONIVEL;produtos/1735.png;NULL;1735-mica-isolante-silicone-2sc5200;1000;0;ativo;5;;;1,05;0;NULL;NULL;NULL;NULL;1;0;0;0;0;NULL;0.00;0;;NULL;NULL;2026-08-18 13:38:08;2026-08-21 05:05:56;
1086;NULL;DIVERSOS/ MICA ISOLANTE;1736;FUSIVEL TERMICO 10A/250V- 240° GRAUS ;PÇ;INDISPONIVEL;produtos/1736.png;NULL;1736-mica-isolante-silicone-tip41t;1000;0;ativo;5;;;1,05;0;NULL;NULL;NULL;NULL;1;0;0;0;0;NULL;0.00;0;;NULL;NULL;2026-08-18 13:38:08;2026-08-21 05:05:56;
1087;NULL;DIVERSOS/ BUCHA ISOLANTE;1737;FUSIVEL TERMICO 10A/250V- 250° GRAUS ;PÇ;INDISPONIVEL;produtos/1737.png;NULL;1737-bucha-isolante-2sc52002sa1943;1000;0;ativo;5;;;NULL;0;NULL;NULL;NULL;NULL;1;0;0;0;0;NULL;0.00;0;;NULL;NULL;2026-08-18 13:38:08;2026-08-21 05:05:56;
1088;NULL;DIVERSOS/ BUCHA ISOLANTE;1738;FUSIVEL TERMICO 15A/250V- 172° GRAUS ;PÇ;DISPONÍVEL;produtos/1738.png;NULL;1738-bucha-isolante-tip41tip42-to;1000;0;ativo;5;1,3;;1,05;0;NULL;NULL;NULL;NULL;1;0;0;0;0;NULL;0.00;0;;NULL;NULL;2026-08-18 13:38:08;2026-08-21 05:05:56;
1089;NULL;COMPONENTES / TRANSISTORES;1739;FUSIVEL TERMICO 15A/250V- 185° GRAUS ;PÇ;DISPONÍVEL;produtos/1739.png;NULL;1739-2n2222;1000;0;ativo;5;1,3;;1,05;0;NULL;NULL;NULL;NULL;1;0;0;0;0;NULL;0.00;0;;NULL;NULL;2026-08-18 13:38:08;2026-08-21 05:05:56;
1090;NULL;COMPONENTES / TRANSISTORES;1740;FUSIVEL TERMICO 15A/250V- 192° GRAUS ;PÇ;INDISPONIVEL;produtos/1740.png;NULL;1740-2n3904;1000;0;ativo;5;;;1,05;0;NULL;NULL;NULL;NULL;1;0;0;0;0;NULL;0.00;0;;NULL;NULL;2026-08-18 13:38:08;2026-08-21 05:05:56;
1091;NULL;COMPONENTES / TRANSISTORES;1741;FUSIVEL TERMICO 15A/250V- 216° GRAUS ;PÇ;DISPONÍVEL;produtos/1741.png;NULL;1741-2n5401;1000;0;ativo;5;1,3;;1,05;0;NULL;NULL;NULL;NULL;1;0;0;0;0;NULL;0.00;0;;NULL;NULL;2026-08-18 13:38:08;2026-08-21 05:05:56;
1092;NULL;COMPONENTES / TRANSISTORES;1742;LM311;PÇ;DISPONÍVEL;produtos/1742.png;NULL;1742-2n5551;1000;0;ativo;5;1,4;0,854;NULL;1,088;NULL;0;28;NULL;1;0;0;0;0;NULL;0.00;0;17/09/2024;NULL;NULL;2026-08-18 13:38:08;2026-08-21 05:05:56;CX
1093;NULL;COMPONENTES / TRANSISTORES;1743;LM311 SMD;PÇ;DISPONÍVEL;produtos/1743.png;NULL;1743-2sa940;1000;0;ativo;5;0,9;;NULL;0;NULL;NULL;NULL;NULL;1;0;0;0;0;NULL;0.00;0;;NULL;NULL;2026-08-18 13:38:08;2026-08-21 05:05:56;
1094;NULL;COMPONENTES / TRANSISTORES;1774;MOC3063;PÇ;INDISPONIVEL;produtos/1774.png;NULL;1774-2sa970;1000;0;ativo;5;;2,1;NULL;2,51958;NULL;0;19,98;NULL;1;0;0;0;0;NULL;0.00;0;30/06/2025;NULL;NULL;2026-08-18 13:38:08;2026-08-21 05:05:56;santana
1095;NULL;COMPONENTES / TRANSISTORES;1777;CAPACITOR ELETROLITICO ELCO 33 x 35;PÇ;INDISPONIVEL;produtos/1777.png;NULL;1777-2sa1009;1000;0;ativo;5;;;NULL;0;NULL;NULL;NULL;NULL;1;0;0;0;0;NULL;0.00;0;;NULL;NULL;2026-08-18 13:38:08;2026-08-21 05:05:56;
1096;NULL;COMPONENTES / TRANSISTORES;1778;CAPACITOR ELETROLITICO ELCO 4,7 x 25;PÇ;INDISPONIVEL;produtos/1778.png;NULL;1778-2sa1006;1000;0;ativo;5;;;NULL;0;NULL;NULL;NULL;NULL;1;0;0;0;0;NULL;0.00;0;;NULL;NULL;2026-08-18 13:38:08;2026-08-21 05:05:56;
1097;NULL;COMPONENTES / TRANSISTORES;1779;CAPACITOR ELETROLITICO ELCO 680 x 25;PÇ;INDISPONIVEL;produtos/1779.png;NULL;1779-2sa1015;1000;0;ativo;5;;;NULL;0;NULL;NULL;NULL;NULL;1;0;0;0;0;NULL;0.00;0;;NULL;NULL;2026-08-18 13:38:08;2026-08-21 05:05:56;
1098;NULL;COMPONENTES / TRANSISTORES;1780;Pot Acel 1KB 3 PINOS L15 EIXO CURTO ;UNI;DISPONÍVEL;produtos/1780.png;NULL;1780-2sa1837;1000;0;ativo;5;1,6;0,7183;1,9;0,987255;NULL;6,5;28,75;NULL;1;0;0;0;0;NULL;0.00;0;04/09/2024;NULL;NULL;2026-08-18 13:38:08;2026-08-21 05:05:56;ATLAS
1099;NULL;COMPONENTES / TRANSISTORES;1781;Pot Acel 5KA 3 PINOS L15 EIXO CURTO ;UNI;DISPONÍVEL;produtos/1781.png;NULL;1781-2sa1930-isolado;1000;0;ativo;5;1,6;0,7183;1,9;0,987255;NULL;6,5;28,75;NULL;1;0;0;0;0;NULL;0.00;0;04/09/2024;NULL;NULL;2026-08-18 13:38:08;2026-08-21 05:05:56;ATLAS
1100;NULL;COMPONENTES / TRANSISTORES;1782;Pot Acel 5KB Estereo  L15 EIXO CURTO;UNI;DISPONÍVEL;produtos/1782.png;NULL;1782-2sa-1943-toshiba-original;1000;0;ativo;5;2,6;1,108;2,7;1,522018125;NULL;6,5;28,75;NULL;1;0;0;0;0;NULL;0.00;0;04/09/2024;NULL;NULL;2026-08-18 13:38:08;2026-08-21 05:05:56;ATLAS
1101;NULL;COMPONENTES / TRANSISTORES;1783;Pot Acel 10KA Estereo  L20 EIXO LONGO;UNI;DISPONÍVEL;produtos/1783.png;NULL;1783-2sa-1943-miniwat;1000;0;ativo;5;2,6;1,108;2,7;1,522018125;NULL;6,5;28,75;NULL;1;0;0;0;0;NULL;0.00;0;04/09/2024;NULL;NULL;2026-08-18 13:38:08;2026-08-21 05:05:56;ATLAS
1102;NULL;COMPONENTES / TRANSISTORES;1784;Pot Acel 20KA Estereo  L20 EIXO LONGO;UNI;DISPONÍVEL;produtos/1784.png;NULL;1784-2sa1964-original;1000;0;ativo;5;2,6;1,108;2,7;1,522018125;NULL;6,5;28,75;NULL;1;0;0;0;0;NULL;0.00;0;04/09/2024;NULL;NULL;2026-08-18 13:38:08;2026-08-21 05:05:56;ATLAS
1103;NULL;COMPONENTES / TRANSISTORES;1785;Pot Acel 50KA Estereo  L20 EIXO LONGO;UNI;DISPONÍVEL;produtos/1785.png;NULL;1785-2sb688-original;1000;0;ativo;5;2,6;1,108;2,7;1,522018125;NULL;6,5;28,75;NULL;1;0;0;0;0;NULL;0.00;0;04/09/2024;NULL;NULL;2026-08-18 13:38:08;2026-08-21 05:05:56;ATLAS
1104;NULL;COMPONENTES / TRANSISTORES;1786;Pot Acel 200KB Estereo  L20 EIXO LONGO;UNI;DISPONÍVEL;produtos/1786.png;NULL;1786-2sb817;1000;0;ativo;5;2,6;1,108;2,7;1,522018125;NULL;6,5;28,75;NULL;1;0;0;0;0;NULL;0.00;0;04/09/2024;NULL;NULL;2026-08-18 13:38:08;2026-08-21 05:05:56;ATLAS
1105;NULL;COMPONENTES / TRANSISTORES;1787;Adp Md9 Dvi-d Macho X Hdmi Fêmea  ;UNI ;DISPONÍVEL;produtos/1787.png;NULL;1787-2sc945;1000;0;ativo;5;12,45;4,3993;NULL;6,2279613;NULL;9,75;28,97;NULL;1;0;0;0;0;NULL;0.00;0;27/04/2024;NULL;NULL;2026-08-18 13:38:08;2026-08-21 05:05:56;NWT
1106;NULL;COMPONENTES / TRANSISTORES;1788;ADAP P1O MONO P/ PLUG CANNON;UNI ;DISPONÍVEL;produtos/1788.png;NULL;1788-2sc2073;1000;0;ativo;5;12,53;5,2667;NULL;7,374376875;NULL;9,75;27,5;NULL;1;0;0;0;0;NULL;0.00;0;15/09/2025;NULL;NULL;2026-08-18 13:38:08;2026-08-21 05:05:56;NWT
1107;NULL;COMPONENTES / TRANSISTORES;1789;Micro Switch 10T85 COM HAST 35MM, 3 TERMINAIS MINI 5A ;UNI;DISPONÍVEL;produtos/1789.png;NULL;1789-2sc2229;1000;0;ativo;5;3,45;1,4844;NULL;1,96995104;NULL;9,75;21,28;NULL;1;0;0;0;0;NULL;0.00;0;03/11/2025;NULL;NULL;2026-08-18 13:38:08;2026-08-21 05:05:56;NWT
1108;NULL;COMPONENTES / TRANSISTORES;1790;Micro Switch KW3-01 7/1 S/ HASTE 1 TERMINAL;UNI;DISPONÍVEL;produtos/1790.png;NULL;1790-2sc2330;1000;0;ativo;5;2,75;1,149;NULL;1,609209375;NULL;9,75;27,5;NULL;1;0;0;0;0;NULL;0.00;0;15/09/2025;NULL;NULL;2026-08-18 13:38:08;2026-08-21 05:05:56;NWT
1109;NULL;COMPONENTES / TRANSISTORES;1791;CD4060S;PÇ;DISPONÍVEL;produtos/1791.png;NULL;1791-2sc2333;1000;0;ativo;5;1,27;0,4977;NULL;0,64;NULL;0;28;NULL;1;0;0;0;0;NULL;0.00;0;15/06/2024;NULL;NULL;2026-08-18 13:38:08;2026-08-21 05:05:56;CX
1110;NULL;COMPONENTES / TRANSISTORES;1792;CD4069 SMD;PÇ;DISPONÍVEL;produtos/1792.png;NULL;1792-2sc2336;1000;0;ativo;5;1,04;0,405;NULL;0,5248;NULL;0;28;NULL;1;0;0;0;0;NULL;0.00;0;15/06/2024;NULL;NULL;2026-08-18 13:38:08;2026-08-21 05:05:56;CX
1111;NULL;COMPONENTES / TRANSISTORES;1793;CD4075;PÇ;DISPONÍVEL;produtos/1793.png;NULL;1793-2sc2625;1000;0;ativo;5;1,86;0,9072;NULL;1,1648;NULL;0;28;NULL;1;0;0;0;0;NULL;0.00;0;15/06/2024;NULL;NULL;2026-08-18 13:38:08;2026-08-21 05:05:56;CX
1112;NULL;COMPONENTES / TRANSISTORES;1794;CD4093;PÇ;DISPONÍVEL;produtos/1794.png;NULL;1794-2sc2655;1000;0;ativo;5;1,97;0,73;NULL;1,3520768;NULL;44,7;28;NULL;1;0;0;0;0;NULL;0.00;0;10/02/2026;NULL;NULL;2026-08-18 13:38:08;2026-08-21 05:05:56;COMPTOTAL
1113;NULL;COMPONENTES / TRANSISTORES;1795;CD4093 SMD;PÇ;DISPONÍVEL;produtos/1795.png;NULL;1795-2sc3209;1000;0;ativo;5;1,1;0,5742;NULL;0,7296;NULL;0;28;NULL;1;0;0;0;0;NULL;0.00;0;15/06/2024;NULL;NULL;2026-08-18 13:38:08;2026-08-21 05:05:56;CX
1114;NULL;COMPONENTES / TRANSISTORES;1796;CD4511;PÇ;DISPONÍVEL;produtos/1796.png;NULL;1796-2sc4793;1000;0;ativo;5;1,5549;0,8396;NULL;1,0752;NULL;0;28;NULL;1;0;0;0;0;NULL;0.00;0;15/06/2024;NULL;NULL;2026-08-18 13:38:08;2026-08-21 05:05:56;CX
1115;NULL;COMPONENTES / TRANSISTORES;1797;CD4526;PÇ;DISPONÍVEL;produtos/1797.png;NULL;1797-2sc5171-isolado;1000;0;ativo;5;5,55;2,7124;NULL;3,4688;NULL;0;28;NULL;1;0;0;0;0;NULL;0.00;0;15/06/2024;NULL;NULL;2026-08-18 13:38:08;2026-08-21 05:05:56;CX
1116;NULL;COMPONENTES / TRANSISTORES;1798;CD4527;PÇ;DISPONÍVEL;produtos/1798.png;NULL;1798-2sc5198-original;1000;0;ativo;5;2,11;1,0296;NULL;1,3184;NULL;0;28;NULL;1;0;0;0;0;NULL;0.00;0;15/06/2024;NULL;NULL;2026-08-18 13:38:08;2026-08-21 05:05:56;CX
1117;NULL;COMPONENTES / TRANSISTORES;1799;CD4556;PÇ;DISPONÍVEL;produtos/1799.png;NULL;1799-2sc-5200-toshiba-original;1000;0;ativo;5;2,11;1,0296;NULL;1,3184;NULL;0;28;NULL;1;0;0;0;0;NULL;0.00;0;15/06/2024;NULL;NULL;2026-08-18 13:38:08;2026-08-21 05:05:56;CX
1118;NULL;COMPONENTES / TRANSISTORES;1800;MOC3022;PÇ;DISPONÍVEL;produtos/1800.png;NULL;1800-2sc-5200-miniwat;1000;0;ativo;5;3,4;1,332;NULL;1,7024;NULL;0;28;NULL;1;0;0;0;0;NULL;0.00;0;15/06/2024;NULL;NULL;2026-08-18 13:38:08;2026-08-21 05:05:56;CX
1119;NULL;COMPONENTES / TRANSISTORES;1801;MOC3023;PÇ;DISPONÍVEL;produtos/1801.png;NULL;1801-2sc5248-original;1000;0;ativo;5;2,88;1,125;NULL;1,4464;NULL;0;28;NULL;1;0;0;0;0;NULL;0.00;0;15/06/2024;NULL;NULL;2026-08-18 13:38:08;2026-08-21 05:05:56;CX
1120;NULL;COMPONENTES / TRANSISTORES;1802;MOC3061;PÇ;DISPONÍVEL;produtos/1802.png;NULL;1802-2sd718-original;1000;0;ativo;5;3,41;1,3302;NULL;1,7024;NULL;0;28;NULL;1;0;0;0;0;NULL;0.00;0;15/09/2024;NULL;NULL;2026-08-18 13:38:08;2026-08-21 05:05:56;CX
1121;NULL;COMPONENTES / TRANSISTORES;1803;MOC3062;PÇ;DISPONÍVEL;produtos/1803.png;NULL;1803-2sd667;1000;0;ativo;5;3,53;1,3796;NULL;1,7664;NULL;0;28;NULL;1;0;0;0;0;NULL;0.00;0;15/09/2024;NULL;NULL;2026-08-18 13:38:08;2026-08-21 05:05:56;CX
1122;NULL;COMPONENTES / TRANSISTORES;1804;MUR1620;UNI;DISPONÍVEL;produtos/1804.png;NULL;1804-2sd882;1000;0;ativo;5;3,3;1,29;NULL;1,6512;NULL;0;28;NULL;1;0;0;0;0;NULL;0.00;0;15/06/2024;NULL;NULL;2026-08-18 13:38:08;2026-08-21 05:05:56;CX
1123;NULL;COMPONENTES / TRANSISTORES;1805;MUR1660;UNI;DISPONÍVEL;produtos/1805.png;NULL;1805-2sd1047;1000;0;ativo;5;4,6;1,8;NULL;2,304;NULL;0;28;NULL;1;0;0;0;0;NULL;0.00;0;15/06/2024;NULL;NULL;2026-08-18 13:38:08;2026-08-21 05:05:56;CX
1124;NULL;COMPONENTES / TRANSISTORES;1806;TL061CN;PÇ;DISPONÍVEL;produtos/1806.png;NULL;1806-2sd2499-original;1000;0;ativo;5;1,12;0,4356;NULL;0,5632;NULL;0;28;NULL;1;0;0;0;0;NULL;0.00;0;15/06/2024;NULL;NULL;2026-08-18 13:38:08;2026-08-21 05:05:56;CX
1125;NULL;COMPONENTES / TRANSISTORES;1807;TL7702;PÇ;DISPONÍVEL;produtos/1807.png;NULL;1807-2sd2539;1000;0;ativo;5;1,89;0,738;NULL;0,9472;NULL;0;28;NULL;1;0;0;0;0;NULL;0.00;0;15/06/2024;NULL;NULL;2026-08-18 13:38:08;2026-08-21 05:05:56;CX
1126;NULL;COMPONENTES / TRANSISTORES;1808;ADP P10 P/ 2X J10 MONO;UNI ;DISPONÍVEL;produtos/1808.png;NULL;1808-2sd4515;1000;0;ativo;5;2,65;1,1455;NULL;1,6310441375;NULL;9,75;29,23;NULL;1;0;0;0;0;NULL;0.00;0;07/09/2024;NULL;NULL;2026-08-18 13:38:08;2026-08-21 05:05:56;NWT
1127;NULL;COMPONENTES / TRANSISTORES;1809;XLR FEMEA METAL LINHA SILVER PROFISSIONAL;UNI;DISPONÍVEL;produtos/1809.png;NULL;1809-2sd5032;1000;0;ativo;5;5,95;2,9023;7,5;3,86576815;NULL;9,75;21,46;NULL;1;0;0;0;0;NULL;0.00;0;05/02/2026;NULL;NULL;2026-08-18 13:38:08;2026-08-21 05:05:56;NWT
1128;NULL;COMPONENTES / TRANSISTORES;1810;XLR MACHO METAL LINHA SILVER PROFISSIONAL;UNI;DISPONÍVEL;produtos/1810.png;NULL;1810-bc327;1000;0;ativo;5;5,95;2,6995;7,5;3,825777445;NULL;9,75;20,03;NULL;1;0;0;0;0;NULL;0.00;0;03/09/2026;NULL;NULL;2026-08-18 13:38:08;2026-08-21 05:05:56;NWT
1129;NULL;COMPONENTES / TRANSISTORES;1811;PLUG P10 STEREO LINHA DIAMANTE BLACK PROFISSIONAL;UNI;INDISPONIVEL;produtos/1811.png;NULL;1811-bc337;1000;0;ativo;5;5,6;2,4742;NULL;3,292568045;NULL;9,75;21,46;NULL;1;0;0;0;0;NULL;0.00;0;05/02/2026;NULL;NULL;2026-08-18 13:38:08;2026-08-21 05:05:56;NWT
1130;NULL;COMPONENTES / TRANSISTORES;1812;DIODO DIAC DB-3 PTH FITADO;CENTO;DISPONÍVEL;produtos/1812.png;NULL;1812-bc546;1000;0;ativo;5;6,75;0,09915;6,75;0,131798625;NULL;3,25;27,65;NULL;1;0;0;0;0;NULL;0.00;0;04/07/2024;NULL;NULL;2026-08-18 13:38:08;2026-08-21 05:05:56;ATLAS
1131;NULL;COMPONENTES / TRANSISTORES;1813;ZENER 13V 1W;UNI;DISPONÍVEL;produtos/1813.png;NULL;1813-bc547;1000;0;ativo;5;0,25;0,0789752;27;0,102969424;NULL;1,3;27,06;NULL;1;0;0;0;0;NULL;0.00;0;25/06/2024;NULL;NULL;2026-08-18 13:38:08;2026-08-21 05:05:56;ATLAS
1132;NULL;COMPONENTES / TRANSISTORES;1814;4K7 X 100V;PÇ;DISPONÍVEL;produtos/1814.png;NULL;1814-bc548;1000;0;ativo;5;0,0549;0,02274;NULL;0,02706378;NULL;6,5;27,06;NULL;1;0;0;0;0;NULL;0.00;0;25/06/2024;NULL;NULL;2026-08-18 13:38:08;2026-08-21 05:05:56;ATLAS
1133;NULL;COMPONENTES / TRANSISTORES;1815;8K2 X 100V;PÇ;DISPONÍVEL;produtos/1815.png;NULL;1815-bc549;1000;0;ativo;5;0,1349;0,046949;NULL;0,06765945;NULL;6,5;27,06;NULL;1;0;0;0;0;NULL;0.00;0;25/06/2024;NULL;NULL;2026-08-18 13:38:08;2026-08-21 05:05:56;ATLAS
1134;NULL;COMPONENTES / TRANSISTORES;1816;10K X 100V;PÇ;DISPONÍVEL;produtos/1816.png;NULL;1816-bc550;1000;0;ativo;5;0,1149;0,0507;NULL;0,067973625;NULL;6,5;27,65;NULL;1;0;0;0;0;NULL;0.00;0;04/07/2024;NULL;NULL;2026-08-18 13:38:08;2026-08-21 05:05:56;ACP
1135;NULL;COMPONENTES / TRANSISTORES;1817;15K X 100V;PÇ;DISPONÍVEL;produtos/1817.png;NULL;1817-bc556;1000;0;ativo;5;0,0949;0,046949;NULL;0,06765945;NULL;6,5;27,06;NULL;1;0;0;0;0;NULL;0.00;0;25/06/2024;NULL;NULL;2026-08-18 13:38:08;2026-08-21 05:05:56;ATLAS
1136;NULL;COMPONENTES / TRANSISTORES;1818;27K X 100V;PÇ;DISPONÍVEL;produtos/1818.png;NULL;1818-bc557;1000;0;ativo;5;0,1649;0,050702;NULL;0,06765945;NULL;6,5;27,06;NULL;1;0;0;0;0;NULL;0.00;0;25/06/2024;NULL;NULL;2026-08-18 13:38:08;2026-08-21 05:05:56;ATLAS
1137;NULL;COMPONENTES / TRANSISTORES;1819;47K X 100V;PÇ;DISPONÍVEL;produtos/1819.png;NULL;1819-bc558;1000;0;ativo;5;0,22349;0,1098587;0,18;0,14885079;NULL;6,5;27,06;NULL;1;0;0;0;0;NULL;0.00;0;25/06/2024;NULL;NULL;2026-08-18 13:38:08;2026-08-21 05:05:56;ATLAS
1138;NULL;COMPONENTES / TRANSISTORES;1820;68K X 100V;PÇ;DISPONÍVEL;produtos/1820.png;NULL;1820-bc637;1000;0;ativo;5;0,1849;0,0882;0,18;0,122352525;NULL;6,5;27,65;NULL;1;0;0;0;0;NULL;0.00;0;04/07/2024;NULL;NULL;2026-08-18 13:38:08;2026-08-21 05:05:56;ACP
1139;NULL;COMPONENTES / TRANSISTORES;1821;100K X 100V;PÇ;DISPONÍVEL;produtos/1821.png;NULL;1821-bc640;1000;0;ativo;5;0,2549;0,10195;NULL;0,13594725;NULL;6,5;27,65;NULL;1;0;0;0;0;NULL;0.00;0;04/07/2024;NULL;NULL;2026-08-18 13:38:08;2026-08-21 05:05:56;ACP
1140;NULL;COMPONENTES / TRANSISTORES;1822;ZENER 27V 1W;UNI;DISPONÍVEL;produtos/1822.png;NULL;1822-bd135;1000;0;ativo;5;0,25;0,075;27;0,11576;NULL;0;44,7;NULL;1;0;0;0;0;NULL;0.00;0;10/02/2026;NULL;NULL;2026-08-18 13:38:08;2026-08-21 05:05:56;COMPTOTAL
1141;NULL;COMPONENTES / TRANSISTORES;1823;ADP P3 P/ 2J2 STEREO ;UNI ;DISPONÍVEL;produtos/1823.png;NULL;1823-bd138;1000;0;ativo;5;7,5;2,812;NULL;3,745796035;NULL;9,75;21,46;NULL;1;0;0;0;0;NULL;0.00;0;05/02/2026;NULL;NULL;2026-08-18 13:38:08;2026-08-21 05:05:56;NWT
1142;NULL;COMPONENTES / TRANSISTORES;1825;9UF X 450;PÇ;DISPONÍVEL;produtos/1825.png;NULL;1825-bd139;1000;0;ativo;5;7,86;3,4;NULL;3,9280608;NULL;6,5;8,48;NULL;1;0;0;0;0;NULL;0.00;0;26/07/2024;NULL;NULL;2026-08-18 13:38:08;2026-08-21 05:05:56;ALLSEMI
1143;NULL;COMPONENTES / TRANSISTORES;1827;DIODO  MUR460;UNI;DISPONÍVEL;produtos/1826.png;NULL;1827-bd140;1000;0;ativo;5;0,75;0,35;NULL;4,5634824;NULL;0;44,7;NULL;1;0;0;0;0;NULL;0.00;0;10/02/2026;NULL;NULL;2026-08-18 13:38:08;2026-08-21 05:05:56;COMPTOTAL
1144;NULL;COMPONENTES / TRANSISTORES;1828;ADP RCA P/ 2 JACK RCA ;UNI ;DISPONÍVEL;produtos/1827.png;NULL;1828-bd678;1000;0;ativo;5;1,65;0,7098;NULL;0,50645;NULL;9,75;29,23;NULL;1;0;0;0;0;NULL;0.00;0;07/09/2024;NULL;NULL;2026-08-18 13:38:08;2026-08-21 05:05:56;NWT
1145;NULL;COMPONENTES / TRANSISTORES;1829;JACK Speak-on femea PAINEL 4 VIAS plástico redondo com reforço de metal ;UNI;DISPONÍVEL;produtos/1828.png;NULL;1829-bf245;1000;0;ativo;5;6,39;2,44131;NULL;1,0069924675;NULL;6,5;22,84;NULL;1;0;0;0;0;NULL;0.00;0;10/02/2026;NULL;NULL;2026-08-18 13:38:08;2026-08-21 05:05:56;ATLAS
1146;NULL;COMPONENTES / TRANSISTORES;1830;CONECTOR DE CARGA TIPO C 6 PINOS ;UNI;INDISPONIVEL;produtos/1829.png;NULL;1830-bf421;1000;0;ativo;5;1,4;0,55;1,35;3,19212024;NULL;6,5;28,75;NULL;1;0;0;0;0;NULL;0.00;0;04/09/2024;NULL;NULL;2026-08-18 13:38:08;2026-08-21 05:05:56;ATLAS
1147;NULL;COMPONENTES / TRANSISTORES;1831;Pot Acel 100KA Estereo  L20 EIXO LONGO;UNI;DISPONÍVEL;produtos/1830.png;NULL;1831-bf422;1000;0;ativo;5;2,6;1,108;2,7;0,754153125;NULL;6,5;28,75;NULL;1;0;0;0;0;NULL;0.00;0;04/09/2024;NULL;NULL;2026-08-18 13:38:08;2026-08-21 05:05:56;ATLAS
1148;NULL;COMPONENTES / TRANSISTORES;1832;MAX232;PÇ;DISPONÍVEL;produtos/1831.png;NULL;1832-bf423;1000;0;ativo;5;2,2;1,1;NULL;1,522018125;NULL;0;28;NULL;1;0;0;0;0;NULL;0.00;0;12/09/2024;NULL;NULL;2026-08-18 13:38:08;2026-08-21 05:05:56;CX
1149;NULL;COMPONENTES / TRANSISTORES;1833;CAPACITOR ELETROLITICO ELCO 680 x 10;PÇ;INDISPONIVEL;produtos/1832.png;NULL;1833-bf494;1000;0;ativo;5;;;NULL;1,408;NULL;NULL;NULL;NULL;1;0;0;0;0;NULL;0.00;0;;NULL;NULL;2026-08-18 13:38:08;2026-08-21 05:05:56;
1150;NULL;COMPONENTES / TRANSISTORES;1834;CAPACITOR ELETROLITICO ELCO 680 x 16;PÇ;INDISPONIVEL;produtos/1833.png;NULL;1834-bf495;1000;0;ativo;5;;;NULL;0;NULL;NULL;NULL;NULL;1;0;0;0;0;NULL;0.00;0;;NULL;NULL;2026-08-18 13:38:08;2026-08-21 05:05:56;
1151;NULL;COMPONENTES / TRANSISTORES;1835;BATERIA LR41 CART. 10 UNI GREEN;CART;INDISPONIVEL;produtos/1834.png;NULL;1835-bt131-600;1000;0;ativo;5;;2,4;NULL;0;NULL;9,75;16,76;NULL;1;0;0;0;0;NULL;0.00;0;15/09/2025;NULL;NULL;2026-08-18 13:38:08;2026-08-21 05:05:56;SANTANA
1152;NULL;COMPONENTES / TRANSISTORES;1838;ZENER 10v 1W;UNI;DISPONÍVEL;produtos/1835.png;NULL;1838-bt134-600e;1000;0;ativo;5;0,25;0,13572;27;3,0754584;NULL;1,3;30,5;NULL;1;0;0;0;0;NULL;0.00;0;30/09/2024;NULL;NULL;2026-08-18 13:38:08;2026-08-21 05:05:56;ACP
1153;NULL;COMPONENTES / TRANSISTORES;1841;CABO P2 MACHO STEREO P/ P10 MONO 1,8M;UNI;DISPONÍVEL;produtos/1838.png;NULL;1841-bt136-600e;1000;0;ativo;5;4,2;1,6909;NULL;0,1850751;NULL;5;20,03;NULL;1;0;0;0;0;NULL;0.00;0;02/09/2026;NULL;NULL;2026-08-18 13:38:08;2026-08-21 05:05:56;NWT
1154;NULL;COMPONENTES / TRANSISTORES;1842;ADP HDMI FEMEA P/ HDMI FEMEA ;UNI ;EST.BAIXO;produtos/1841.png;NULL;1842-bt137-600e;1000;0;ativo;5;4,2;1,5006;NULL;2,2089375;NULL;9,75;27,5;NULL;1;0;0;0;0;NULL;0.00;0;15/09/2025;NULL;NULL;2026-08-18 13:38:08;2026-08-21 05:05:56;NWT
1155;NULL;COMPONENTES / TRANSISTORES;1843;XLR MACHO METAL PRETO LINHA DIAMANTE BLACK PROFISSIONAL;UNI;DISPONÍVEL;produtos/1842.png;NULL;1843-bt138-600e;1000;0;ativo;5;5,85;2,0205;6,5;2,09896875;NULL;9,75;20,03;NULL;1;0;0;0;0;NULL;0.00;0;03/09/2026;NULL;NULL;2026-08-18 13:38:08;2026-08-21 05:05:56;NWT
1156;NULL;COMPONENTES / TRANSISTORES;1844;XLR FEMEA METAL PRETO LINHA DIAMANTE BLACK PROFISSIONAL;UNI;DISPONÍVEL;produtos/1843.png;NULL;1844-bt139-600e;1000;0;ativo;5;5,85;2,474;NULL;2,9283056;NULL;9,75;21,28;NULL;1;0;0;0;0;NULL;0.00;0;03/11/2025;NULL;NULL;2026-08-18 13:38:08;2026-08-21 05:05:56;NWT
1157;NULL;COMPONENTES / TRANSISTORES;1848;CHAVE PUSH BUTTON 6 POLOS 8MM C/ TRAVA AZUL ;UNI;DISPONÍVEL;produtos/1844.png;NULL;1848-bt139-800e;1000;0;ativo;5;1,2;0,47;NULL;3,28768856;NULL;9,75;19,38;NULL;1;0;0;0;0;NULL;0.00;0;23/04/2025;NULL;NULL;2026-08-18 13:38:08;2026-08-21 05:05:56;SANTANA
1158;NULL;COMPONENTES / TRANSISTORES;1849;CONECTOR DB9 FEMEA 180 GRAUS p/ solda fio ;UNI;DISPONÍVEL;produtos/1848.png;NULL;1849-bt151-500r;1000;0;ativo;5;0,9;0,36;NULL;0,615791885;NULL;0;9,73;NULL;1;0;0;0;0;NULL;0.00;0;05/02/2025;NULL;NULL;2026-08-18 13:38:08;2026-08-21 05:05:56;ASIA
1159;NULL;COMPONENTES / TRANSISTORES;1850;CONECTOR DB9 MACHO 180 GRAUS p/ solda fio ;UNI;DISPONÍVEL;produtos/1849.png;NULL;1850-bt151-800r;1000;0;ativo;5;0,9;0,33;NULL;0,395028;NULL;0;9,73;NULL;1;0;0;0;0;NULL;0.00;0;05/06/2026;NULL;NULL;2026-08-18 13:38:08;2026-08-21 05:05:56;ASIA
1160;NULL;COMPONENTES / TRANSISTORES;1853;CONECTOR USB PCI B FEMEA 90G P/ IMPRESSORA;UNI;DISPONÍVEL;produtos/1850.png;NULL;1853-bta08-600;1000;0;ativo;5;2,85;1,3673;2,8;0,362109;NULL;9,75;21,79;NULL;1;0;0;0;0;NULL;0.00;0;30/09/2024;NULL;NULL;2026-08-18 13:38:08;2026-08-21 05:05:56;SANTANA
1161;NULL;COMPONENTES / TRANSISTORES;1854;PORTA FUSIVEL PEQUENO C/ FIO ;PÇ;INDISPONIVEL;produtos/1853.png;NULL;1854-bta12-600;1000;0;ativo;5;;0,7143;NULL;1,8312039925;NULL;9,75;21,79;NULL;1;0;0;0;0;NULL;0.00;0;30/09/2024;NULL;NULL;2026-08-18 13:38:08;2026-08-21 05:05:56;SANTANA
1162;NULL;COMPONENTES / TRANSISTORES;1857;SUPORTE PARA BATERIA 4 PILHAS AA PARALELO;PÇ;DISPONÍVEL;produtos/1854.png;NULL;1857-bta16-600b;1000;0;ativo;5;3,95;1,55;3,8;0,9490181275;NULL;9,75;19,98;NULL;1;0;0;0;0;NULL;0.00;0;30/06/2025;NULL;NULL;2026-08-18 13:38:08;2026-08-21 05:05:56;SANTANA
1163;NULL;COMPONENTES / TRANSISTORES;1858;TOMADA TRIPOLAR MACHO ;UNI;DISPONÍVEL;produtos/1857.png;NULL;1858-bta24-600-original;1000;0;ativo;5;1,8;0,75;1,85;2,041009775;NULL;0;9,75;NULL;1;0;0;0;0;NULL;0.00;0;05/06/2026;NULL;NULL;2026-08-18 13:38:08;2026-08-21 05:05:56;ASIA
1164;NULL;COMPONENTES / TRANSISTORES;1859;TOP224YN;PÇ;DISPONÍVEL;produtos/1858.png;NULL;1859-bta24-800-original;1000;0;ativo;5;8,97;;NULL;0,823125;NULL;NULL;NULL;NULL;1;0;0;0;0;NULL;0.00;0;;NULL;NULL;2026-08-18 13:38:08;2026-08-21 05:05:56;
1165;NULL;COMPONENTES / TRANSISTORES;1860;RESISTOR 0,47R 2w;;DISPONÍVEL;produtos/1859.png;NULL;1860-bta26-600-original;1000;0;ativo;5;0,3;;NULL;0;NULL;NULL;NULL;NULL;1;0;0;0;0;NULL;0.00;0;;NULL;NULL;2026-08-18 13:38:08;2026-08-21 05:05:56;
1166;NULL;COMPONENTES / TRANSISTORES;1861;RESISTOR 680R 2w;;DISPONÍVEL;produtos/1860.png;NULL;1861-bta41-600b;1000;0;ativo;5;0,3;0,1131;NULL;0;NULL;6,5;30,5;NULL;1;0;0;0;0;NULL;0.00;0;30/09/2024;NULL;NULL;2026-08-18 13:38:08;2026-08-21 05:05:56;ACP
1167;NULL;COMPONENTES / TRANSISTORES;1862;CAPACITOR ELETROLITICO ELCO 47 x 200;PÇ;DISPONÍVEL;produtos/1861.png;NULL;1862-bta41-800b;1000;0;ativo;5;2,2049;0,9898;NULL;0,15288075;NULL;6,5;21,79;NULL;1;0;0;0;0;NULL;0.00;0;30/09/2024;NULL;NULL;2026-08-18 13:38:08;2026-08-21 05:05:56;SANTANA
1168;NULL;COMPONENTES / TRANSISTORES;1863;CAPACITOR ELETROLITICO ELCO 150 x 100;PÇ;DISPONÍVEL;produtos/1862.png;NULL;1863-fda70n20;1000;0;ativo;5;4,85;1,96;NULL;1,284092865;NULL;6,5;21,79;NULL;1;0;0;0;0;NULL;0.00;0;30/09/2024;NULL;NULL;2026-08-18 13:38:08;2026-08-21 05:05:56;SANTANA
1169;NULL;COMPONENTES / TRANSISTORES;1864;CAPACITOR ELETROLITICO ELCO 150 x 250;PÇ;DISPONÍVEL;produtos/1863.png;NULL;1864-fqp50n06;1000;0;ativo;5;8,8949;3,83;NULL;2,54224446;NULL;6,5;19,98;NULL;1;0;0;0;0;NULL;0.00;0;30/09/2025;NULL;NULL;2026-08-18 13:38:08;2026-08-21 05:05:56;SANTANA
1170;NULL;COMPONENTES / TRANSISTORES;1865;CAPACITOR ELETROLITICO ELCO 1500 x 25;PÇ;INDISPONIVEL;produtos/1864.png;NULL;1865-gt30g121-isolado;1000;0;ativo;5;1,8749;0,898;NULL;4,89392421;NULL;6,5;21,79;NULL;1;0;0;0;0;NULL;0.00;0;30/09/2024;NULL;NULL;2026-08-18 13:38:08;2026-08-21 05:05:56;SANTANA
1171;NULL;COMPONENTES / TRANSISTORES;1866;CAPACITOR ELETROLITICO ELCO 1500 x 35;PÇ;INDISPONIVEL;produtos/1865.png;NULL;1866-gt30f124-isolado;1000;0;ativo;5;3,8049;1,74;NULL;1,16735715;NULL;6,5;21,79;NULL;1;0;0;0;0;NULL;0.00;0;30/09/2024;NULL;NULL;2026-08-18 13:38:08;2026-08-21 05:05:56;SANTANA
1172;NULL;COMPONENTES / TRANSISTORES;1867;CAPACITOR ELETROLITICO ELCO 1500 x 63;PÇ;DISPONÍVEL;produtos/1866.png;NULL;1867-gt30j124-isolado;1000;0;ativo;5;9,1049;3,98;NULL;2,25689049;NULL;6,5;21,79;NULL;1;0;0;0;0;NULL;0.00;0;30/09/2024;NULL;NULL;2026-08-18 13:38:08;2026-08-21 05:05:56;SANTANA
1173;NULL;COMPONENTES / TRANSISTORES;1868;Módulo de alimentação ajustável Step-Down  3.2V-35V;UNI;INDISPONIVEL;produtos/1867.png;NULL;1868-gt30f127-isolado;1000;0;ativo;5;15,9;4,35;NULL;5,16231273;NULL;0;0;NULL;1;0;0;0;0;NULL;0.00;0;30/09/2024;NULL;NULL;2026-08-18 13:38:08;2026-08-21 05:05:56;aliexpress
1174;NULL;COMPONENTES / TRANSISTORES;1869;YD7389;PÇ;DISPONÍVEL;produtos/1868.png;NULL;1869-gt30j127-isolado;1000;0;ativo;5;21,54;10,77;NULL;4,35;NULL;NULL;NULL;NULL;1;0;0;0;0;NULL;0.00;0;30/09/2024;NULL;NULL;2026-08-18 13:38:08;2026-08-21 05:05:56;ALI
1175;NULL;COMPONENTES / TRANSISTORES;1872;78L33;PÇ;DISPONÍVEL;produtos/1869.png;NULL;1872-irf530;1000;0;ativo;5;0,44;0,2214;NULL;10,77;NULL;0;0;NULL;1;0;0;0;0;NULL;0.00;0;30/09/2024;NULL;NULL;2026-08-18 13:38:08;2026-08-21 05:05:56;
1176;NULL;COMPONENTES / TRANSISTORES;1873;78L05;PÇ;INDISPONIVEL;produtos/1872.png;NULL;1873-irf540;1000;0;ativo;5;0,44;0,2214;NULL;0,22;NULL;0;0;NULL;1;0;0;0;0;NULL;0.00;0;30/09/2024;NULL;NULL;2026-08-18 13:38:08;2026-08-21 05:05:56;
1177;NULL;COMPONENTES / TRANSISTORES;1874;78L09;PÇ;DISPONÍVEL;produtos/1873.png;NULL;1874-irf630;1000;0;ativo;5;0,44;0,2214;NULL;0,22;NULL;0;0;NULL;1;0;0;0;0;NULL;0.00;0;30/09/2024;NULL;NULL;2026-08-18 13:38:08;2026-08-21 05:05:56;
1178;NULL;COMPONENTES / TRANSISTORES;1875;78L12;PÇ;DISPONÍVEL;produtos/1874.png;NULL;1875-irf640-original-ir;1000;0;ativo;5;0,44;0,2214;NULL;0,22;NULL;0;0;NULL;1;0;0;0;0;NULL;0.00;0;30/09/2024;NULL;NULL;2026-08-18 13:38:08;2026-08-21 05:05:56;
1179;NULL;COMPONENTES / TRANSISTORES;1876;78L15;PÇ;DISPONÍVEL;produtos/1875.png;NULL;1876-irf730;1000;0;ativo;5;0,44;0,2214;NULL;0,22;NULL;0;0;NULL;1;0;0;0;0;NULL;0.00;0;30/09/2024;NULL;NULL;2026-08-18 13:38:08;2026-08-21 05:05:56;
1180;NULL;COMPONENTES / TRANSISTORES;1877;PORTA FUSIVEL PEQUENO QUADRADO PAINEL;PÇ;DISPONÍVEL;produtos/1876.png;NULL;1877-irf740;1000;0;ativo;5;1;0,5985;NULL;0,22;NULL;0;0;NULL;1;0;0;0;0;NULL;0.00;0;30/09/2024;NULL;NULL;2026-08-18 13:38:08;2026-08-21 05:05:56;ALI
1181;NULL;COMPONENTES / TRANSISTORES;1878;Pot p/ som auto-motivo pioneer 13MM MVW-30BR;UNI;DISPONÍVEL;produtos/1877.png;NULL;1878-irf1404-ior;1000;0;ativo;5;9,9;;11;0,6;NULL;NULL;NULL;NULL;1;0;0;0;0;NULL;0.00;0;;NULL;NULL;2026-08-18 13:38:08;2026-08-21 05:05:56;
1182;NULL;COMPONENTES / TRANSISTORES;1879;CAPACITOR ELETROLITICO ELCO 22 X 16;PÇ;INDISPONIVEL;produtos/1878.png;NULL;1879-irf1405-ior;1000;0;ativo;5;;;NULL;0;NULL;NULL;NULL;NULL;1;0;0;0;0;NULL;0.00;0;;NULL;NULL;2026-08-18 13:38:08;2026-08-21 05:05:56;
1183;NULL;COMPONENTES / TRANSISTORES;1880;FUSIVEL 12A 5X20 CERAMICO CX 100 PÇS ;PÇ;DISPONÍVEL;produtos/1879.png;NULL;1880-irf2805;1000;0;ativo;5;0,4;0,15;40;0;NULL;9,75;6,18;NULL;1;0;0;0;0;NULL;0.00;0;16/09/2025;NULL;NULL;2026-08-18 13:38:08;2026-08-21 05:05:56;ALLSEMI
1184;NULL;COMPONENTES / TRANSISTORES;1881;TOP247YN;PÇ;INDISPONIVEL;produtos/1880.png;NULL;1881-irf2807;1000;0;ativo;5;13,1;4,58;13,1;0,174798825;NULL;0;0;NULL;1;0;0;0;0;NULL;0.00;0;23/02/2026;NULL;NULL;2026-08-18 13:38:08;2026-08-21 05:05:56;ALIE
1185;NULL;COMPONENTES / TRANSISTORES;1882;TOP249YN;PÇ;INDISPONIVEL;produtos/1881.png;NULL;1882-irf-3205-ior;1000;0;ativo;5;13,95;4,58;14,32;4,58;NULL;0;0;NULL;1;0;0;0;0;NULL;0.00;0;23/02/2026;NULL;NULL;2026-08-18 13:38:08;2026-08-21 05:05:56;ALIE
1186;NULL;COMPONENTES / TRANSISTORES;1884;TOP223YN;PÇ;DISPONÍVEL;produtos/1882.png;NULL;1884-irf8010;1000;0;ativo;5;8,54;2,62;5,24;4,58;NULL;0;0;NULL;1;0;0;0;0;NULL;0.00;0;28/01/2025;NULL;NULL;2026-08-18 13:38:08;2026-08-21 05:05:56;2020111PYStore
1187;NULL;COMPONENTES / TRANSISTORES;1885;PELTIER 12706;UNI;DISPONÍVEL;produtos/1884.png;NULL;1885-irf9530;1000;0;ativo;5;26;14,29;23;2,62;NULL;0;11,45;NULL;1;0;0;0;0;NULL;0.00;0;03/09/2026;NULL;NULL;2026-08-18 13:38:08;2026-08-21 05:05:56;TF
1188;NULL;COMPONENTES / TRANSISTORES;1886;EMENDA RAP P/ FITA DE LED RGB COL. 4 VIAS 10MM em L;UNI;DISPONÍVEL;produtos/1885.png;NULL;1886-irf9540-ior;1000;0;ativo;5;4,3;1,8406;NULL;0;NULL;9,75;30,05;NULL;1;0;0;0;0;NULL;0.00;0;29/06/2025;NULL;NULL;2026-08-18 13:38:08;2026-08-21 05:05:56;NWT
1189;NULL;COMPONENTES / TRANSISTORES;1887;LM2576 - 5V 5PINOS;PÇ;DISPONÍVEL;produtos/1886.png;NULL;1887-irf-9640-ior;1000;0;ativo;5;12,9;;NULL;2,6262297;NULL;NULL;NULL;NULL;1;0;0;0;0;NULL;0.00;0;;NULL;NULL;2026-08-18 13:38:08;2026-08-21 05:05:56;
1190;NULL;COMPONENTES / TRANSISTORES;1888;LTK5112 SMD ;PÇ;DISPONÍVEL;produtos/1887.png;NULL;1888-irfb448;1000;0;ativo;5;10,75;2,1408;10,75;0;NULL;0;0;NULL;1;0;0;0;0;NULL;0.00;0;01/12/2025;NULL;NULL;2026-08-18 13:38:08;2026-08-21 05:05:56;ALI
1191;NULL;COMPONENTES / TRANSISTORES;1890;TC4056 SMD;PÇ;DISPONÍVEL;produtos/1888.png;NULL;1890-irfb-4019;1000;0;ativo;5;3,95;0,35;NULL;2,14;NULL;0;0;NULL;1;0;0;0;0;NULL;0.00;0;28/01/2025;NULL;NULL;2026-08-18 13:38:08;2026-08-21 05:05:56;RUFFUS
1192;NULL;COMPONENTES / TRANSISTORES;1891;TOP257PN;PÇ;DISPONÍVEL;produtos/1890.png;NULL;1891-irfb4127;1000;0;ativo;5;8,95;2,34;NULL;0,35;NULL;0;0;NULL;1;0;0;0;0;NULL;0.00;0;23/02/2026;NULL;NULL;2026-08-18 13:38:08;2026-08-21 05:05:56;ALIE
1193;NULL;COMPONENTES / TRANSISTORES;1892;TL064 SMD;PÇ;DISPONÍVEL;produtos/1891.png;NULL;1892-irfb-4227-ior;1000;0;ativo;5;1,44;0,45;1,44;2,34;NULL;0;60;NULL;1;0;0;0;0;NULL;0.00;0;06/08/2025;NULL;NULL;2026-08-18 13:38:08;2026-08-21 05:05:56;AL
1194;NULL;COMPONENTES / TRANSISTORES;1893;TL062 DIP;PÇ;INDISPONIVEL;produtos/1892.png;NULL;1893-irfb4332;1000;0;ativo;5;;;NULL;0,72;NULL;NULL;NULL;NULL;1;0;0;0;0;NULL;0.00;0;;NULL;NULL;2026-08-18 13:38:08;2026-08-21 05:05:56;
1195;NULL;COMPONENTES / TRANSISTORES;1894;TL074 SMD;PÇ;INDISPONIVEL;produtos/1893.png;NULL;1894-irfb5620;1000;0;ativo;5;1,95;0,38;1,95;0;NULL;0;80;NULL;1;0;0;0;0;NULL;0.00;0;16/10/2025;NULL;NULL;2026-08-18 13:38:08;2026-08-21 05:05:56;ALIE
1196;NULL;COMPONENTES / TRANSISTORES;1897;SUPORTE P/ MICROFONE S/ FIO COM ROSCA METALICA ;UNI;INDISPONIVEL;produtos/1894.png;NULL;1897-irfb52n15d;1000;0;ativo;5;;5,4552;10,97;0,684;NULL;15;19,98;NULL;1;0;0;0;0;NULL;0.00;0;30/06/2025;NULL;NULL;2026-08-18 13:38:08;2026-08-21 05:05:56;SANTANA
1197;NULL;COMPONENTES / TRANSISTORES;1898;Cabo Y 2 FEMEA p/ 1 MACHO;UNI;DISPONÍVEL;produtos/1897.png;NULL;1898-irfp064n-grande;1000;0;ativo;5;3,3;1,4922;3,1;7,5335442;NULL;5;20,03;NULL;1;0;0;0;0;NULL;0.00;0;02/09/2026;NULL;NULL;2026-08-18 13:38:08;2026-08-21 05:05:56;NWT
1198;NULL;COMPONENTES / TRANSISTORES;1899;ADAPTADOR P4 2.1*5.5mm FÊMEA PARA 0.7*2.5mm MACHO, AMARELO (X);UNI ;DISPONÍVEL;produtos/1898.png;NULL;1899-irfp250-grande;1000;0;ativo;5;2,2;0,8982;2,2;0;NULL;9,75;30,35;NULL;1;0;0;0;0;NULL;0.00;0;15/10/2024;NULL;NULL;2026-08-18 13:38:08;2026-08-21 05:05:56;NWT
1199;NULL;COMPONENTES / TRANSISTORES;1900;TOP222YN;PÇ;DISPONÍVEL;produtos/1899.png;NULL;1900-irfp260-grande;1000;0;ativo;5;8,95;;NULL;1,287532125;NULL;NULL;NULL;NULL;1;0;0;0;0;NULL;0.00;0;;NULL;NULL;2026-08-18 13:38:08;2026-08-21 05:05:56;
1200;NULL;COMPONENTES / TRANSISTORES;1901;TOP257YN;PÇ;INDISPONIVEL;produtos/1900.png;NULL;1901-irfp450-grande;1000;0;ativo;5;9,42;;NULL;0;NULL;NULL;NULL;NULL;1;0;0;0;0;NULL;0.00;0;;NULL;NULL;2026-08-18 13:38:09;2026-08-21 05:05:56;
1201;NULL;COMPONENTES / TRANSISTORES;1902;P8N80 ISOLADO;PÇ;EST.BAIXO;produtos/1901.png;NULL;1902-irfp460-grande;1000;0;ativo;5;5,95;1,6277;NULL;0;NULL;0;0;NULL;1;0;0;0;0;NULL;0.00;0;05/02/2026;NULL;NULL;2026-08-18 13:38:09;2026-08-21 05:05:56;ALIE
1202;NULL;COMPONENTES / TRANSISTORES;1903;Cabo y 1 MACHO P/ 2 FEMEAS CRYSTAL;UNI;DISPONÍVEL;produtos/1902.png;NULL;1903-irfp1405;1000;0;ativo;5;4,8;2,1916;NULL;1,63;NULL;5;30,35;NULL;1;0;0;0;0;NULL;0.00;0;15/10/2024;NULL;NULL;2026-08-18 13:38:09;2026-08-21 05:05:56;NWT
1203;NULL;COMPONENTES / TRANSISTORES;1904;TDA2822 SMD;PÇ;INDISPONIVEL;produtos/1903.png;NULL;1904-irfp4227-grande;1000;0;ativo;5;;0,98;NULL;2,99739825;NULL;0;0;NULL;1;0;0;0;0;NULL;0.00;0;28/01/2025;NULL;NULL;2026-08-18 13:38:09;2026-08-21 05:05:56;RUFFUS
1204;NULL;COMPONENTES / TRANSISTORES;1905;CS8676 SMD ;PÇ;INDISPONIVEL;produtos/1904.png;NULL;1905-irfp90n20;1000;0;ativo;5;10,95;2,452;10,95;0,98;NULL;0;80;NULL;1;0;0;0;0;NULL;0.00;0;16/10/2025;NULL;NULL;2026-08-18 13:38:09;2026-08-21 05:05:56;ALIEX
1205;NULL;COMPONENTES / TRANSISTORES;1906;TOP244YN;PÇ;DISPONÍVEL;produtos/1905.png;NULL;1906-irfz44n-ior;1000;0;ativo;5;8,97;6,29;12,57;4,41;NULL;0;0;NULL;1;0;0;0;0;NULL;0.00;0;28/01/2025;NULL;NULL;2026-08-18 13:38:09;2026-08-21 05:05:56;2020111PYStore
1206;NULL;COMPONENTES / TRANSISTORES;1907;TC4420;PÇ;INDISPONIVEL;produtos/1906.png;NULL;1907-irfz46-ior;1000;0;ativo;5;;;NULL;6,29;NULL;NULL;NULL;NULL;1;0;0;0;0;NULL;0.00;0;;NULL;NULL;2026-08-18 13:38:09;2026-08-21 05:05:56;
1207;NULL;COMPONENTES / TRANSISTORES;1908;2N3904;PÇ;INDISPONIVEL;produtos/1907.png;NULL;1908-irfz48-ior;1000;0;ativo;5;;;NULL;0;NULL;NULL;NULL;NULL;1;0;0;0;0;NULL;0.00;0;;NULL;NULL;2026-08-18 13:38:09;2026-08-21 05:05:56;
1208;NULL;COMPONENTES / TRANSISTORES;1909;GT30F124 ISOLADO;PÇ;INDISPONIVEL;produtos/1908.png;NULL;1909-j4215;1000;0;ativo;5;7,70496;4,02;7,5;0;NULL;0;15;NULL;1;0;0;0;0;NULL;0.00;0;23/04/2025;NULL;NULL;2026-08-18 13:38:09;2026-08-21 05:05:56;TF
1209;NULL;COMPONENTES / TRANSISTORES;1910;FUSIVEL 15A 6X30 VIDRO CX 100 PÇS ;CX 100X;DISPONÍVEL;produtos/1909.png;NULL;1910-j4315;1000;0;ativo;5;22;9;24;4,623;NULL;9,75;8,48;NULL;1;0;0;0;0;NULL;0.00;0;28/07/2024;NULL;NULL;2026-08-18 13:38:09;2026-08-21 05:05:56;ALLSEMI
1210;NULL;COMPONENTES / TRANSISTORES;1911;FIO CABO GUITARRA 0,20MM PRETO 100% COBRE;UNI;INDISPONIVEL;produtos/1910.png;NULL;1911-md1803-dfx-grande;1000;0;ativo;5;;148,48;264;10,715112;NULL;0;20,4;NULL;1;0;0;0;0;NULL;0.00;0;27/11/2025;NULL;NULL;2026-08-18 13:38:09;2026-08-21 05:05:56;INFAP
1211;NULL;COMPONENTES / TRANSISTORES;1912;FIO CABO MICROFONE 2X 0,30MM PRETO (MANCINE) 100% COBRE;UNI;INDISPONIVEL;produtos/1911.png;NULL;1912-mje340;1000;0;ativo;5;;251,36;NULL;178,76992;NULL;0;29,19;NULL;1;0;0;0;0;NULL;0.00;0;15/04/2025;NULL;NULL;2026-08-18 13:38:09;2026-08-21 05:05:56;INFAP
1212;NULL;COMPONENTES / TRANSISTORES;1914;CAPACITOR ELETROLITICO ELCO 0,47 x 100;PÇ;DISPONÍVEL;produtos/1912.png;NULL;1914-mje350;1000;0;ativo;5;0,1249;0,0505;NULL;324,731984;NULL;6,5;26,82;NULL;1;0;0;0;0;NULL;0.00;0;13/10/2025;NULL;NULL;2026-08-18 13:38:09;2026-08-21 05:05:56;ACP
1213;NULL;COMPONENTES / TRANSISTORES;1915;GT30F127 ISOLADO;PÇ;DISPONÍVEL;produtos/1914.png;NULL;1915-mje13007;1000;0;ativo;5;9,52;5,52;NULL;0,06753165;NULL;0;15;NULL;1;0;0;0;0;NULL;0.00;0;23/04/2025;NULL;NULL;2026-08-18 13:38:09;2026-08-21 05:05:56;TF
1214;NULL;COMPONENTES / TRANSISTORES;1916;GT30G121 ISOLADO;PÇ;DISPONÍVEL;produtos/1915.png;NULL;1916-mje13009-grande;1000;0;ativo;5;8,97;5,2;NULL;6,348;NULL;0;15;NULL;1;0;0;0;0;NULL;0.00;0;13/02/2025;NULL;NULL;2026-08-18 13:38:09;2026-08-21 05:05:56;TF
1215;NULL;COMPONENTES / TRANSISTORES;1917;IRFB4332;PÇ;DISPONÍVEL;produtos/1916.png;NULL;1917-mje13009-peq;1000;0;ativo;5;9,52;5,52;NULL;5,98;NULL;0;15;NULL;1;0;0;0;0;NULL;0.00;0;13/02/2025;NULL;NULL;2026-08-18 13:38:09;2026-08-21 05:05:56;TF
1216;NULL;COMPONENTES / TRANSISTORES;1918;DESENGRIPANTE LUBRIFICANTE SPRAY CHEMI COLOR 250ml / 120g;UNI;INDISPONIVEL;produtos/1917.png;NULL;1918-mpsa92;1000;0;ativo;5;;;7;6,348;NULL;NULL;NULL;NULL;1;0;0;0;0;NULL;0.00;0;;NULL;NULL;2026-08-18 13:38:09;2026-08-21 05:05:56;
1217;NULL;COMPONENTES / TRANSISTORES;1920;1,8UF X 450;PÇ;DISPONÍVEL;produtos/1918.png;NULL;1920-mpsa42;1000;0;ativo;5;3,2;1,7081;NULL;0;NULL;6,5;20,03;NULL;1;0;0;0;0;NULL;0.00;0;02/09/2026;NULL;NULL;2026-08-18 13:38:09;2026-08-21 05:05:56;NWT
1218;NULL;COMPONENTES / TRANSISTORES;1921;Plug p2 90 graus linha Diamante Black profissional ;UNI;INDISPONIVEL;produtos/1920.png;NULL;1921-mje15032;1000;0;ativo;5;15,89;6,9432;NULL;2,0498481;NULL;9,75;30,35;NULL;1;0;0;0;0;NULL;0.00;0;15/10/2024;NULL;NULL;2026-08-18 13:38:09;2026-08-21 05:05:56;NWT
1219;NULL;COMPONENTES / TRANSISTORES;1922;LD6599 SMD;PÇ;DISPONÍVEL;produtos/1921.png;NULL;1922-mje15033;1000;0;ativo;5;9,25;2,792;9,25;9,928303275;NULL;0;0;NULL;1;0;0;0;0;NULL;0.00;0;27/08/2025;NULL;NULL;2026-08-18 13:38:09;2026-08-21 05:05:56;ali
1220;NULL;COMPONENTES / TRANSISTORES;1923;IRFB5620;PÇ;INDISPONIVEL;produtos/1922.png;NULL;1923-p2n60-isolado;1000;0;ativo;5;;5,52;NULL;2,79;NULL;0;15;NULL;1;0;0;0;0;NULL;0.00;0;23/04/2025;NULL;NULL;2026-08-18 13:38:09;2026-08-21 05:05:56;TF
1221;NULL;COMPONENTES / TRANSISTORES;1925;ADAPTADOR P4 2.1*5.5mm FÊMEA PARA 1.35*3.5mm MACHO, VERMELHO (H);UNI ;INDISPONIVEL;produtos/1923.png;NULL;1925-p4n60-isolado;1000;0;ativo;5;1,9;0,8085;NULL;6,348;NULL;9,75;21,82;NULL;1;0;0;0;0;NULL;0.00;0;12/09/2025;NULL;NULL;2026-08-18 13:38:09;2026-08-21 05:05:56;NWT
1222;NULL;COMPONENTES / TRANSISTORES;1926;ADAPTADOR P4 2.1*5.5mm FÊMEA PARA 1.7*4mm MACHO, AMARELO (G) ;UNI ;INDISPONIVEL;produtos/1925.png;NULL;1926-p4n80-isolado;1000;0;ativo;5;2,2;0,8707;NULL;1,082949345;NULL;9,75;21,82;NULL;1;0;0;0;0;NULL;0.00;0;12/09/2025;NULL;NULL;2026-08-18 13:38:09;2026-08-21 05:05:56;NWT
1223;NULL;COMPONENTES / TRANSISTORES;1927;ADAPTADOR P4 2.1*5.5mm FÊMEA PARA 2.5*5.5 mm MACHO, BRANCO (C);UNI ;DISPONÍVEL;produtos/1926.png;NULL;1927-p5n80-isolado;1000;0;ativo;5;1,95;0,8477;2;1,163167815;NULL;9,75;27,5;NULL;1;0;0;0;0;NULL;0.00;0;15/09/2025;NULL;NULL;2026-08-18 13:38:09;2026-08-21 05:05:56;NWT
1224;NULL;COMPONENTES / TRANSISTORES;1928;ADAPTADOR P4 2.1*5.5mm FÊMEA PARA 3*6 mm MACHO, VERDE (B);UNI ;DISPONÍVEL;produtos/1927.png;NULL;1928-p5n60-isolado;1000;0;ativo;5;2,1;0,931;NULL;1,189415625;NULL;9,75;30,4;NULL;1;0;0;0;0;NULL;0.00;0;15/10/2024;NULL;NULL;2026-08-18 13:38:09;2026-08-21 05:05:56;NWT
1225;NULL;COMPONENTES / TRANSISTORES;1930;Plug JACK SPEAK - ON FEMEA P/ CABO ;UNI;DISPONÍVEL;produtos/1928.png;NULL;1930-p6n60-isolado;1000;0;ativo;5;7;3,0862;NULL;1,3309602;NULL;9,75;21,46;NULL;1;0;0;0;0;NULL;0.00;0;05/02/2026;NULL;NULL;2026-08-18 13:38:09;2026-08-21 05:05:56;NWT
1226;NULL;COMPONENTES / TRANSISTORES;1931;EMENDA PLUG P/ PLUG F COAXIAL;UNI;DISPONÍVEL;produtos/1930.png;NULL;1931-p6n80-isolado;1000;0;ativo;5;2,13;0,7392;NULL;4,119042615;NULL;9,75;31,39;NULL;1;0;0;0;0;NULL;0.00;0;30/10/2024;NULL;NULL;2026-08-18 13:38:09;2026-08-21 05:05:56;NWT
1227;NULL;COMPONENTES / TRANSISTORES;1933;2SA970;PÇ;DISPONÍVEL;produtos/1931.png;NULL;1933-p7n60-isolado;1000;0;ativo;5;1,05;0,48;NULL;1,067083885;NULL;1,3;19,98;NULL;1;0;0;0;0;NULL;0.00;0;30/06/2025;NULL;NULL;2026-08-18 13:38:09;2026-08-21 05:05:56;SANTANA
1228;NULL;COMPONENTES / TRANSISTORES;1934;P7N65 ISOLADO;PÇ;INDISPONIVEL;produtos/1933.png;NULL;1934-p7n65-isolado;1000;0;ativo;5;4,95;1,6277;NULL;0,583390752;NULL;0;0;NULL;1;0;0;0;0;NULL;0.00;0;05/02/2026;NULL;NULL;2026-08-18 13:38:09;2026-08-21 05:05:56;ALIEX
1229;NULL;COMPONENTES / TRANSISTORES;1937;CAPACITOR ELETROLITICO ELCO 2,2 x 100;PÇ;DISPONÍVEL;produtos/1934.png;NULL;1937-p7n80-isolado;1000;0;ativo;5;0,1249;0,0469;NULL;1,63;NULL;6,5;26,82;NULL;1;0;0;0;0;NULL;0.00;0;13/10/2025;NULL;NULL;2026-08-18 13:38:09;2026-08-21 05:05:56;ACP
1230;NULL;COMPONENTES / TRANSISTORES;1938;CAPACITOR ELETROLITICO ELCO 68 x 50;PÇ;INDISPONIVEL;produtos/1937.png;NULL;1938-p8n80-isolado;1000;0;ativo;5;;;NULL;0,06753165;NULL;NULL;NULL;NULL;1;0;0;0;0;NULL;0.00;0;;NULL;NULL;2026-08-18 13:38:09;2026-08-21 05:05:56;
1231;NULL;COMPONENTES / TRANSISTORES;1939;CAPACITOR ELETROLITICO ELCO 68 x 450;PÇ;INDISPONIVEL;produtos/1938.png;NULL;1939-p9n50-isolado;1000;0;ativo;5;;;NULL;0;NULL;NULL;NULL;NULL;1;0;0;0;0;NULL;0.00;0;;NULL;NULL;2026-08-18 13:38:09;2026-08-21 05:05:56;
1232;NULL;COMPONENTES / TRANSISTORES;1940;CAPACITOR ELETROLITICO ELCO 120 x 250;PÇ;INDISPONIVEL;produtos/1939.png;NULL;1940-p10n60-isolado;1000;0;ativo;5;;;NULL;0;NULL;NULL;NULL;NULL;1;0;0;0;0;NULL;0.00;0;;NULL;NULL;2026-08-18 13:38:09;2026-08-21 05:05:56;
1233;NULL;COMPONENTES / TRANSISTORES;1941;CAPACITOR ELETROLITICO ELCO 120 x 400;PÇ;INDISPONIVEL;produtos/1940.png;NULL;1941-p10n80-isolado;1000;0;ativo;5;;;NULL;0;NULL;NULL;NULL;NULL;1;0;0;0;0;NULL;0.00;0;;NULL;NULL;2026-08-18 13:38:09;2026-08-21 05:05:56;
1234;NULL;COMPONENTES / TRANSISTORES;1942;CAPACITOR ELETROLITICO ELCO 680 x 250;PÇ;INDISPONIVEL;produtos/1941.png;NULL;1942-p12n60-isolado;1000;0;ativo;5;21,59;7,9915;NULL;0;NULL;6,5;26,82;NULL;1;0;0;0;0;NULL;0.00;0;13/10/2025;NULL;NULL;2026-08-18 13:38:09;2026-08-21 05:05:56;ACP
1235;NULL;COMPONENTES / TRANSISTORES;1943;IRF630;PÇ;DISPONÍVEL;produtos/1942.png;NULL;1943-p12n80-isolado;1000;0;ativo;5;4,8;2,1871;NULL;10,79155767;NULL;0;9,75;NULL;1;0;0;0;0;NULL;0.00;0;05/02/2025;NULL;NULL;2026-08-18 13:38:09;2026-08-21 05:05:56;ASIA
1236;NULL;COMPONENTES / TRANSISTORES;1944;TOP250YN;PÇ;INDISPONIVEL;produtos/1943.png;NULL;1944-p13n65-isolado;1000;0;ativo;5;12,85;4,58;NULL;2,403525;NULL;0;0;NULL;1;0;0;0;0;NULL;0.00;0;23/02/2026;NULL;NULL;2026-08-18 13:38:09;2026-08-21 05:05:56;ALIE
1237;NULL;COMPONENTES / TRANSISTORES;1945;SOLDATEC 50GR PASTA 50G / NÃO CONDUTIVA ;UNI;DISPONÍVEL;produtos/1944.png;NULL;1945-p13n80-isolado;1000;0;ativo;5;13,3;;13,85;4,58;NULL;NULL;NULL;NULL;1;0;0;0;0;NULL;0.00;0;;NULL;NULL;2026-08-18 13:38:09;2026-08-21 05:05:56;
1238;NULL;COMPONENTES / TRANSISTORES;1946;PASTA TÉRMICA BRANCA 10G BISNAGA;UNI;DISPONÍVEL;produtos/1945.png;NULL;1946-p17n80-isolado;1000;0;ativo;5;5,5;;5,5;0;NULL;NULL;NULL;NULL;1;0;0;0;0;NULL;0.00;0;;NULL;NULL;2026-08-18 13:38:09;2026-08-21 05:05:56;
1239;NULL;COMPONENTES / TRANSISTORES;1948;FLUXO RESINOSO 110ML IMPLASTEC ;UNI;INDISPONIVEL;produtos/1946.png;NULL;1948-p18n60-isolado;1000;0;ativo;5;9;;NULL;0;NULL;NULL;NULL;NULL;1;0;0;0;0;NULL;0.00;0;;NULL;NULL;2026-08-18 13:38:09;2026-08-21 05:05:56;
1240;NULL;COMPONENTES / TRANSISTORES;1949;GRAXA DE SILICONE 10G POTE ;UNI;DISPONÍVEL;produtos/1948.png;NULL;1949-p20n60-isolado;1000;0;ativo;5;4,7;;4,6;0;NULL;NULL;NULL;NULL;1;0;0;0;0;NULL;0.00;0;;NULL;NULL;2026-08-18 13:38:09;2026-08-21 05:05:56;
1241;NULL;COMPONENTES / TRANSISTORES;1950;GRAXA DE SILICONE 40G BISNAGA;UNI;DISPONÍVEL;produtos/1949.png;NULL;1950-p20n80;1000;0;ativo;5;17;;17;0;NULL;NULL;NULL;NULL;1;0;0;0;0;NULL;0.00;0;;NULL;NULL;2026-08-18 13:38:09;2026-08-21 05:05:56;
1242;NULL;COMPONENTES / TRANSISTORES;1951;LIMPA TELAS AZUL 60ML IMPLASTEC;UNI;DISPONÍVEL;produtos/1950.png;NULL;1951-p40n60;1000;0;ativo;5;7,8;;7,9;0;NULL;NULL;NULL;NULL;1;0;0;0;0;NULL;0.00;0;;NULL;NULL;2026-08-18 13:38:09;2026-08-21 05:05:56;
1243;NULL;COMPONENTES / TRANSISTORES;1952;CONGELANTE PRO AEROSSOL 230G 400ML;UNI;DISPONÍVEL;produtos/1951.png;NULL;1952-p55n06;1000;0;ativo;5;26;;NULL;0;NULL;NULL;NULL;NULL;1;0;0;0;0;NULL;0.00;0;;NULL;NULL;2026-08-18 13:38:09;2026-08-21 05:05:56;
1244;NULL;COMPONENTES / TRANSISTORES;1953;LIMPA CONTATO CONTACTEC 130G 210 ML;UNI;DISPONÍVEL;produtos/1952.png;NULL;1953-p60n06;1000;0;ativo;5;20;;NULL;0;NULL;NULL;NULL;NULL;1;0;0;0;0;NULL;0.00;0;;NULL;NULL;2026-08-18 13:38:09;2026-08-21 05:05:56;
1245;NULL;COMPONENTES / TRANSISTORES;1955;Botao Inox on off com Neon 19MM com trava (RACK MOVEL );UNI;INDISPONIVEL;produtos/1953.png;NULL;1955-p60n60;1000;0;ativo;5;;9,8263;25;0;NULL;9,75;21,82;NULL;1;0;0;0;0;NULL;0.00;0;15/09/2025;NULL;NULL;2026-08-18 13:38:09;2026-08-21 05:05:56;NWT
1246;NULL;COMPONENTES / TRANSISTORES;1956;TL061 SMD;PÇ;INDISPONIVEL;produtos/1955.png;NULL;1956-s8050;1000;0;ativo;5;;0,569;1,82;13,142459335;NULL;0;60;NULL;1;0;0;0;0;NULL;0.00;0;06/08/2025;NULL;NULL;2026-08-18 13:38:09;2026-08-21 05:05:56;ALI
1247;NULL;COMPONENTES / TRANSISTORES;1957;LTK5110 SMD;PÇ;DISPONÍVEL;produtos/1956.png;NULL;1957-s8550;1000;0;ativo;5;10,45;2,14;10,45;0,912;NULL;0;0;NULL;1;0;0;0;0;NULL;0.00;0;01/12/2025;NULL;NULL;2026-08-18 13:38:09;2026-08-21 05:05:56;ALI
1248;NULL;COMPONENTES / TRANSISTORES;1958;LTK5128 SMD;PÇ;DISPONÍVEL;produtos/1957.png;NULL;1958-tip31;1000;0;ativo;5;8,75;0,662;8,75;2,14;NULL;0;60;NULL;1;0;0;0;0;NULL;0.00;0;06/10/2025;NULL;NULL;2026-08-18 13:38:09;2026-08-21 05:05:56;ALI
1249;NULL;COMPONENTES / TRANSISTORES;1959;CS8626E SMD ;PÇ;DISPONÍVEL;produtos/1958.png;NULL;1959-tip32;1000;0;ativo;5;13,75;3,12;13,75;1,056;NULL;0;80;NULL;1;0;0;0;0;NULL;0.00;0;16/10/2025;NULL;NULL;2026-08-18 13:38:09;2026-08-21 05:05:56;ALI
1250;NULL;COMPONENTES / TRANSISTORES;1962;CABO POLARIZADO P/ AUDIO 2X0,30MM ROLO 100MTS 100% COBRE;UNI;INDISPONIVEL;produtos/1959.png;NULL;1962-tip32-isolado;1000;0;ativo;5;139,9;85,33;149,9;5,616;NULL;0;29,2;NULL;1;0;0;0;0;NULL;0.00;0;15/04/2025;NULL;NULL;2026-08-18 13:38:09;2026-08-21 05:05:56;INFAP
1251;NULL;COMPONENTES / TRANSISTORES;1963;CA3189;PÇ;INDISPONIVEL;produtos/1962.png;NULL;1963-tip35-original;1000;0;ativo;5;;5,35;NULL;110,24636;NULL;2;19,98;NULL;1;0;0;0;0;NULL;0.00;0;30/06/2025;NULL;NULL;2026-08-18 13:38:09;2026-08-21 05:05:56;santana
1252;NULL;COMPONENTES / TRANSISTORES;1964;Chave Push Button C/ TRAVA NORMALMENTE ABERTA  PRETA 2 TERMINAIS ;UNI;DISPONÍVEL;produtos/1963.png;NULL;1964-tip36-original;1000;0;ativo;5;1,7;0,95;NULL;6,5473086;NULL;9,75;19,38;NULL;1;0;0;0;0;NULL;0.00;0;23/04/2025;NULL;NULL;2026-08-18 13:38:09;2026-08-21 05:05:56;SANTANA
1253;NULL;COMPONENTES / TRANSISTORES;1965;Chave Push Button S/ TRAVA NORM. ABERTA VERMELHA 2 TERMINAIS ;UNI;DISPONÍVEL;produtos/1964.png;NULL;1965-tip41;1000;0;ativo;5;1,95;0,5949;NULL;1,244685725;NULL;0;9,73;NULL;1;0;0;0;0;NULL;0.00;0;05/02/2026;NULL;NULL;2026-08-18 13:38:09;2026-08-21 05:05:56;ASIA
1254;NULL;COMPONENTES / TRANSISTORES;1966;SM8002C ;PÇ;INDISPONIVEL;produtos/1965.png;NULL;1966-tip42;1000;0;ativo;5;8,44;4,334;NULL;0,647407;NULL;2;19,38;NULL;1;0;0;0;0;NULL;0.00;0;23/04/2025;NULL;NULL;2026-08-18 13:38:09;2026-08-21 05:05:56;SANTANA
1255;NULL;COMPONENTES / TRANSISTORES;1967;P60N60 ;PÇ;INDISPONIVEL;produtos/1966.png;NULL;1967-tip105;1000;0;ativo;5;;10,5;NULL;5,27253708;NULL;1,3;19,98;NULL;1;0;0;0;0;NULL;0.00;0;30/06/2025;NULL;NULL;2026-08-18 13:38:09;2026-08-21 05:05:56;SANTANA
1256;NULL;COMPONENTES / TRANSISTORES;1968;P40N60 ;PÇ;INDISPONIVEL;produtos/1967.png;NULL;1968-tip107;1000;0;ativo;5;17;10,2;NULL;12,7616727;NULL;1,3;16,76;NULL;1;0;0;0;0;NULL;0.00;0;15/09/2025;NULL;NULL;2026-08-18 13:38:09;2026-08-21 05:05:56;SANTANA
1257;NULL;COMPONENTES / TRANSISTORES;1969;TC9153;PÇ;DISPONÍVEL;produtos/1968.png;NULL;1969-tip122;1000;0;ativo;5;4,77;2,45;NULL;12,06434376;NULL;2;19,38;NULL;1;0;0;0;0;NULL;0.00;0;23/04/2025;NULL;NULL;2026-08-18 13:38:09;2026-08-21 05:05:56;SANTANA
1258;NULL;COMPONENTES / TRANSISTORES;1970;P10N80 ISOLADO;PÇ;EST.BAIXO;produtos/1969.png;NULL;1970-tip127;1000;0;ativo;5;4,95;3,2143;NULL;2,9833062;NULL;1,3;16,76;NULL;1;0;0;0;0;NULL;0.00;0;15/09/2025;NULL;NULL;2026-08-18 13:38:09;2026-08-21 05:05:56;SANTANA
1259;NULL;COMPONENTES / TRANSISTORES;1971;P17N80 ISOLADO;PÇ;INDISPONIVEL;produtos/1970.png;NULL;1971-tip132;1000;0;ativo;5;8,96;7,5816;NULL;3,796719948;NULL;1,3;16,76;NULL;1;0;0;0;0;NULL;0.00;0;15/09/2025;NULL;NULL;2026-08-18 13:38:09;2026-08-21 05:05:56;SANTANA
1260;NULL;COMPONENTES / TRANSISTORES;1972;2SC3209;PÇ;DISPONÍVEL;produtos/1971.png;NULL;1972-tip135;1000;0;ativo;5;1,1428;0,63;NULL;8,965463304;NULL;1,3;19,38;NULL;1;0;0;0;0;NULL;0.00;0;23/04/2025;NULL;NULL;2026-08-18 13:38:09;2026-08-21 05:05:56;SANTANA
1261;NULL;COMPONENTES / TRANSISTORES;1973;LM3914;PÇ;DISPONÍVEL;produtos/1972.png;NULL;1973-tip142-peq;1000;0;ativo;5;10,48;5,35;NULL;0,761871222;NULL;2;19,98;NULL;1;0;0;0;0;NULL;0.00;0;30/06/2025;NULL;NULL;2026-08-18 13:38:09;2026-08-21 05:05:56;santana
1262;NULL;COMPONENTES / TRANSISTORES;1974;ZENER 9V1 1W;UNI;DISPONÍVEL;produtos/1973.png;NULL;1974-tip142-grande;1000;0;ativo;5;0,25;0,128;27;6,5473086;NULL;1,3;19,38;NULL;1;0;0;0;0;NULL;0.00;0;23/04/2025;NULL;NULL;2026-08-18 13:38:09;2026-08-21 05:05:56;SANTANA
1263;NULL;COMPONENTES / TRANSISTORES;1975;TNY176PN;PÇ;INDISPONIVEL;produtos/1974.png;NULL;1975-tip147;1000;0;ativo;5;;4,2;NULL;0,157211522;NULL;2;19,98;NULL;1;0;0;0;0;NULL;0.00;0;30/06/2025;NULL;NULL;2026-08-18 13:38:09;2026-08-21 05:05:56;SANTANA
1264;NULL;COMPONENTES / TRANSISTORES;1976;LM1875;PÇ;INDISPONIVEL;produtos/1975.png;NULL;1976-tip-2955;1000;0;ativo;5;;5,5;NULL;5,1399432;NULL;2;19,38;NULL;1;0;0;0;0;NULL;0.00;0;23/04/2025;NULL;NULL;2026-08-18 13:38:09;2026-08-21 05:05:56;santana
1265;NULL;COMPONENTES / TRANSISTORES;1977;UC3845;PÇ;INDISPONIVEL;produtos/1976.png;NULL;1977-tip-3055;1000;0;ativo;5;2,63;1,47;NULL;6,697218;NULL;0;19,38;NULL;1;0;0;0;0;NULL;0.00;0;23/04/2025;NULL;NULL;2026-08-18 13:38:09;2026-08-21 05:05:56;SANTANA
1266;NULL;COMPONENTES / TRANSISTORES;1978;MOC3011;PÇ;DISPONÍVEL;produtos/1977.png;NULL;1978-bc846;1000;0;ativo;5;2,45;1,25;NULL;1,754886;NULL;2;19,98;NULL;1;0;0;0;0;NULL;0.00;0;30/06/2025;NULL;NULL;2026-08-18 13:38:09;2026-08-21 05:05:56;santana
1267;NULL;COMPONENTES / TRANSISTORES;1979;LNK362PN;PÇ;DISPONÍVEL;produtos/1978.png;NULL;1979-bc847;1000;0;ativo;5;9,55;6,22;NULL;1,529745;NULL;2;19,98;NULL;1;0;0;0;0;NULL;0.00;0;30/06/2025;NULL;NULL;2026-08-18 13:38:09;2026-08-21 05:05:56;santana
1268;NULL;COMPONENTES / TRANSISTORES;1980;2SC2330;PÇ;DISPONÍVEL;produtos/1979.png;NULL;1980-bc848;1000;0;ativo;5;0,439;0,227;NULL;7,61201112;NULL;1,3;19,38;NULL;1;0;0;0;0;NULL;0.00;0;23/04/2025;NULL;NULL;2026-08-18 13:38:09;2026-08-21 05:05:56;SANTANA
1269;NULL;COMPONENTES / TRANSISTORES;1981;TIP135;PÇ;DISPONÍVEL;produtos/1980.png;NULL;1981-bc857;1000;0;ativo;5;2,59;1,43;NULL;0,278143462;NULL;1,3;19,38;NULL;1;0;0;0;0;NULL;0.00;0;23/04/2025;NULL;NULL;2026-08-18 13:38:09;2026-08-21 05:05:56;SANTANA
1270;NULL;COMPONENTES / TRANSISTORES;1982;TIP132;PÇ;INDISPONIVEL;produtos/1981.png;NULL;1982-bc858;1000;0;ativo;5;;1,43;NULL;1,729326742;NULL;0;1,3;NULL;1;0;0;0;0;NULL;0.00;0;23/04/2025;NULL;NULL;2026-08-18 13:38:09;2026-08-21 05:05:56;SANTANA
1271;NULL;COMPONENTES / TRANSISTORES;1983;RC4136;PÇ;DISPONÍVEL;produtos/1982.png;NULL;1983-1nk60;1000;0;ativo;5;9,2;4,75;NULL;1,44859;NULL;2;19,38;NULL;1;0;0;0;0;NULL;0.00;0;23/04/2025;NULL;NULL;2026-08-18 13:38:09;2026-08-21 05:05:56;SANTANA
1272;NULL;COMPONENTES / CI SMD;1984;2SD882 ;PÇ;DISPONÍVEL;produtos/1983.png;NULL;1984-4n25;1000;0;ativo;5;0,318;0,164;NULL;5,783961;NULL;1,3;19,98;NULL;1;0;0;0;0;NULL;0.00;0;30/06/2025;NULL;NULL;2026-08-18 13:38:09;2026-08-21 05:05:56;SANTANA
1273;NULL;COMPONENTES / CI SMD;1985;2SD2539;PÇ;DISPONÍVEL;produtos/1984.png;NULL;1985-74hc00n;1000;0;ativo;5;10,2235;5,29;NULL;0,194463584;NULL;1,3;19,38;NULL;1;0;0;0;0;NULL;0.00;0;23/04/2025;NULL;NULL;2026-08-18 13:38:09;2026-08-21 05:05:56;SANTANA
1274;NULL;COMPONENTES / CI SMD;1986;CD4013;PÇ;DISPONÍVEL;produtos/1985.png;NULL;1986-74hc02n;1000;0;ativo;5;0,85;0,2205;NULL;6,397299626;NULL;0;52;NULL;1;0;0;0;0;NULL;0.00;0;10/02/2026;NULL;NULL;2026-08-18 13:38:09;2026-08-21 05:05:56;CX
1275;NULL;COMPONENTES / CI SMD;1987;NS4150 SMD;PÇ;DISPONÍVEL;produtos/1986.png;NULL;1987-74hc04n;1000;0;ativo;5;5,95;1,763;5,95;0,3344;NULL;0;0;NULL;1;0;0;0;0;NULL;0.00;0;23/02/2026;NULL;NULL;2026-08-18 13:38:09;2026-08-21 05:05:56;ALIEXPRESS
1276;NULL;COMPONENTES / CI SMD;1988;AS15G;PÇ;DISPONÍVEL;produtos/1987.png;NULL;1988-74hc08n;1000;0;ativo;5;13,3;7,75;NULL;1,76;NULL;0;15;NULL;1;0;0;0;0;NULL;0.00;0;23/04/2025;NULL;NULL;2026-08-18 13:38:09;2026-08-21 05:05:56;TF
1277;NULL;COMPONENTES / CI SMD;1989;OB2268;PÇ;DISPONÍVEL;produtos/1988.png;NULL;1989-74hc14n;1000;0;ativo;5;9,02;3,92;NULL;8,9125;NULL;0;15;NULL;1;0;0;0;0;NULL;0.00;0;23/04/2025;NULL;NULL;2026-08-18 13:38:09;2026-08-21 05:05:56;TF
1278;NULL;COMPONENTES / CI SMD;1990;P20N80;PÇ;EST.BAIXO;produtos/1989.png;NULL;1990-74hc32n;1000;0;ativo;5;8,96;3,65;NULL;4,508;NULL;0;0;NULL;1;0;0;0;0;NULL;0.00;0;23/02/2026;NULL;NULL;2026-08-18 13:38:09;2026-08-21 05:05:56;ALIEXPRESS
1279;NULL;COMPONENTES / CI SMD;1991;P2808 SMD;PÇ;DISPONÍVEL;produtos/1990.png;NULL;1991-74hc138n;1000;0;ativo;5;10,55;8;NULL;3,65;NULL;0;15;NULL;1;0;0;0;0;NULL;0.00;0;23/04/2025;NULL;NULL;2026-08-18 13:38:09;2026-08-21 05:05:56;TF
1280;NULL;COMPONENTES / CI SMD;1992;RT8289 SMD;PÇ;DISPONÍVEL;produtos/1991.png;NULL;1992-74hc164n;1000;0;ativo;5;13,58;9,9;NULL;9,2;NULL;0;15;NULL;1;0;0;0;0;NULL;0.00;0;23/04/2025;NULL;NULL;2026-08-18 13:38:09;2026-08-21 05:05:56;TF
1281;NULL;COMPONENTES / CI SMD;1993;FT2705 SMD;PÇ;INDISPONIVEL;produtos/1992.png;NULL;1993-74hc165n;1000;0;ativo;5;16,95;9,97;19,95;11,385;NULL;0;15;NULL;1;0;0;0;0;NULL;0.00;0;23/04/2025;NULL;NULL;2026-08-18 13:38:09;2026-08-21 05:05:56;TF
1282;NULL;COMPONENTES / CI SMD;1994;BORNE FEMEA P/ PINO BANANA PRETO GRANDE;UNI;DISPONÍVEL;produtos/1993.png;NULL;1994-74hc595n;1000;0;ativo;5;3,3;;3,3;11,4655;NULL;NULL;NULL;NULL;1;0;0;0;0;NULL;0.00;0;;NULL;NULL;2026-08-18 13:38:09;2026-08-21 05:05:56;
1283;NULL;COMPONENTES / CI SMD;1995;BORNE FEMEA P/ PINO BANANA VERMELHO GRANDE;UNI;DISPONÍVEL;produtos/1994.png;NULL;1995-apm4550;1000;0;ativo;5;3,3;;3,3;0;NULL;NULL;NULL;NULL;1;0;0;0;0;NULL;0.00;0;;NULL;NULL;2026-08-18 13:38:09;2026-08-21 05:05:56;
1284;NULL;COMPONENTES / CI DIP;1996;CAPACITOR ELETROLITICO ELCO 4,7 x 35;PÇ;INDISPONIVEL;produtos/1995.png;NULL;1996-ca3189;1000;0;ativo;5;;;NULL;0;NULL;NULL;NULL;NULL;1;0;0;0;0;NULL;0.00;0;;NULL;NULL;2026-08-18 13:38:09;2026-08-21 05:05:56;
1285;NULL;COMPONENTES / CI DIP;1997;CAPACITOR ELETROLITICO ELCO 4,7 x 200;PÇ;INDISPONIVEL;produtos/1996.png;NULL;1997-cd4010;1000;0;ativo;5;;;NULL;0;NULL;NULL;NULL;NULL;1;0;0;0;0;NULL;0.00;0;;NULL;NULL;2026-08-18 13:38:09;2026-08-21 05:05:56;
1286;NULL;COMPONENTES / CI DIP;2000;CAPACITOR ELETROLITICO ELCO 2,2 x 50;PÇ;DISPONÍVEL;produtos/1997.png;NULL;2000-cd4011;1000;0;ativo;5;0,1049;0,0421;NULL;0;NULL;6,5;26,82;NULL;1;0;0;0;0;NULL;0.00;0;13/10/2025;NULL;NULL;2026-08-18 13:38:09;2026-08-21 05:05:56;ACP
1287;NULL;COMPONENTES / CI DIP;2001;CAPACITOR ELETROLITICO ELCO 2,2 x 63;PÇ;DISPONÍVEL;produtos/2000.png;NULL;2001-cd4013;1000;0;ativo;5;0,1049;0,0442;NULL;0,05402532;NULL;6,5;26,82;NULL;1;0;0;0;0;NULL;0.00;0;13/10/2025;NULL;NULL;2026-08-18 13:38:09;2026-08-21 05:05:56;ACP
1288;NULL;COMPONENTES / CI DIP;2003;CAPACITOR ELETROLITICO ELCO 2,2 x 250;PÇ;EST.BAIXO;produtos/2001.png;NULL;2003-cd4016;1000;0;ativo;5;0,2649;0,1044;NULL;0,05402532;NULL;6,5;26,8;NULL;1;0;0;0;0;NULL;0.00;0;13/10/2025;NULL;NULL;2026-08-18 13:38:09;2026-08-21 05:05:56;ACP
1289;NULL;COMPONENTES / CI DIP;2004;CAPACITOR ELETROLITICO ELCO 3,3 x 50;PÇ;INDISPONIVEL;produtos/2003.png;NULL;2004-cd4017;1000;0;ativo;5;;;NULL;0,135042;NULL;NULL;NULL;NULL;1;0;0;0;0;NULL;0.00;0;;NULL;NULL;2026-08-18 13:38:09;2026-08-21 05:05:56;
1290;NULL;COMPONENTES / CI DIP;2005;CAPACITOR ELETROLITICO ELCO 3,3 x 63;PÇ;INDISPONIVEL;produtos/2004.png;NULL;2005-cd4020;1000;0;ativo;5;;;NULL;0;NULL;NULL;NULL;NULL;1;0;0;0;0;NULL;0.00;0;;NULL;NULL;2026-08-18 13:38:09;2026-08-21 05:05:56;
1291;NULL;COMPONENTES / CI DIP;2006;CAPACITOR ELETROLITICO ELCO 3,3 x 250;PÇ;INDISPONIVEL;produtos/2005.png;NULL;2006-cd4023;1000;0;ativo;5;;;NULL;0;NULL;NULL;NULL;NULL;1;0;0;0;0;NULL;0.00;0;;NULL;NULL;2026-08-18 13:38:09;2026-08-21 05:05:56;
1292;NULL;COMPONENTES / CI DIP;2007;CAPACITOR ELETROLITICO ELCO 68 x 400;PÇ;INDISPONIVEL;produtos/2006.png;NULL;2007-cd4024;1000;0;ativo;5;4,9049;1,73955;NULL;0;NULL;6,5;26,82;NULL;1;0;0;0;0;NULL;0.00;0;13/10/2025;NULL;NULL;2026-08-18 13:38:09;2026-08-21 05:05:56;ACP
1293;NULL;COMPONENTES / CI DIP;2009;CAPACITOR ELETROLITICO ELCO 680 x 100;PÇ;DISPONÍVEL;produtos/2007.png;NULL;2009-cd4027;1000;0;ativo;5;3,1549;1,284;NULL;2,35010142;NULL;6,5;26,82;NULL;1;0;0;0;0;NULL;0.00;0;13/10/2025;NULL;NULL;2026-08-18 13:38:09;2026-08-21 05:05:56;ACP
1294;NULL;COMPONENTES / CI DIP;2012;CAPACITOR ELETROLITICO ELCO 2200 x 250;PÇ;INDISPONIVEL;produtos/2009.png;NULL;2012-cd4028;1000;0;ativo;5;;22,6425;NULL;1,72881024;NULL;6,5;26,82;NULL;1;0;0;0;0;NULL;0.00;0;13/10/2025;NULL;NULL;2026-08-18 13:38:09;2026-08-21 05:05:56;ACP
1295;NULL;COMPONENTES / CI DIP;2013;DIODO SB5200;UNI;INDISPONIVEL;produtos/2012.png;NULL;2013-cd4040;1000;0;ativo;5;;3,68;NULL;30,57833112;NULL;0;20;NULL;1;0;0;0;0;NULL;0.00;0;05/05/2025;NULL;NULL;2026-08-18 13:38:09;2026-08-21 05:05:56;SANTANA
1296;NULL;COMPONENTES / CI DIP;2014;FAN7930 SMD;PÇ;DISPONÍVEL;produtos/2013.png;NULL;2014-cd4042be;1000;0;ativo;5;6,75;1,4384;6,75;4,416;NULL;0;0;NULL;1;0;0;0;0;NULL;0.00;0;27/08/2025;NULL;NULL;2026-08-18 13:38:09;2026-08-21 05:05:56;ali
1297;NULL;COMPONENTES / CI DIP;2015;CAPACITOR ELETROLITICO ELCO 330 X 400;PÇ;DISPONÍVEL;produtos/2014.png;NULL;2015-cd4043;1000;0;ativo;5;31;;NULL;1,44;NULL;NULL;NULL;NULL;1;0;0;0;0;NULL;0.00;0;;NULL;NULL;2026-08-18 13:38:09;2026-08-21 05:05:56;
1298;NULL;COMPONENTES / CI DIP;2016;CAPACITOR ELETROLITICO ELCO 220 x 450;PÇ;INDISPONIVEL;produtos/2015.png;NULL;2016-cd4049;1000;0;ativo;5;;;NULL;0;NULL;NULL;NULL;NULL;1;0;0;0;0;NULL;0.00;0;;NULL;NULL;2026-08-18 13:38:09;2026-08-21 05:05:56;
1299;NULL;COMPONENTES / CI DIP;2017;Ponte retificadora 2w10 2a 1000v;UNI;DISPONÍVEL;produtos/2016.png;NULL;2017-cd4051;1000;0;ativo;5;1,38;0,5117;1,4;0;NULL;0;35;NULL;1;0;0;0;0;NULL;0.00;0;14/05/2025;NULL;NULL;2026-08-18 13:38:09;2026-08-21 05:05:56;ACP
1300;NULL;COMPONENTES / CI DIP;2018;CS83501 SMD;PÇ;DISPONÍVEL;produtos/2017.png;NULL;2018-cd4053be;1000;0;ativo;5;7,95;1,336;6,45;0,6885;NULL;0;60;NULL;1;0;0;0;0;NULL;0.00;0;06/10/2025;NULL;NULL;2026-08-18 13:38:09;2026-08-21 05:05:56;ALI
1301;NULL;COMPONENTES / CI DIP;2019;OB5269 SMD;PÇ;DISPONÍVEL;produtos/2018.png;NULL;2019-cd4060;1000;0;ativo;5;4,25;0,944;4,25;2,144;NULL;0;80;NULL;1;0;0;0;0;NULL;0.00;0;06/10/2025;NULL;NULL;2026-08-18 13:38:09;2026-08-21 05:05:56;ALIE
1302;NULL;COMPONENTES / CI DIP;2020;TNY253PN;PÇ;INDISPONIVEL;produtos/2019.png;NULL;2020-cd4069;1000;0;ativo;5;9,55;;NULL;1,692;NULL;NULL;NULL;NULL;1;0;0;0;0;NULL;0.00;0;;NULL;NULL;2026-08-18 13:38:09;2026-08-21 05:05:56;
1303;NULL;COMPONENTES / CI DIP;2021;RESISTOR 4k7 1/4W CENTO;PÇ 100X;DISPONÍVEL;produtos/2020.png;NULL;2021-cd4066;1000;0;ativo;5;3;;NULL;0;NULL;NULL;NULL;NULL;1;0;0;0;0;NULL;0.00;0;;NULL;NULL;2026-08-18 13:38:09;2026-08-21 05:05:56;
1304;NULL;COMPONENTES / CI DIP;2022;Chave Push Button C/ TRAVA NORMALMENTE ABERTA  VERMELHA 2 TERMINAIS ;UNI;DISPONÍVEL;produtos/2021.png;NULL;2022-cd4070;1000;0;ativo;5;1,7;0,5949;NULL;0;NULL;0;9,73;NULL;1;0;0;0;0;NULL;0.00;0;05/02/2026;NULL;NULL;2026-08-18 13:38:09;2026-08-21 05:05:56;ASIA
1305;NULL;COMPONENTES / CI DIP;2023;Chave Push Button S/ TRAVA NORM. ABERTA PRETA 2 TERMINAIS ;UNI;DISPONÍVEL;produtos/2022.png;NULL;2023-cd4071;1000;0;ativo;5;1,95;;NULL;0,647407;NULL;NULL;NULL;NULL;1;0;0;0;0;NULL;0.00;0;;NULL;NULL;2026-08-18 13:38:09;2026-08-21 05:05:56;
1306;NULL;COMPONENTES / CI DIP;2024;Controle E Receptor Pix Para Fita Led Rgb 24 Botões;UNI;DISPONÍVEL;produtos/2023.png;NULL;2024-cd4075;1000;0;ativo;5;7;;7;0;NULL;NULL;NULL;NULL;1;0;0;0;0;NULL;0.00;0;;NULL;NULL;2026-08-18 13:38:09;2026-08-21 05:05:56;
1307;NULL;COMPONENTES / CI DIP;2025;SPEAK - ON MACHO C/ RABICHO 8 VIAS ;UNI;DISPONÍVEL;produtos/2024.png;NULL;2025-cd4093;1000;0;ativo;5;16,85;2,337;NULL;0;NULL;9,75;21,82;NULL;1;0;0;0;0;NULL;0.00;0;15/09/2025;NULL;NULL;2026-08-18 13:38:09;2026-08-21 05:05:56;NWT
1308;NULL;COMPONENTES / CI DIP;2026;JACK Speak-on femea PAINEL 8 VIAS plástico redondo com reforço de metal ;UNI;DISPONÍVEL;produtos/2025.png;NULL;2026-cd40106;1000;0;ativo;5;11,2;3,98;NULL;3,12852033;NULL;9,75;29;NULL;1;0;0;0;0;NULL;0.00;0;16/09/2025;NULL;NULL;2026-08-18 13:38:09;2026-08-21 05:05:56;AS COMPON
1309;NULL;COMPONENTES / CI DIP;2027;FIO CABINHO FLEXIVEL 1.00MM 100M  VERDE (MANCINE) 100% COBRE;UNI;INDISPONIVEL;produtos/2026.png;NULL;2027-cd40175;1000;0;ativo;5;99;122,61;125;5,6347845;NULL;0;NULL;NULL;1;0;0;0;0;NULL;0.00;0;03/09/2026;NULL;NULL;2026-08-18 13:38:09;2026-08-21 05:05:56;
1310;NULL;COMPONENTES / CI DIP;2028;FIO CABINHO FLEXIVEL 1.00MM 100M  AZUL (MANCINE) 100% COBRE ;UNI;INDISPONIVEL;produtos/2027.png;NULL;2028-cd4511;1000;0;ativo;5;99;;125;0;NULL;NULL;NULL;NULL;1;0;0;0;0;NULL;0.00;0;;NULL;NULL;2026-08-18 13:38:09;2026-08-21 05:05:56;
1311;NULL;COMPONENTES / CI DIP;2029;1.2UF X 450V;PÇ;DISPONÍVEL;produtos/2028.png;NULL;2029-cd4526;1000;0;ativo;5;4,2;;3,9;0;NULL;NULL;NULL;NULL;1;0;0;0;0;NULL;0.00;0;;NULL;NULL;2026-08-18 13:38:09;2026-08-21 05:05:56;
1312;NULL;COMPONENTES / CI DIP;2030;3,5UF X 450 ;PÇ;INDISPONIVEL;produtos/2029.png;NULL;2030-cd4527;1000;0;ativo;5;;;NULL;0;NULL;NULL;NULL;NULL;1;0;0;0;0;NULL;0.00;0;;NULL;NULL;2026-08-18 13:38:09;2026-08-21 05:05:56;
1313;NULL;COMPONENTES / CI DIP;2031;1.5 + 2.5 X 450V;PÇ;DISPONÍVEL;produtos/2030.png;NULL;2031-cd4556;1000;0;ativo;5;5,5;;NULL;0;NULL;NULL;NULL;NULL;1;0;0;0;0;NULL;0.00;0;;NULL;NULL;2026-08-18 13:38:09;2026-08-21 05:05:56;
1314;NULL;COMPONENTES / CI DIP;2032;CABO USB V8 2.0 1M;UNI;DISPONÍVEL;produtos/2031.png;NULL;2032-csc7225-dk125;1000;0;ativo;5;4,953;;6;0;NULL;NULL;NULL;NULL;1;0;0;0;0;NULL;0.00;0;;NULL;NULL;2026-08-18 13:38:09;2026-08-21 05:05:56;
1315;NULL;COMPONENTES / CI DIP;2033;ESPAGUETE TERMO RETRATIL 2,5MM VENDA A PARTIR DE 10M;PCO 10M;DISPONÍVEL;produtos/2032.png;NULL;2033-dk124;1000;0;ativo;5;11;0,47;12;0;NULL;3,25;23;NULL;1;0;0;0;0;NULL;0.00;0;15/01/2026;NULL;NULL;2026-08-18 13:38:09;2026-08-21 05:05:56;COMPTOTAL
1316;NULL;COMPONENTES / CI DIP;2034;ESPAGUETE TERMO RETRATIL 3,0MM VENDA A PARTIR DE 10M;PCO 10M;DISPONÍVEL;produtos/2033.png;NULL;2034-dk125;1000;0;ativo;5;12;0,48;12;0,59688825;NULL;3,25;23,72;NULL;1;0;0;0;0;NULL;0.00;0;03/09/2026;NULL;NULL;2026-08-18 13:38:09;2026-08-21 05:05:56;COMPTOTAL
1317;NULL;COMPONENTES / CI DIP;2035;ESPAGUETE TERMO RETRATIL 4,0MM VENDA A PARTIR 10M;PCO 10M;DISPONÍVEL;produtos/2034.png;NULL;2035-dk3113;1000;0;ativo;5;12;0,53;12;0,656560555;NULL;3,25;19,98;NULL;1;0;0;0;0;NULL;0.00;0;24/06/2025;NULL;NULL;2026-08-18 13:38:09;2026-08-21 05:05:56;SANTANA
1318;NULL;COMPONENTES / CI DIP;2036;ESPAGUETE TERMO RETRATIL 6,0MM VENDA A PARTIR DE 10M;PCO 10M;DISPONÍVEL;produtos/2035.png;NULL;2036-dk3125;1000;0;ativo;5;16;0,71;16;0,656560555;NULL;3,25;19,98;NULL;1;0;0;0;0;NULL;0.00;0;24/06/2025;NULL;NULL;2026-08-18 13:38:09;2026-08-21 05:05:56;SANTANA
1319;NULL;COMPONENTES / CI DIP;2037;ESPAGUETE TERMO RETRATIL 10,0MM VENDA A PARTIR DE 5M;PREÇO M;DISPONÍVEL;produtos/2036.png;NULL;2037-hp6229;1000;0;ativo;5;12;0,95;22;0,879543385;NULL;3,25;19,98;NULL;1;0;0;0;0;NULL;0.00;0;24/06/2025;NULL;NULL;2026-08-18 13:38:09;2026-08-21 05:05:56;SANTANA
1320;NULL;COMPONENTES / CI DIP;2038;ESPAGUETE TERMO RETRATIL 12,0MM VENDA A PARTIR DE 5M;PREÇO M;DISPONÍVEL;produtos/2037.png;NULL;2038-ice-2qs03-dip;1000;0;ativo;5;13;1,06;24;1,176853825;NULL;3,25;19,98;NULL;1;0;0;0;0;NULL;0.00;0;24/06/2025;NULL;NULL;2026-08-18 13:38:09;2026-08-21 05:05:56;SANTANA
1321;NULL;COMPONENTES / CI DIP;2039;CD4010;PÇ;INDISPONIVEL;produtos/2038.png;NULL;2039-ice-3br4765jz;1000;0;ativo;5;;2,53;NULL;1,31312111;NULL;2;19,98;NULL;1;0;0;0;0;NULL;0.00;0;30/06/2025;NULL;NULL;2026-08-18 13:38:09;2026-08-21 05:05:56;santana
1322;NULL;COMPONENTES / CI DIP;2040;TOP223PN;PÇ;INDISPONIVEL;produtos/2039.png;NULL;2040-ir2010;1000;0;ativo;5;;4,6255;NULL;3,09620388;NULL;2;19,98;NULL;1;0;0;0;0;NULL;0.00;0;30/06/2025;NULL;NULL;2026-08-18 13:38:09;2026-08-21 05:05:56;SANTANA
1323;NULL;COMPONENTES / CI DIP;2041;DIODO SB3200;UNI;INDISPONIVEL;produtos/2040.png;NULL;2041-ir2011;1000;0;ativo;5;;0,836;NULL;5,66617548;NULL;3,25;19,98;NULL;1;0;0;0;0;NULL;0.00;0;30/06/2025;NULL;NULL;2026-08-18 13:38:09;2026-08-21 05:05:56;SANTANA
1324;NULL;COMPONENTES / CI DIP;2042;CAPA DB9/HD15 VGA COM TRAVA SIMPLES PARAFUSO CURTO;UNI;DISPONÍVEL;produtos/2041.png;NULL;2042-ir-2110;1000;0;ativo;5;1,05;0,4037;1,15;1,04058654;NULL;0;9,73;NULL;1;0;0;0;0;NULL;0.00;0;05/02/2025;NULL;NULL;2026-08-18 13:38:09;2026-08-21 05:05:56;ASIA
1325;NULL;COMPONENTES / CI DIP;2043;Conector Mini  USB FEMEA PCI Mini 5P V3;UNI;DISPONÍVEL;produtos/2042.png;NULL;2043-ir-2111;1000;0;ativo;5;0,95;0,72;NULL;0,43892;NULL;9,75;19,98;NULL;1;0;0;0;0;NULL;0.00;0;30/06/2025;NULL;NULL;2026-08-18 13:38:09;2026-08-21 05:05:56;SANTANA
1326;NULL;COMPONENTES / CI DIP;2044;P5N80 ISOLADO;PÇ;INDISPONIVEL;produtos/2043.png;NULL;2044-ir2153;1000;0;ativo;5;;3,69;NULL;0,94808196;NULL;1,3;19,98;NULL;1;0;0;0;0;NULL;0.00;0;30/06/2025;NULL;NULL;2026-08-18 13:38:09;2026-08-21 05:05:56;SANTANA
1327;NULL;COMPONENTES / CI DIP;2045;P7N80 ISOLADO;PÇ;INDISPONIVEL;produtos/2044.png;NULL;2045-ir4427;1000;0;ativo;5;;3,5;NULL;4,484816406;NULL;1,3;20;NULL;1;0;0;0;0;NULL;0.00;0;30/06/2025;NULL;NULL;2026-08-18 13:38:09;2026-08-21 05:05:56;SANTANA
1328;NULL;COMPONENTES / CI DIP;2046;LA78045;PÇ;INDISPONIVEL;produtos/2045.png;NULL;2046-ka2206;1000;0;ativo;5;;3,443;NULL;4,2546;NULL;2;19,98;NULL;1;0;0;0;0;NULL;0.00;0;30/06/2025;NULL;NULL;2026-08-18 13:38:09;2026-08-21 05:05:56;santana
1329;NULL;COMPONENTES / CI DIP;2047;JACK J2 PCI ESTEREO 90 GRAUS PRETO P/ PLACA;UNI;DISPONÍVEL;produtos/2046.png;NULL;2047-la78040;1000;0;ativo;5;1,95;0,74;NULL;4,20985824;NULL;9,75;19,98;NULL;1;0;0;0;0;NULL;0.00;0;30/06/2025;NULL;NULL;2026-08-18 13:38:09;2026-08-21 05:05:56;SANTANA
1330;NULL;COMPONENTES / CI DIP;2048;Jack J2 PCI Estéreo 90° PRATA;UNI;INDISPONIVEL;produtos/2047.png;NULL;2048-la78045;1000;0;ativo;5;1,45;0,99;NULL;0,97441757;NULL;0;22,22;NULL;1;0;0;0;0;NULL;0.00;0;15/12/2025;NULL;NULL;2026-08-18 13:38:09;2026-08-21 05:05:56;STARCABLE
1331;NULL;COMPONENTES / CI DIP;2049;Borne Rca P/ Painel SIMPLES  VL UNI VERMELHO (UNI);UNI;DISPONÍVEL;produtos/2048.png;NULL;2049-lc1206;1000;0;ativo;5;1,95;0,745;NULL;1,209978;NULL;0;22,22;NULL;1;0;0;0;0;NULL;0.00;0;15/12/2025;NULL;NULL;2026-08-18 13:38:09;2026-08-21 05:05:56;STARCABLE
1332;NULL;COMPONENTES / CI DIP;2050;Barra 40 pinos femea 180 graus ;PÇ;DISPONÍVEL;produtos/2049.png;NULL;2050-lm13600;1000;0;ativo;5;1,85;0,781;NULL;0,91665;NULL;9,75;19,98;NULL;1;0;0;0;0;NULL;0.00;0;30/06/2025;NULL;NULL;2026-08-18 13:38:09;2026-08-21 05:05:56;santana
1333;NULL;COMPONENTES / CI DIP;2051;Barra 40 pinos macho 180 graus ;PÇ;DISPONÍVEL;produtos/2050.png;NULL;2051-lm13700;1000;0;ativo;5;1,16;0,49;NULL;1,02708879;NULL;9,75;19,98;NULL;1;0;0;0;0;NULL;0.00;0;30/06/2025;NULL;NULL;2026-08-18 13:38:09;2026-08-21 05:05:56;SANTANA
1334;NULL;COMPONENTES / CI DIP;2052;Chave toque quadrada 4 term 6x6x12,5mm;UNI;INDISPONIVEL;produtos/2051.png;NULL;2052-lm311;1000;0;ativo;5;0,39;0,155;19;0,645222445;NULL;9,75;19,98;NULL;1;0;0;0;0;NULL;0.00;0;30/06/2025;NULL;NULL;2026-08-18 13:38:09;2026-08-21 05:05:56;santana
1335;NULL;COMPONENTES / CI DIP;2053;Chave toque quadrada 4 term 6x6x19,0mm;UNI;DISPONÍVEL;produtos/2052.png;NULL;2053-lm339;1000;0;ativo;5;0,49;0,27;33;0,21068488;NULL;9,75;19,98;NULL;1;0;0;0;0;NULL;0.00;0;30/06/2025;NULL;NULL;2026-08-18 13:38:09;2026-08-21 05:05:56;santana
1336;NULL;COMPONENTES / CI DIP;2054;Chave toque quadrada 4 term 6x6x7,0mm;UNI;DISPONÍVEL;produtos/2053.png;NULL;2054-lm358;1000;0;ativo;5;0,16;0,135;16,5;0,355530735;NULL;9,75;19,98;NULL;1;0;0;0;0;NULL;0.00;0;30/06/2025;NULL;NULL;2026-08-18 13:38:09;2026-08-21 05:05:56;santana
1337;NULL;COMPONENTES / CI DIP;2055;NTC 20R Diametro 9mm Kemin;UNI;INDISPONIVEL;produtos/2054.png;NULL;2055-lm393;1000;0;ativo;5;;0,35;NULL;0,18434927;NULL;6,5;27,7;NULL;1;0;0;0;0;NULL;0.00;0;02/06/2025;NULL;NULL;2026-08-18 13:38:09;2026-08-21 05:05:56;SANTANA
1338;NULL;COMPONENTES / CI DIP;2056;2K2 X 2KV ;PÇ;DISPONÍVEL;produtos/2055.png;NULL;2056-lm723;1000;0;ativo;5;0,27;0,119;NULL;0,47600175;NULL;6,5;19,98;NULL;1;0;0;0;0;NULL;0.00;0;30/06/2025;NULL;NULL;2026-08-18 13:38:09;2026-08-21 05:05:56;SANTANA
1339;NULL;COMPONENTES / CI DIP;2057;OB2268 SMD;PÇ;DISPONÍVEL;produtos/2056.png;NULL;2057-lm741;1000;0;ativo;5;5,94;3,24;NULL;0,15333444;NULL;2;19,98;NULL;1;0;0;0;0;NULL;0.00;0;30/06/2025;NULL;NULL;2026-08-18 13:38:09;2026-08-21 05:05:56;SANTANA
1340;NULL;COMPONENTES / CI DIP;2058;OB2358;PÇ;INDISPONIVEL;produtos/2057.png;NULL;2058-lm1875;1000;0;ativo;5;;5,59;NULL;3,96509904;NULL;2;19,98;NULL;1;0;0;0;0;NULL;0.00;0;30/06/2025;NULL;NULL;2026-08-18 13:38:09;2026-08-21 05:05:56;santana
1341;NULL;COMPONENTES / CI DIP;2059;MC34063;PÇ;DISPONÍVEL;produtos/2058.png;NULL;2059-lm3914;1000;0;ativo;5;2,4;0,3249;NULL;6,84101964;NULL;0;52;NULL;1;0;0;0;0;NULL;0.00;0;10/02/2026;NULL;NULL;2026-08-18 13:38:09;2026-08-21 05:05:56;CX
1342;NULL;COMPONENTES / CI DIP;2061;FDS4435 SMD;PÇ;DISPONÍVEL;produtos/2059.png;NULL;2061-lm3915;1000;0;ativo;5;7,95;0,4626;7,95;0,4864;NULL;0;60;NULL;1;0;0;0;0;NULL;0.00;0;06/10/2025;NULL;NULL;2026-08-18 13:38:09;2026-08-21 05:05:56;ALIEX
1343;NULL;COMPONENTES / CI DIP;2062;PC814;PÇ;DISPONÍVEL;produtos/2061.png;NULL;2062-lnk304pn;1000;0;ativo;5;3,4;1,4286;NULL;0,736;NULL;2;16,76;NULL;1;0;0;0;0;NULL;0.00;0;15/09/2025;NULL;NULL;2026-08-18 13:38:09;2026-08-21 05:05:56;santana
1344;NULL;COMPONENTES / CI DIP;2063;2N2222;PÇ;INDISPONIVEL;produtos/2062.png;NULL;2063-lnk-306pn;1000;0;ativo;5;;0,2;NULL;1,70306136;NULL;1,3;19,98;NULL;1;0;0;0;0;NULL;0.00;0;30/06/2025;NULL;NULL;2026-08-18 13:38:09;2026-08-21 05:05:56;SANTANA
1345;NULL;COMPONENTES / CI DIP;2064;BD135;PÇ;INDISPONIVEL;produtos/2063.png;NULL;2064-lnk-306-gn;1000;0;ativo;5;;0,54;NULL;0,24307948;NULL;1,3;19,98;NULL;1;0;0;0;0;NULL;0.00;0;30/06/2025;NULL;NULL;2026-08-18 13:38:09;2026-08-21 05:05:56;SANTANA
1346;NULL;COMPONENTES / CI DIP;2065;EMENDA F MACHO P/ EMENDA F FEMEA 90°;UNI;INDISPONIVEL;produtos/2064.png;NULL;2065-lnk362pn;1000;0;ativo;5;;0,8361;1,8;0,656314596;NULL;9,75;30,05;NULL;1;0;0;0;0;NULL;0.00;0;30/06/2025;NULL;NULL;2026-08-18 13:38:09;2026-08-21 05:05:56;NWT
1347;NULL;COMPONENTES / CI DIP;2066;Chave Push Button PBS-102104 VERMELHA (NORMALMENTE ABERTA);UNI;DISPONÍVEL;produtos/2065.png;NULL;2066-lnk-364pn;1000;0;ativo;5;1,43;0,5347;NULL;1,19893095;NULL;9,75;21,82;NULL;1;0;0;0;0;NULL;0.00;0;15/09/2025;NULL;NULL;2026-08-18 13:38:09;2026-08-21 05:05:56;NWT
1348;NULL;COMPONENTES / CI DIP;2067;LTK5302 SMD;PÇ;DISPONÍVEL;produtos/2066.png;NULL;2067-lnk500pn;1000;0;ativo;5;8,9;0,915;8,9;0,708596485;NULL;0;0;NULL;1;0;0;0;0;NULL;0.00;0;23/02/2026;NULL;NULL;2026-08-18 13:38:09;2026-08-21 05:05:56;ALI
1349;NULL;COMPONENTES / CI DIP;2068;U27712 SMD;PÇ;DISPONÍVEL;produtos/2067.png;NULL;2068-lnk564pn;1000;0;ativo;5;13;10;14;0,92;NULL;NULL;NULL;NULL;1;0;0;0;0;NULL;0.00;0;;NULL;NULL;2026-08-18 13:38:09;2026-08-21 05:05:56;NATAN
1350;NULL;COMPONENTES / CI DIP;2069;IKP30N65H5;PÇ;DISPONÍVEL;produtos/2068.png;NULL;2069-lnk625-pg;1000;0;ativo;5;22;18;23;10;NULL;NULL;NULL;NULL;1;0;0;0;0;NULL;0.00;0;;NULL;NULL;2026-08-18 13:38:09;2026-08-21 05:05:56;NATAN
1351;NULL;COMPONENTES / CI DIP;2070;MODULO 5128 5W MONO MICRO ;UNI;DISPONÍVEL;produtos/2069.png;NULL;2070-lnk626pg;1000;0;ativo;5;8;;14;18;NULL;NULL;NULL;NULL;1;0;0;0;0;NULL;0.00;0;;NULL;NULL;2026-08-18 13:38:09;2026-08-21 05:05:56;
1352;NULL;COMPONENTES / CI DIP;2071;XLR MACHO METAL LINHA BLACK COLOR AZUL PROFISSIONAL;UNI;DISPONÍVEL;produtos/2070.png;NULL;2071-max232;1000;0;ativo;5;6,88;3,9;NULL;0;NULL;0;10,18;NULL;1;0;0;0;0;NULL;0.00;0;15/07/2025;NULL;NULL;2026-08-18 13:38:09;2026-08-21 05:05:56;TF
1353;NULL;COMPONENTES / CI DIP;2072;XLR MACHO METAL LINHA BLACK COLOR VERDE PROFISSIONAL;UNI;DISPONÍVEL;produtos/2071.png;NULL;2072-mc34063;1000;0;ativo;5;6,88;3,9;NULL;4,29702;NULL;0;10,18;NULL;1;0;0;0;0;NULL;0.00;0;15/07/2025;NULL;NULL;2026-08-18 13:38:09;2026-08-21 05:05:56;TF
1354;NULL;COMPONENTES / CI DIP;2073;XLR MACHO METAL LINHA BLACK COLOR VERMELHO PROFISSIONAL;UNI;DISPONÍVEL;produtos/2072.png;NULL;2073-moc3011;1000;0;ativo;5;6,88;3,9;NULL;4,29702;NULL;0;10,18;NULL;1;0;0;0;0;NULL;0.00;0;15/07/2025;NULL;NULL;2026-08-18 13:38:09;2026-08-21 05:05:56;TF
1355;NULL;COMPONENTES / CI DIP;2074;XLR FEMEA METAL LINHA BLACK COLOR AZUL PROFISSIONAL;UNI;DISPONÍVEL;produtos/2073.png;NULL;2074-moc3021;1000;0;ativo;5;6,88;3,9;NULL;4,29702;NULL;0;10,18;NULL;1;0;0;0;0;NULL;0.00;0;15/07/2025;NULL;NULL;2026-08-18 13:38:09;2026-08-21 05:05:56;TF
1356;NULL;COMPONENTES / CI DIP;2075;XLR FEMEA METAL LINHA BLACK COLOR VERDE PROFISSIONAL;UNI;DISPONÍVEL;produtos/2074.png;NULL;2075-moc3022;1000;0;ativo;5;6,88;3,9;NULL;4,29702;NULL;0;10,18;NULL;1;0;0;0;0;NULL;0.00;0;15/07/2025;NULL;NULL;2026-08-18 13:38:09;2026-08-21 05:05:56;TF
1357;NULL;COMPONENTES / CI DIP;2076;XLR FEMEA METAL LINHA BLACK COLOR VERMELHO PROFISSIONAL;UNI;DISPONÍVEL;produtos/2075.png;NULL;2076-moc3023;1000;0;ativo;5;6,88;3,9;NULL;4,29702;NULL;0;10,18;NULL;1;0;0;0;0;NULL;0.00;0;15/07/2025;NULL;NULL;2026-08-18 13:38:09;2026-08-21 05:05:56;TF
1358;NULL;COMPONENTES / CI DIP;2077;BC546;PÇ;DISPONÍVEL;produtos/2076.png;NULL;2077-moc3041;1000;0;ativo;5;0,1549;;NULL;4,29702;NULL;NULL;NULL;NULL;1;0;0;0;0;NULL;0.00;0;;NULL;NULL;2026-08-18 13:38:09;2026-08-21 05:05:56;
1359;NULL;COMPONENTES / CI DIP;2078;220K 100V;PÇ;INDISPONIVEL;produtos/2077.png;NULL;2078-moc3042;1000;0;ativo;5;;;NULL;0;NULL;NULL;NULL;NULL;1;0;0;0;0;NULL;0.00;0;;NULL;NULL;2026-08-18 13:38:09;2026-08-21 05:05:56;
1360;NULL;COMPONENTES / CI DIP;2080;S8050;PÇ;INDISPONIVEL;produtos/2078.png;NULL;2080-moc3043;1000;0;ativo;5;;;NULL;0;NULL;NULL;NULL;NULL;1;0;0;0;0;NULL;0.00;0;;NULL;NULL;2026-08-18 13:38:09;2026-08-21 05:05:56;
1361;NULL;COMPONENTES / CI DIP;2081;S8550;PÇ;INDISPONIVEL;produtos/2080.png;NULL;2081-moc3052;1000;0;ativo;5;;;NULL;0;NULL;NULL;NULL;NULL;1;0;0;0;0;NULL;0.00;0;;NULL;NULL;2026-08-18 13:38:09;2026-08-21 05:05:56;
1362;NULL;COMPONENTES / CI DIP;2083;AD52090;PÇ;INDISPONIVEL;produtos/2081.png;NULL;2083-moc3061;1000;0;ativo;5;11,82;5,91;10,69;0;NULL;0;0;NULL;1;0;0;0;0;NULL;0.00;0;23/02/2026;NULL;NULL;2026-08-18 13:38:09;2026-08-21 05:05:56;ALIE
1363;NULL;COMPONENTES / CI DIP;2084;TAS5612A QUADRADO SAIDA STETSON ;PÇ;DISPONÍVEL;produtos/2083.png;NULL;2084-moc3062;1000;0;ativo;5;56,48;15,69;NULL;5,91;NULL;0;80;NULL;1;0;0;0;0;NULL;0.00;0;05/11/2025;NULL;NULL;2026-08-18 13:38:09;2026-08-21 05:05:56;ali
1364;NULL;COMPONENTES / CI DIP;2085;LD5760 SMD;PÇ;DISPONÍVEL;produtos/2084.png;NULL;2085-moc3063;1000;0;ativo;5;10,58;3,16;10,58;28,242;NULL;0;0;NULL;1;0;0;0;0;NULL;0.00;0;23/02/2026;NULL;NULL;2026-08-18 13:38:09;2026-08-21 05:05:56;ali
1365;NULL;COMPONENTES / CI DIP;2086;NS4160 SMD;PÇ;INDISPONIVEL;produtos/2085.png;NULL;2086-moc3069;1000;0;ativo;5;6,39;0,83;6,39;3,16;NULL;0;80;NULL;1;0;0;0;0;NULL;0.00;0;06/10/2025;NULL;NULL;2026-08-18 13:38:09;2026-08-21 05:05:56;ali
1366;NULL;COMPONENTES / CI DIP;2087;RC4580 SMD MICRO TSSOP-8;PÇ;INDISPONIVEL;produtos/2086.png;NULL;2087-moc3081;1000;0;ativo;5;2,72;1,3616;2,72;1,494;NULL;0;0;NULL;1;0;0;0;0;NULL;0.00;0;27/08/2025;NULL;NULL;2026-08-18 13:38:09;2026-08-21 05:05:56;ALI
1367;NULL;COMPONENTES / CI DIP;2088;ABRAÇADEIRA DE NYLON 3,6 300MM PRETO ;PCO 100X;DISPONÍVEL;produtos/2087.png;NULL;2088-ncp1250b65;1000;0;ativo;5;12;;NULL;1,36;NULL;NULL;NULL;NULL;1;0;0;0;0;NULL;0.00;0;;NULL;NULL;2026-08-18 13:38:09;2026-08-21 05:05:56;
1368;NULL;COMPONENTES / CI DIP;2089;ABRAÇADEIRA DE NYLON 3,6 100MM BRANCA;PCO 100X;DISPONÍVEL;produtos/2088.png;NULL;2089-ne555;1000;0;ativo;5;4,5;0,021;NULL;0;NULL;9,75;27,5;NULL;1;0;0;0;0;NULL;0.00;0;15/09/2025;NULL;NULL;2026-08-18 13:38:09;2026-08-21 05:05:56;NWT
1369;NULL;COMPONENTES / CI DIP;2090;ABRAÇADEIRA DE NYLON 3,6 150MM BRANCA;PCO 100X;DISPONÍVEL;produtos/2089.png;NULL;2090-ne5532;1000;0;ativo;5;6;0,06;NULL;0,02798625;NULL;9,75;27,5;NULL;1;0;0;0;0;NULL;0.00;0;15/09/2025;NULL;NULL;2026-08-18 13:38:09;2026-08-21 05:05:56;NWT
1370;NULL;COMPONENTES / CI DIP;2091;ABRAÇADEIRA DE NYLON 3,6 300MM BRANCA;PCO 100X;DISPONÍVEL;produtos/2090.png;NULL;2091-ob2269;1000;0;ativo;5;12;;NULL;0,08395875;NULL;NULL;NULL;NULL;1;0;0;0;0;NULL;0.00;0;;NULL;NULL;2026-08-18 13:38:09;2026-08-21 05:05:56;
1371;NULL;COMPONENTES / CI DIP;2092;TL084 SMD;PÇ;DISPONÍVEL;produtos/2091.png;NULL;2092-ob2268;1000;0;ativo;5;1,37;0,38;1,95;0;NULL;0;80;NULL;1;0;0;0;0;NULL;0.00;0;16/10/2025;NULL;NULL;2026-08-18 13:38:09;2026-08-21 05:05:56;ALI
1372;NULL;COMPONENTES / CI DIP;2094;Borne Rca P/ Painel SIMPLES  VL UNI PRETO (UNI);UNI;DISPONÍVEL;produtos/2092.png;NULL;2094-ob2358;1000;0;ativo;5;1,95;0,745;NULL;0,684;NULL;0;22,2;NULL;1;0;0;0;0;NULL;0.00;0;15/12/2025;NULL;NULL;2026-08-18 13:38:09;2026-08-21 05:05:56;STARCABLE
1373;NULL;COMPONENTES / CI DIP;2095;PLUG P4 MACHO PLASTICO 2.1 SIMPLES LONGO;UNI;INDISPONIVEL;produtos/2094.png;NULL;2095-pc814;1000;0;ativo;5;0,85;0,399;NULL;0,9165;NULL;9,75;21,28;NULL;1;0;0;0;0;NULL;0.00;0;03/11/2025;NULL;NULL;2026-08-18 13:38:09;2026-08-21 05:05:56;NWT
1374;NULL;COMPONENTES / CI DIP;2096;PLUG P4 MACHO PLASTICO 2.1 PLASTICO RIGIDO CURTO;UNI;DISPONÍVEL;produtos/2095.png;NULL;2096-pc-817;1000;0;ativo;5;1,1;0,4192;NULL;0,5324192;NULL;9,75;20,03;NULL;1;0;0;0;0;NULL;0.00;0;03/09/2026;NULL;NULL;2026-08-18 13:38:09;2026-08-21 05:05:56;NWT
1375;NULL;COMPONENTES / CI DIP;2097;PLUG P4 MACHO PLASTICO 2.1 PLASTICO RIGIDO LONGO;UNI;DISPONÍVEL;produtos/2096.png;NULL;2097-pa2030-pal0077386pa2032738;1000;0;ativo;5;1,17;0,4373;NULL;0,5614371;NULL;9,75;21,8;NULL;1;0;0;0;0;NULL;0.00;0;16/09/2025;NULL;NULL;2026-08-18 13:38:09;2026-08-21 05:05:56;NWT
1376;NULL;COMPONENTES / CI DIP;2098;PLUG P4 MACHO PLASTICO 1.7 PLASTICO RIGIDO LONGO;UNI;DISPONÍVEL;produtos/2097.png;NULL;2098-pa2032-pioneer;1000;0;ativo;5;1,1;0,4971;NULL;0,5881722;NULL;9,8;21,8;NULL;1;0;0;0;0;NULL;0.00;0;16/09/2025;NULL;NULL;2026-08-18 13:38:09;2026-08-21 05:05:56;NWT
1377;NULL;COMPONENTES / CI DIP;2099;ADAPTADOR P4 2.1*5.5mm FÊMEA PARA 1.7*4.8mm MACHO, AMARELO (F);UNI ;DISPONÍVEL;produtos/2098.png;NULL;2099-rc4136;1000;0;ativo;5;2;;NULL;0,668682;NULL;NULL;NULL;NULL;1;0;0;0;0;NULL;0.00;0;;NULL;NULL;2026-08-18 13:38:09;2026-08-21 05:05:56;
1378;NULL;COMPONENTES / CI DIP;2100;EMENDA RAP P/ FITA DE LED COL. 2 VIAS 8MM COMP 5050/3528;UNI;INDISPONIVEL;produtos/2099.png;NULL;2100-rc4558;1000;0;ativo;5;;;NULL;0;NULL;NULL;NULL;NULL;1;0;0;0;0;NULL;0.00;0;;NULL;NULL;2026-08-18 13:38:09;2026-08-21 05:05:56;
1379;NULL;COMPONENTES / CI DIP;2101;MICA ISOLANTE IRFP1405 / IRFP540 TO-247;PÇ;DISPONÍVEL;produtos/2100.png;NULL;2101-rc4560;1000;0;ativo;5;0,59;;NULL;0;NULL;NULL;NULL;NULL;1;0;0;0;0;NULL;0.00;0;;NULL;NULL;2026-08-18 13:38:09;2026-08-21 05:05:56;
1380;NULL;COMPONENTES / CI DIP;2102;Emenda RJ11;UNI;DISPONÍVEL;produtos/2101.png;NULL;2102-rc4580;1000;0;ativo;5;1;;NULL;0;NULL;NULL;NULL;NULL;1;0;0;0;0;NULL;0.00;0;;NULL;NULL;2026-08-18 13:38:09;2026-08-21 05:05:56;
1381;NULL;COMPONENTES / CI DIP;2103;ADAPTADOR RJ45 2 PORTAS FÊMEAS 1 CONECTOR MACHO;UNI;DISPONÍVEL;produtos/2102.png;NULL;2103-sd6834;1000;0;ativo;5;5,5;;5,53;0;NULL;NULL;NULL;NULL;1;0;0;0;0;NULL;0.00;0;;NULL;NULL;2026-08-18 13:38:09;2026-08-21 05:05:56;
1382;NULL;COMPONENTES / CI DIP;2106;Chave Seletora Hh Modulo Crossover Stetsom Taramps;UNI;DISPONÍVEL;produtos/2103.png;NULL;2106-sd6835;1000;0;ativo;5;0,9;0,3158;NULL;0;NULL;9,75;29,3;NULL;1;0;0;0;0;NULL;0.00;0;25/08/2025;NULL;NULL;2026-08-18 13:38:09;2026-08-21 05:05:56;DUALCOMP
1383;NULL;COMPONENTES / CI DIP;2107;BORNE CAIXA DE SOM 4 TERMINAIS PAINEL 180 GRAUS ;UNI;DISPONÍVEL;produtos/2106.png;NULL;2107-sg-3524;1000;0;ativo;5;5,6;1,9721;4,95;0,4541016;NULL;9,75;29,3;NULL;1;0;0;0;0;NULL;0.00;0;25/08/2025;NULL;NULL;2026-08-18 13:38:09;2026-08-21 05:05:56;DUALCOMP
1384;NULL;COMPONENTES / CI DIP;2108;DIODO SB160;UNI;DISPONÍVEL;produtos/2107.png;NULL;2108-sg-3525;1000;0;ativo;5;0,26;0,09575;0,26;2,795562975;NULL;1,3;32;NULL;1;0;0;0;0;NULL;0.00;0;06/12/2024;NULL;NULL;2026-08-18 13:38:09;2026-08-21 05:05:56;ACP
1385;NULL;COMPONENTES / CI DIP;2109;DIODO 1N5822;UNI;DISPONÍVEL;produtos/2108.png;NULL;2109-sm8002c;1000;0;ativo;5;0,7;0,29;NULL;0,133716;NULL;0;23,72;NULL;1;0;0;0;0;NULL;0.00;0;03/09/2026;NULL;NULL;2026-08-18 13:38:09;2026-08-21 05:05:56;ALLNETSYS
1386;NULL;COMPONENTES / CI DIP;2110;BORNE CAIXA DE SOM 2 TERMINAIS PAINEL 180 GRAUS ;UNI;DISPONÍVEL;produtos/2109.png;NULL;2110-strw6052;1000;0;ativo;5;2,95;0,9226;2,95;0,423946578;NULL;9,75;29,3;NULL;1;0;0;0;0;NULL;0.00;0;25/08/2025;NULL;NULL;2026-08-18 13:38:09;2026-08-21 05:05:56;DUALCOMP
1387;NULL;COMPONENTES / CI DIP;2111;BORNE CAIXA DE SOM 2 TERMINAIS QUADRADO PAINEL 180 GRAUS ;UNI;DISPONÍVEL;produtos/2110.png;NULL;2111-strw6554;1000;0;ativo;5;3,95;1,0681;3,2;1,3055421;NULL;9,75;29,3;NULL;1;0;0;0;0;NULL;0.00;0;25/05/2025;NULL;NULL;2026-08-18 13:38:09;2026-08-21 05:05:56;DUALCOMP
1388;NULL;COMPONENTES / CI DIP;2112;ZENER 24V 1W;UNI;DISPONÍVEL;produtos/2111.png;NULL;2112-ta8227;1000;0;ativo;5;0,28;;27;1,518402225;NULL;NULL;NULL;NULL;1;0;0;0;0;NULL;0.00;0;;NULL;NULL;2026-08-18 13:38:09;2026-08-21 05:05:56;
1389;NULL;COMPONENTES / CI DIP;2113;470PF 1KV;PÇ;DISPONÍVEL;produtos/2112.png;NULL;2113-tc4420;1000;0;ativo;5;0,25;;0,25;0;NULL;NULL;NULL;NULL;1;0;0;0;0;NULL;0.00;0;;NULL;NULL;2026-08-18 13:38:09;2026-08-21 05:05:56;
1390;NULL;COMPONENTES / CI DIP;2114;FUSIVEL 12A 6X30 VIDRO CX 100 PÇS ;CX 100X;INDISPONIVEL;produtos/2113.png;NULL;2114-tc9153;1000;0;ativo;5;22;9;24;0;NULL;9,75;8,48;NULL;1;0;0;0;0;NULL;0.00;0;27/07/2024;NULL;NULL;2026-08-18 13:38:09;2026-08-21 05:05:56;ALLSEMI
1391;NULL;COMPONENTES / CI DIP;2115;P10 Stereo plástico Preto;UNI;DISPONÍVEL;produtos/2114.png;NULL;2115-tda2003;1000;0;ativo;5;2;0,7463;NULL;10,715112;NULL;9,75;21,82;NULL;1;0;0;0;0;NULL;0.00;0;15/09/2025;NULL;NULL;2026-08-18 13:38:09;2026-08-21 05:05:56;NWT
1392;NULL;COMPONENTES / CI DIP;2116;Plug J2 estéreo metal ;UNI;DISPONÍVEL;produtos/2115.png;NULL;2116-tda2009;1000;0;ativo;5;4,75;1,914;NULL;1,002730875;NULL;9,75;27,3;NULL;1;0;0;0;0;NULL;0.00;0;15/09/2025;NULL;NULL;2026-08-18 13:38:09;2026-08-21 05:05:56;MXT
1393;NULL;COMPONENTES / CI DIP;2117;JACK XLR Femea Painel plástico 90 º;UNI;EST.BAIXO;produtos/2116.png;NULL;2117-tda2030;1000;0;ativo;5;2,93;1,1;NULL;2,668494425;NULL;9,8;21,33;NULL;1;0;0;0;0;NULL;0.00;0;25/06/2023;NULL;NULL;2026-08-18 13:38:09;2026-08-21 05:05:56;NWT
1394;NULL;COMPONENTES / CI DIP;2118;Jack Usb PCI 180 GRAUS p/ cabo ;UNI;DISPONÍVEL;produtos/2117.png;NULL;2118-tda2050;1000;0;ativo;5;1,2;0,98;NULL;1,46542374;NULL;6,5;21,79;NULL;1;0;0;0;0;NULL;0.00;0;30/09/2024;NULL;NULL;2026-08-18 13:38:09;2026-08-21 05:05:56;SANTANA
1395;NULL;COMPONENTES / CI DIP;2119;Chave toque quadrada 2 term 6x6x 9,5mm;UNI;DISPONÍVEL;produtos/2118.png;NULL;2119-tda2822;1000;0;ativo;5;0,28;;NULL;1,27112223;NULL;NULL;NULL;NULL;1;0;0;0;0;NULL;0.00;0;;NULL;NULL;2026-08-18 13:38:09;2026-08-21 05:05:56;
1396;NULL;COMPONENTES / CI DIP;2120;2UF X 250V;PÇ;DISPONÍVEL;produtos/2119.png;NULL;2120-tda4863;1000;0;ativo;5;4,7;;NULL;0;NULL;NULL;NULL;NULL;1;0;0;0;0;NULL;0.00;0;;NULL;NULL;2026-08-18 13:38:09;2026-08-21 05:05:56;
1397;NULL;COMPONENTES / CI DIP;2121;2,5UF X 250V;PÇ;DISPONÍVEL;produtos/2120.png;NULL;2121-tda4865;1000;0;ativo;5;2,87;1,1228;NULL;0;NULL;6,5;20,03;NULL;1;0;0;0;0;NULL;0.00;0;02/09/2026;NULL;NULL;2026-08-18 13:38:09;2026-08-21 05:05:56;NWT
1398;NULL;COMPONENTES / CI DIP;2122;3,5UF X 250V;PÇ;DISPONÍVEL;produtos/2121.png;NULL;2122-tda7268;1000;0;ativo;5;4,85;;NULL;0;NULL;NULL;NULL;NULL;1;0;0;0;0;NULL;0.00;0;;NULL;NULL;2026-08-18 13:38:09;2026-08-21 05:05:56;
1399;NULL;COMPONENTES / CI DIP;2123;4UF X 250V;PÇ;DISPONÍVEL;produtos/2122.png;NULL;2123-tda7269;1000;0;ativo;5;3,5;1,8753;NULL;0;NULL;6,5;20,03;NULL;1;0;0;0;0;NULL;0.00;0;02/09/2026;NULL;NULL;2026-08-18 13:38:09;2026-08-21 05:05:56;NWT
1400;NULL;COMPONENTES / CI DIP;2124;4,5UF X 250V;PÇ;DISPONÍVEL;produtos/2123.png;NULL;2124-tda-7294-original-st;1000;0;ativo;5;4,9;;NULL;0;NULL;NULL;NULL;NULL;1;0;0;0;0;NULL;0.00;0;;NULL;NULL;2026-08-18 13:38:09;2026-08-21 05:05:56;
1401;NULL;COMPONENTES / CI DIP;2125;5UF X 250V;PÇ;DISPONÍVEL;produtos/2124.png;NULL;2125-tda7377;1000;0;ativo;5;5,22;2,0186;NULL;0;NULL;6,5;21,46;NULL;1;0;0;0;0;NULL;0.00;0;05/02/2026;NULL;NULL;2026-08-18 13:38:09;2026-08-21 05:05:56;NWT
1402;NULL;COMPONENTES / CI DIP;2126;6UF X 250V;PÇ;DISPONÍVEL;produtos/2125.png;NULL;2126-tda-7388;1000;0;ativo;5;5,6;2,6756;NULL;2,61296898;NULL;6,5;20,03;NULL;1;0;0;0;0;NULL;0.00;0;02/09/2026;NULL;NULL;2026-08-18 13:38:09;2026-08-21 05:05:56;NWT
1403;NULL;COMPONENTES / CI DIP;2127;7UF X 250V;PÇ;DISPONÍVEL;produtos/2126.png;NULL;2127-tda-7560;1000;0;ativo;5;5,9;2,6398;NULL;0;NULL;6,5;20,03;NULL;1;0;0;0;0;NULL;0.00;0;02/09/2026;NULL;NULL;2026-08-18 13:38:09;2026-08-21 05:05:56;NWT
1404;NULL;COMPONENTES / CI DIP;2128;8UF X 250V;PÇ;INDISPONIVEL;produtos/2127.png;NULL;2128-tda9302h;1000;0;ativo;5;;;NULL;0;NULL;NULL;NULL;NULL;1;0;0;0;0;NULL;0.00;0;;NULL;NULL;2026-08-18 13:38:09;2026-08-21 05:05:56;
1405;NULL;COMPONENTES / CI DIP;2129;2UF X 400V;PÇ;DISPONÍVEL;produtos/2128.png;NULL;2129-tl061cn;1000;0;ativo;5;4,7;1,3165;NULL;0;NULL;6,5;30;NULL;1;0;0;0;0;NULL;0.00;0;16/01/2026;NULL;NULL;2026-08-18 13:38:09;2026-08-21 05:05:56;NWT
1406;NULL;COMPONENTES / CI DIP;2130;2,5UF X 400V;PÇ;DISPONÍVEL;produtos/2129.png;NULL;2130-tl062-dip;1000;0;ativo;5;3,51;1,3737;NULL;1,82754;NULL;6,5;20,03;NULL;1;0;0;0;0;NULL;0.00;0;02/09/2026;NULL;NULL;2026-08-18 13:38:09;2026-08-21 05:05:56;NWT
1407;NULL;COMPONENTES / CI DIP;2131;3UF X 400V;PÇ;DISPONÍVEL;produtos/2130.png;NULL;2131-tl064cn;1000;0;ativo;5;4,9;1,7737;NULL;2,367495;NULL;6,5;30;NULL;1;0;0;0;0;NULL;0.00;0;16/01/2026;NULL;NULL;2026-08-18 13:38:09;2026-08-21 05:05:56;NWT
1408;NULL;COMPONENTES / CI DIP;2132;4UF X 400V;PÇ;DISPONÍVEL;produtos/2131.png;NULL;2132-tl071cp;1000;0;ativo;5;5,82;2,1016;NULL;2,450565;NULL;6,5;30;NULL;1;0;0;0;0;NULL;0.00;0;16/01/2026;NULL;NULL;2026-08-18 13:38:09;2026-08-21 05:05:56;NWT
1409;NULL;COMPONENTES / CI DIP;2133;5UF X 400V;PÇ;DISPONÍVEL;produtos/2132.png;NULL;2133-tl072cp;1000;0;ativo;5;7,76;2,8022;NULL;2,90745;NULL;6,5;30;NULL;1;0;0;0;0;NULL;0.00;0;16/01/2026;NULL;NULL;2026-08-18 13:38:09;2026-08-21 05:05:56;NWT
1410;NULL;COMPONENTES / CI DIP;2134;6UF x 400V;PÇ;DISPONÍVEL;produtos/2133.png;NULL;2134-tl074cn;1000;0;ativo;5;7,5;3,1773;NULL;3,8766;NULL;6,5;20,03;NULL;1;0;0;0;0;NULL;0.00;0;02/09/2026;NULL;NULL;2026-08-18 13:38:10;2026-08-21 05:05:56;NWT
1411;NULL;COMPONENTES / CI DIP;2135;8UF X 400V;PÇ;DISPONÍVEL;produtos/2134.png;NULL;2135-tl081cp;1000;0;ativo;5;12,84;4,6355;NULL;4,76268;NULL;6,5;30;NULL;1;0;0;0;0;NULL;0.00;0;16/01/2026;NULL;NULL;2026-08-18 13:38:10;2026-08-21 05:05:56;NWT
1412;NULL;COMPONENTES / CI DIP;2136;10UF X 400V;PÇ;DISPONÍVEL;produtos/2135.png;NULL;2136-tl082cp;1000;0;ativo;5;11,22;4,6226;NULL;6,42408;NULL;6,5;20,03;NULL;1;0;0;0;0;NULL;0.00;0;02/09/2026;NULL;NULL;2026-08-18 13:38:10;2026-08-21 05:05:56;NWT
1413;NULL;COMPONENTES / CI DIP;2137;P10 Stereo plástico Vermelho;UNI;DISPONÍVEL;produtos/2136.png;NULL;2137-tl084;1000;0;ativo;5;2;0,7463;NULL;5,61400266;NULL;9,75;21,82;NULL;1;0;0;0;0;NULL;0.00;0;15/09/2025;NULL;NULL;2026-08-18 13:38:10;2026-08-21 05:05:56;NWT
1414;NULL;COMPONENTES / CI DIP;2138;NCP1203D6 SMD;PÇ;DISPONÍVEL;produtos/2137.png;NULL;2138-tl431;1000;0;ativo;5;3,55;1,111;3,55;1,002730875;NULL;0;60;NULL;1;0;0;0;0;NULL;0.00;0;06/10/2025;NULL;NULL;2026-08-18 13:38:10;2026-08-21 05:05:56;ALIEXPRESS
1415;NULL;COMPONENTES / CI DIP;2139;ADP PLUG P10 MONO PARA JACK RCA;UNI ;DISPONÍVEL;produtos/2138.png;NULL;2139-tl494;1000;0;ativo;5;1,6;0,65;NULL;1,776;NULL;9,75;21;NULL;1;0;0;0;0;NULL;0.00;0;15/01/2026;NULL;NULL;2026-08-18 13:38:10;2026-08-21 05:05:56;NWT
1416;NULL;COMPONENTES / CI DIP;2140;ADAPTADOR PLUG P2 ESTÉREO PARA 2 X JACK J2 ESTÉREO;UNI ;DISPONÍVEL;produtos/2139.png;NULL;2140-tl497;1000;0;ativo;5;1,9;;NULL;0,86318375;NULL;NULL;NULL;NULL;1;0;0;0;0;NULL;0.00;0;;NULL;NULL;2026-08-18 13:38:10;2026-08-21 05:05:56;
1417;NULL;COMPONENTES / CI DIP;2141;ADAPTADOR PLUG P1  ESTÉREO PARA JACK J2 ESTÉREO;UNI ;DISPONÍVEL;produtos/2140.png;NULL;2141-tl7702;1000;0;ativo;5;2,15;0,9404;NULL;0;NULL;9,75;21,46;NULL;1;0;0;0;0;NULL;0.00;0;05/02/2026;NULL;NULL;2026-08-18 13:38:10;2026-08-21 05:05:56;NWT
1418;NULL;COMPONENTES / CI DIP;2142;ADAPTADOR PLUG P2 MONO PARA JACK RCA;UNI ;DISPONÍVEL;produtos/2141.png;NULL;2142-tny176pn;1000;0;ativo;5;1,95;;NULL;1,25304209;NULL;NULL;NULL;NULL;1;0;0;0;0;NULL;0.00;0;;NULL;NULL;2026-08-18 13:38:10;2026-08-21 05:05:56;
1419;NULL;COMPONENTES / CI DIP;2143;PLUG P4 COM BORNE, ENGATE RÁPIDO;UNI;DISPONÍVEL;produtos/2142.png;NULL;2143-tny253pn;1000;0;ativo;5;3,8;1,3254;NULL;0;NULL;9,75;30,4;NULL;1;0;0;0;0;NULL;0.00;0;15/09/2025;NULL;NULL;2026-08-18 13:38:10;2026-08-21 05:05:56;NWT
1420;NULL;COMPONENTES / CI DIP;2144;Adaptador P2 Stereo Para J2 Mono;UNI ;DISPONÍVEL;produtos/2143.png;NULL;2144-tny277pn;1000;0;ativo;5;1,99;0,4867;NULL;1,9034162;NULL;9,75;21,46;NULL;1;0;0;0;0;NULL;0.00;0;05/02/2026;NULL;NULL;2026-08-18 13:38:10;2026-08-21 05:05:56;NWT
1421;NULL;COMPONENTES / CI DIP;2145;Jack J2 PCI Estéreo 180° P/ PAINEL;UNI;INDISPONIVEL;produtos/2144.png;NULL;2145-tny280pn;1000;0;ativo;5;;0,85;NULL;0,653181515;NULL;9,75;19,98;NULL;1;0;0;0;0;NULL;0.00;0;30/06/2025;NULL;NULL;2026-08-18 13:38:10;2026-08-21 05:05:56;MXT
1422;NULL;COMPONENTES / CI DIP;2146;2SA 1943 MINIWAT;PC;DISPONÍVEL;produtos/2145.png;NULL;2146-top221pn;1000;0;ativo;5;11,98;5,626;NULL;1,119263425;NULL;1,3;20;NULL;1;0;0;0;0;NULL;0.00;0;03/09/2026;NULL;NULL;2026-08-18 13:38:10;2026-08-21 05:05:56;ATLAS
1423;NULL;COMPONENTES / CI DIP;2147;2SC 5200 MINIWAT;PC;DISPONÍVEL;produtos/2146.png;NULL;2147-top222pn;1000;0;ativo;5;11,98;5,63;NULL;6,588552;NULL;1,3;20;NULL;1;0;0;0;0;NULL;0.00;0;03/09/2026;NULL;NULL;2026-08-18 13:38:10;2026-08-21 05:05:56;ATLAS
1424;NULL;COMPONENTES / CI DIP;2148;IRFB448;PÇ;DISPONÍVEL;produtos/2147.png;NULL;2148-top223pn;1000;0;ativo;5;7,92;3,484;NULL;6,600708;NULL;1,3;32;NULL;1;0;0;0;0;NULL;0.00;0;25/06/2025;NULL;NULL;2026-08-18 13:38:10;2026-08-21 05:05:56;TOTALITTY
1425;NULL;COMPONENTES / CI DIP;2149;P12N80 ISOLADO;PÇ;DISPONÍVEL;produtos/2148.png;NULL;2149-top243pn;1000;0;ativo;5;4,95;;NULL;4,6533168;NULL;NULL;NULL;NULL;1;0;0;0;0;NULL;0.00;0;;NULL;NULL;2026-08-18 13:38:10;2026-08-21 05:05:56;
1426;NULL;COMPONENTES / CI DIP;2150;P13N65 ISOLADO;PÇ;INDISPONIVEL;produtos/2149.png;NULL;2150-top244pn;1000;0;ativo;5;;;NULL;0;NULL;NULL;NULL;NULL;1;0;0;0;0;NULL;0.00;0;;NULL;NULL;2026-08-18 13:38:10;2026-08-21 05:05:56;
1427;NULL;COMPONENTES / CI DIP;2151;TIP142 PEQ;PÇ;DISPONÍVEL;produtos/2150.png;NULL;2151-top245pn;1000;0;ativo;5;2,87;1,16;NULL;0;NULL;0;23,72;NULL;1;0;0;0;0;NULL;0.00;0;03/09/2026;NULL;NULL;2026-08-18 13:38:10;2026-08-21 05:05:56;ALLNETSYS
1428;NULL;COMPONENTES / CI DIP;2152;TIP32 ISOLADO;PÇ;DISPONÍVEL;produtos/2151.png;NULL;2152-top246pn;1000;0;ativo;5;1,95;;NULL;0;NULL;NULL;NULL;NULL;1;0;0;0;0;NULL;0.00;0;;NULL;NULL;2026-08-18 13:38:10;2026-08-21 05:05:56;
1429;NULL;COMPONENTES / CI DIP;2153;TIP147;PÇ;DISPONÍVEL;produtos/2152.png;NULL;2153-top252pn;1000;0;ativo;5;2,85;1,16;NULL;0;NULL;0;23;NULL;1;0;0;0;0;NULL;0.00;0;15/01/2026;NULL;NULL;2026-08-18 13:38:10;2026-08-21 05:05:56;ALLNETSYS
1430;NULL;COMPONENTES / CI DIP;2154;VIPER53A;PÇ;DISPONÍVEL;produtos/2153.png;NULL;2154-top253pn;1000;0;ativo;5;9,65;9,69;NULL;1,4268;NULL;0;15;NULL;1;0;0;0;0;NULL;0.00;0;28/01/2025;NULL;NULL;2026-08-18 13:38:10;2026-08-21 05:05:56;TF
1431;NULL;COMPONENTES / CI DIP;2155;VIPER32A;PÇ;INDISPONIVEL;produtos/2154.png;NULL;2155-top254pn;1000;0;ativo;5;;;NULL;11,1435;NULL;NULL;NULL;NULL;1;0;0;0;0;NULL;0.00;0;;NULL;NULL;2026-08-18 13:38:10;2026-08-21 05:05:56;
1432;NULL;COMPONENTES / CI DIP;2156;Pot Acel 200KA 3 PÍNOS L15 EIXO CURTO;UNI;INDISPONIVEL;produtos/2155.png;NULL;2156-top255pn;1000;0;ativo;5;1,6;;NULL;0;NULL;NULL;NULL;NULL;1;0;0;0;0;NULL;0.00;0;;NULL;NULL;2026-08-18 13:38:10;2026-08-21 05:05:56;
1433;NULL;COMPONENTES / CI DIP;2157;Botao preto on off com Neon Azul 19MM com trava (RACK MOVEL );UNI;DISPONÍVEL;produtos/2156.png;NULL;2157-top256pn;1000;0;ativo;5;25;;NULL;0;NULL;NULL;NULL;NULL;1;0;0;0;0;NULL;0.00;0;;NULL;NULL;2026-08-18 13:38:10;2026-08-21 05:05:56;
1434;NULL;COMPONENTES / CI DIP;2158;Chave toque quadrada 4 term 6x6x7,0mm eixo quadrado ;UNI;DISPONÍVEL;produtos/2157.png;NULL;2158-top257pn;1000;0;ativo;5;0,27;;NULL;0;NULL;NULL;NULL;NULL;1;0;0;0;0;NULL;0.00;0;;NULL;NULL;2026-08-18 13:38:10;2026-08-21 05:05:56;
1435;NULL;COMPONENTES / CI DIP;2159;CABO P2 MACHO STEREO P/ P10 MONO 5M;UNI;DISPONÍVEL;produtos/2158.png;NULL;2159-top258pn;1000;0;ativo;5;6,95;2,7986;NULL;0;NULL;5;21,82;NULL;1;0;0;0;0;NULL;0.00;0;15/09/2025;NULL;NULL;2026-08-18 13:38:10;2026-08-21 05:05:56;NWT
1436;NULL;COMPONENTES / CI DIP;2160;CHICOTE CONECTOR 3 VIAS P/ SOM PROFISSIONAL;UNI;DISPONÍVEL;produtos/2159.png;NULL;2160-top222yn;1000;0;ativo;5;10;;NULL;3,581508;NULL;NULL;NULL;NULL;1;0;0;0;0;NULL;0.00;0;;NULL;NULL;2026-08-18 13:38:10;2026-08-21 05:05:56;
1437;NULL;COMPONENTES / CI DIP;2161;CHICOTE CONECTOR 4 VIAS P/ SOM PROFISSIONAL;UNI;INDISPONIVEL;produtos/2160.png;NULL;2161-top223yn;1000;0;ativo;5;11;;NULL;0;NULL;NULL;NULL;NULL;1;0;0;0;0;NULL;0.00;0;;NULL;NULL;2026-08-18 13:38:10;2026-08-21 05:05:56;
1438;NULL;COMPONENTES / CI DIP;2162;CHICOTE CONECTOR 6 VIAS P/ SOM PROFISSIONAL;UNI;DISPONÍVEL;produtos/2161.png;NULL;2162-top224yn;1000;0;ativo;5;12;;NULL;0;NULL;NULL;NULL;NULL;1;0;0;0;0;NULL;0.00;0;;NULL;NULL;2026-08-18 13:38:10;2026-08-21 05:05:56;
1439;NULL;COMPONENTES / CI DIP;2163;CHICOTE CONECTOR 8 VIAS P/ SOM PROFISSIONAL;UNI;DISPONÍVEL;produtos/2162.png;NULL;2163-top244yn;1000;0;ativo;5;13;;NULL;0;NULL;NULL;NULL;NULL;1;0;0;0;0;NULL;0.00;0;;NULL;NULL;2026-08-18 13:38:10;2026-08-21 05:05:56;
1440;NULL;COMPONENTES / CI DIP;2165;Conector RJ45 CAT5 DE PASSAGEM;UNI;DISPONÍVEL;produtos/2163.png;NULL;2165-top243yn;1000;0;ativo;5;0,29;0,1101;NULL;0;NULL;7,5;21,46;NULL;1;0;0;0;0;NULL;0.00;0;05/02/2026;NULL;NULL;2026-08-18 13:38:10;2026-08-21 05:05:56;N
1441;NULL;COMPONENTES / CI DIP;2167;SUPORTE P/ MICROFONE SIMPLES ;UNI;DISPONÍVEL;produtos/2165.png;NULL;2167-top245yn;1000;0;ativo;5;12;;NULL;0,14362645;NULL;NULL;NULL;NULL;1;0;0;0;0;NULL;0.00;0;;NULL;NULL;2026-08-18 13:38:10;2026-08-21 05:05:56;
1442;NULL;COMPONENTES / CI DIP;2168;SUPORTE P/ MICROFONE COM ROSCA METALICA MOD2 ;UNI;DISPONÍVEL;produtos/2167.png;NULL;2168-top246yn;1000;0;ativo;5;13;4,6459;NULL;0;NULL;15;27,5;NULL;1;0;0;0;0;NULL;0.00;0;15/09/2025;NULL;NULL;2026-08-18 13:38:10;2026-08-21 05:05:56;NWT
1443;NULL;COMPONENTES / CI DIP;2169;CS8509 SMD;PÇ;DISPONÍVEL;produtos/2168.png;NULL;2169-top247yn;1000;0;ativo;5;7,97;1,111;6,45;6,8180625;NULL;0;60;NULL;1;0;0;0;0;NULL;0.00;0;06/10/2025;NULL;NULL;2026-08-18 13:38:10;2026-08-21 05:05:56;ALIEX
1444;NULL;COMPONENTES / CI DIP;2170;12UF X 400V;PÇ;DISPONÍVEL;produtos/2169.png;NULL;2170-top248yn;1000;0;ativo;5;12,07;4,6648;NULL;1,776;NULL;6,5;21,46;NULL;1;0;0;0;0;NULL;0.00;0;05/02/2026;NULL;NULL;2026-08-18 13:38:10;2026-08-21 05:05:56;NWT
1445;NULL;COMPONENTES / CI DIP;2171;20uf x 400v;PÇ;INDISPONIVEL;produtos/2170.png;NULL;2171-top249yn;1000;0;ativo;5;;;NULL;6,02793834;NULL;NULL;NULL;NULL;1;0;0;0;0;NULL;0.00;0;;NULL;NULL;2026-08-18 13:38:10;2026-08-21 05:05:56;
1446;NULL;COMPONENTES / CI DIP;2172;P60N06;PÇ;INDISPONIVEL;produtos/2171.png;NULL;2172-top250yn;1000;0;ativo;5;;;NULL;0;NULL;NULL;NULL;NULL;1;0;0;0;0;NULL;0.00;0;;NULL;NULL;2026-08-18 13:38:10;2026-08-21 05:05:56;
1447;NULL;COMPONENTES / CI DIP;2173;CD40106 SMD;PÇ;DISPONÍVEL;produtos/2172.png;NULL;2173-top257yn;1000;0;ativo;5;1,2;;NULL;0;NULL;NULL;NULL;NULL;1;0;0;0;0;NULL;0.00;0;;NULL;NULL;2026-08-18 13:38:10;2026-08-21 05:05:56;
1448;NULL;COMPONENTES / CI DIP;2174;NS4118 SMD;PÇ;DISPONÍVEL;produtos/2173.png;NULL;2174-top261yn;1000;0;ativo;5;6,95;;NULL;0;NULL;NULL;NULL;NULL;1;0;0;0;0;NULL;0.00;0;;NULL;NULL;2026-08-18 13:38:10;2026-08-21 05:05:56;
1449;NULL;COMPONENTES / CI DIP;2175;IR2113 SMD;PÇ;DISPONÍVEL;produtos/2174.png;NULL;2175-top261en;1000;0;ativo;5;10,78;;NULL;0;NULL;NULL;NULL;NULL;1;0;0;0;0;NULL;0.00;0;;NULL;NULL;2026-08-18 13:38:10;2026-08-21 05:05:56;
1450;NULL;COMPONENTES / CI DIP;2176;1NK60;PÇ;DISPONÍVEL;produtos/2175.png;NULL;2176-uc3843;1000;0;ativo;5;3,95;;NULL;0;NULL;NULL;NULL;NULL;1;0;0;0;0;NULL;0.00;0;;NULL;NULL;2026-08-18 13:38:10;2026-08-21 05:05:56;
1451;NULL;COMPONENTES / CI DIP;2177;POT ROT WX32 30MM 10K L40 FIO 4W ASTE PLASTICA -ACEL;UNI;DISPONÍVEL;produtos/2176.png;NULL;2177-uc3844;1000;0;ativo;5;20,24;7,981;NULL;0;NULL;6,5;19,07;NULL;1;0;0;0;0;NULL;0.00;0;03/09/2025;NULL;NULL;2026-08-18 13:38:10;2026-08-21 05:05:56;ATLAS
1452;NULL;COMPONENTES / CI DIP;2178;Diodo 20A10;UNI;DISPONÍVEL;produtos/2177.png;NULL;2178-uc3845;1000;0;ativo;5;1,38;0,56;NULL;10,11940209;NULL;0;23;NULL;1;0;0;0;0;NULL;0.00;0;15/01/2026;NULL;NULL;2026-08-18 13:38:10;2026-08-21 05:05:56;ALLNETSYS
1453;NULL;COMPONENTES / CI DIP;2179;BC557;PÇ;DISPONÍVEL;produtos/2178.png;NULL;2179-uln2003;1000;0;ativo;5;0,1649;0,074;NULL;0,6888;NULL;0;35,2;NULL;1;0;0;0;0;NULL;0.00;0;03/09/2025;NULL;NULL;2026-08-18 13:38:10;2026-08-21 05:05:56;ALLNETSYS
1454;NULL;COMPONENTES / CI DIP;2180;BC558;PÇ;DISPONÍVEL;produtos/2179.png;NULL;2180-viper12a;1000;0;ativo;5;0,1449;0,07;NULL;0,09464;NULL;0;35,2;NULL;1;0;0;0;0;NULL;0.00;0;03/09/2025;NULL;NULL;2026-08-18 13:38:10;2026-08-21 05:05:56;ALLNETSYS
1455;NULL;COMPONENTES / CI DIP;2181;BTA41-800B;PÇ;EST.BAIXO;produtos/2180.png;NULL;2181-viper17a;1000;0;ativo;5;10,06;3,72;NULL;0,09464;NULL;0;35,2;NULL;1;0;0;0;0;NULL;0.00;0;03/09/2025;NULL;NULL;2026-08-18 13:38:10;2026-08-21 05:05:56;ALLNETSYS
1456;NULL;COMPONENTES / CI DIP;2182;CABO HDMI 1,80M 2.0;UNI;INDISPONIVEL;produtos/2181.png;NULL;2182-viper22a;1000;0;ativo;5;12;;NULL;5,02944;NULL;NULL;NULL;NULL;1;0;0;0;0;NULL;0.00;0;;NULL;NULL;2026-08-18 13:38:10;2026-08-21 05:05:56;NWT
1457;NULL;COMPONENTES / CI DIP;2183;P10N60 ISOLADO;PÇ;INDISPONIVEL;produtos/2182.png;NULL;2183-viper32a;1000;0;ativo;5;5,97;1,6277;NULL;0;NULL;0;0;NULL;1;0;0;0;0;NULL;0.00;0;05/02/2026;NULL;NULL;2026-08-18 13:38:10;2026-08-21 05:05:56;ALIEXPRESS
1458;NULL;COMPONENTES / CI DIP;2184;LED 3MM DIFUSO AZUL PCO 50 UNI ;PÇ;DISPONÍVEL;produtos/2183.png;NULL;2184-viper53a;1000;0;ativo;5;0,1;;NULL;1,63;NULL;NULL;NULL;NULL;1;0;0;0;0;NULL;0.00;0;;NULL;NULL;2026-08-18 13:38:10;2026-08-21 05:05:56;
1459;NULL;COMPONENTES / CI DIP;2185;OB2269;PÇ;DISPONÍVEL;produtos/2184.png;NULL;2185-yd-1028;1000;0;ativo;5;9,75;;NULL;0;NULL;NULL;NULL;NULL;1;0;0;0;0;NULL;0.00;0;;NULL;NULL;2026-08-18 13:38:10;2026-08-21 05:05:56;
1460;NULL;COMPONENTES / CI DIP;2187;TOP245PN;PÇ;EST.BAIXO;produtos/2185.png;NULL;2187-yd7389;1000;0;ativo;5;9,85;;NULL;0;NULL;NULL;NULL;NULL;1;0;0;0;0;NULL;0.00;0;;NULL;NULL;2026-08-18 13:38:10;2026-08-21 05:05:56;
1461;NULL;COMPONENTES / CI SMD;2189;VIPER17A;PÇ;INDISPONIVEL;produtos/2187.png;NULL;2189-74hc164d-smd;1000;0;ativo;5;;;NULL;0;NULL;NULL;NULL;NULL;1;0;0;0;0;NULL;0.00;0;;NULL;NULL;2026-08-18 13:38:10;2026-08-21 05:05:56;
1462;NULL;COMPONENTES / CI SMD;2190;CABO P2 MACHO STEREO P/ P10 MONO 3,0m;UNI;INDISPONIVEL;produtos/2189.png;NULL;2190-ad52068;1000;0;ativo;5;5,32;2,0876;NULL;0;NULL;5;21,46;NULL;1;0;0;0;0;NULL;0.00;0;05/02/2026;NULL;NULL;2026-08-18 13:38:10;2026-08-21 05:05:56;NWT
1463;NULL;COMPONENTES / CI SMD;2191;P10 DUPLO Z NIQUELADO;UNI;DISPONÍVEL;produtos/2190.png;NULL;2191-ad52090;1000;0;ativo;5;;7,8701;NULL;2,6654397;NULL;9,75;21,82;NULL;1;0;0;0;0;NULL;0.00;0;15/09/2025;NULL;NULL;2026-08-18 13:38:10;2026-08-21 05:05:56;NWT
1464;NULL;COMPONENTES / CI SMD;2192;Adaptador P10 Duplo Reto Niquelado;UNI;DISPONÍVEL;produtos/2191.png;NULL;2192-adau1701;1000;0;ativo;5;10,92;4,0949;NULL;10,521989315;NULL;9,75;21,46;NULL;1;0;0;0;0;NULL;0.00;0;05/02/2026;NULL;NULL;2026-08-18 13:38:10;2026-08-21 05:05:56;NWT
1465;NULL;COMPONENTES / CI SMD;2193;GARRA DE JACARÉ 4,5CM, 5A VERMELHA SEMI ISOLADA;UNI;DISPONÍVEL;produtos/2192.png;NULL;2193-as15g;1000;0;ativo;5;0,7;0,25;NULL;5,452066115;NULL;9,75;27,3;NULL;1;0;0;0;0;NULL;0.00;0;15/09/2025;NULL;NULL;2026-08-18 13:38:10;2026-08-21 05:05:56;MXT
1466;NULL;COMPONENTES / CI SMD;2194;GARRA DE JACARÉ 4,5CM, 5A PRETA SEMI ISOLADA;UNI;DISPONÍVEL;produtos/2193.png;NULL;2194-cd4011s;1000;0;ativo;5;0,7;0,25;NULL;0,349279375;NULL;9,75;27,3;NULL;1;0;0;0;0;NULL;0.00;0;15/09/2025;NULL;NULL;2026-08-18 13:38:10;2026-08-21 05:05:56;MXT
1467;NULL;COMPONENTES / CI SMD;2195;POWERCON BRANCO MACHO 20A-AC 3 POLOS ;UNI;DISPONÍVEL;produtos/2194.png;NULL;2195-cd4060s;1000;0;ativo;5;8,5;5,8;NULL;0,349279375;NULL;9,75;27,3;NULL;1;0;0;0;0;NULL;0.00;0;15/09/2025;NULL;NULL;2026-08-18 13:38:10;2026-08-21 05:05:56;MXT
1468;NULL;COMPONENTES / CI SMD;2196;ADP USB TIPO C P/ USB 3.0 FEMEA ;UNI ;INDISPONIVEL;produtos/2195.png;NULL;2196-cd4069-smd;1000;0;ativo;5;4,03;1,5173;NULL;8,1032815;NULL;9,75;21,11;NULL;1;0;0;0;0;NULL;0.00;0;15/01/2026;NULL;NULL;2026-08-18 13:38:10;2026-08-21 05:05:56;NWT
1469;NULL;COMPONENTES / CI SMD;2197;ESPAGUETE TERMO RETRATIL 16,0MM VENDA A PARTIR DE 5M;PREÇO M;DISPONÍVEL;produtos/2196.png;NULL;2197-cd4093-smd;1000;0;ativo;5;19;1,72;NULL;2,02035702;NULL;3,3;16,8;NULL;1;0;0;0;0;NULL;0.00;0;15/09/2025;NULL;NULL;2026-08-18 13:38:10;2026-08-21 05:05:56;SANTANA
1470;NULL;COMPONENTES / CI SMD;2198;ESPAGUETE TERMO RETRATIL 25,0MM VENDA A PARTIR DE 5M;PREÇO M;DISPONÍVEL;produtos/2197.png;NULL;2198-cd40106-smd;1000;0;ativo;5;29;3,03;NULL;2,07525568;NULL;3,25;16,8;NULL;1;0;0;0;0;NULL;0.00;0;15/09/2025;NULL;NULL;2026-08-18 13:38:10;2026-08-21 05:05:56;SANTANA
1471;NULL;COMPONENTES / CI SMD;2199;2SB817;PÇ;INDISPONIVEL;produtos/2198.png;NULL;2199-cs83501-smd;1000;0;ativo;5;;3,97;NULL;3,6540588;NULL;1,3;16,76;NULL;1;0;0;0;0;NULL;0.00;0;15/09/2025;NULL;NULL;2026-08-18 13:38:10;2026-08-21 05:05:56;SANTANA
1472;NULL;COMPONENTES / CI SMD;2200;74HC00N;PÇ;DISPONÍVEL;produtos/2199.png;NULL;2200-cs8378-smd;1000;0;ativo;5;1,95;0,69;NULL;4,695631836;NULL;0;35,2;NULL;1;0;0;0;0;NULL;0.00;0;03/09/2025;NULL;NULL;2026-08-18 13:38:10;2026-08-21 05:05:56;ALLNETSYS
1473;NULL;COMPONENTES / CI SMD;2201;74HC04N;PÇ;DISPONÍVEL;produtos/2200.png;NULL;2201-cs8508-smd;1000;0;ativo;5;2,25;1,56;NULL;0,93288;NULL;2;16,76;NULL;1;0;0;0;0;NULL;0.00;0;15/09/2025;NULL;NULL;2026-08-18 13:38:10;2026-08-21 05:05:56;SANTANA
1474;NULL;COMPONENTES / CI SMD;2202;74HC08N;PÇ;DISPONÍVEL;produtos/2201.png;NULL;2202-cs8509-smd;1000;0;ativo;5;2,3;1,07;NULL;1,85788512;NULL;2;16,76;NULL;1;0;0;0;0;NULL;0.00;0;15/09/2025;NULL;NULL;2026-08-18 13:38:10;2026-08-21 05:05:56;SANTANA
1475;NULL;COMPONENTES / CI SMD;2203;74HC32N;PÇ;DISPONÍVEL;produtos/2202.png;NULL;2203-cs8511-smd;1000;0;ativo;5;2,75;1,53;NULL;1,27431864;NULL;2;16,8;NULL;1;0;0;0;0;NULL;0.00;0;15/09/2025;NULL;NULL;2026-08-18 13:38:10;2026-08-21 05:05:56;SANTANA
1476;NULL;COMPONENTES / CI SMD;2204;ESPAGUETE TERMO RETRATIL 14,0MM VENDA A PARTIR DE 5M;PREÇO M;DISPONÍVEL;produtos/2203.png;NULL;2204-cs8626e-smd;1000;0;ativo;5;14;1,22;NULL;1,8227808;NULL;3,25;16,76;NULL;1;0;0;0;0;NULL;0.00;0;15/09/2025;NULL;NULL;2026-08-18 13:38:10;2026-08-21 05:05:56;SANTANA
1477;NULL;COMPONENTES / CI SMD;2205;BC556;PÇ;DISPONÍVEL;produtos/2204.png;NULL;2205-cs8673e-smd;1000;0;ativo;5;0,1349;0,072;NULL;1,47076734;NULL;0;35,2;NULL;1;0;0;0;0;NULL;0.00;0;15/09/2025;NULL;NULL;2026-08-18 13:38:10;2026-08-21 05:05:56;ALLNETSYS
1478;NULL;COMPONENTES / CI SMD;2206;DECODER MP3 COM BT E RADIO C/ AMPLIFICAÇÃO 25W + 25W 12V;UNI;INDISPONIVEL;produtos/2205.png;NULL;2206-cs8676-smd;1000;0;ativo;5;48,9;28,52;NULL;0,09464;NULL;0;0;NULL;1;0;0;0;0;NULL;0.00;0;29/09/2025;NULL;NULL;2026-08-18 13:38:10;2026-08-21 05:05:56;aliexpress
1479;NULL;COMPONENTES / CI SMD;2207;Chave com trava MKS 6 PINOS vermelha ;UNI;INDISPONIVEL;produtos/2206.png;NULL;2207-cs8679e-smd;1000;0;ativo;5;;;NULL;28,52;NULL;NULL;NULL;NULL;1;0;0;0;0;NULL;0.00;0;;NULL;NULL;2026-08-18 13:38:10;2026-08-21 05:05:56;
1480;NULL;COMPONENTES / CI SMD;2208;CAPACITOR ELETROLITICO ELCO 2,2 x 400;PÇ;DISPONÍVEL;produtos/2207.png;NULL;2208-dap011-smd;1000;0;ativo;5;0,3049;0,1305;NULL;0;NULL;6,5;21,28;NULL;1;0;0;0;0;NULL;0.00;0;03/11/2025;NULL;NULL;2026-08-18 13:38:10;2026-08-21 05:05:56;NWT
1481;NULL;COMPONENTES / CI SMD;2209;CAPACITOR ELETROLITICO ELCO 2,2 x 450;PÇ;DISPONÍVEL;produtos/2208.png;NULL;2209-fan6755-smd;1000;0;ativo;5;0,3349;;NULL;0,16791216;NULL;NULL;NULL;NULL;1;0;0;0;0;NULL;0.00;0;;NULL;NULL;2026-08-18 13:38:10;2026-08-21 05:05:56;
1482;NULL;COMPONENTES / CI SMD;2210;TOP221PN;PÇ;INDISPONIVEL;produtos/2209.png;NULL;2210-fan7529-smd;1000;0;ativo;5;;;NULL;0;NULL;NULL;NULL;NULL;1;0;0;0;0;NULL;0.00;0;;NULL;NULL;2026-08-18 13:38:10;2026-08-21 05:05:56;
1483;NULL;COMPONENTES / CI SMD;2211;TOP222PN;PÇ;INDISPONIVEL;produtos/2210.png;NULL;2211-fan7930-smd;1000;0;ativo;5;;;NULL;0;NULL;NULL;NULL;NULL;1;0;0;0;0;NULL;0.00;0;;NULL;NULL;2026-08-18 13:38:10;2026-08-21 05:05:56;
1484;NULL;COMPONENTES / CI SMD;2212;TOP243YN;PÇ;DISPONÍVEL;produtos/2211.png;NULL;2212-fds4435-smd;1000;0;ativo;5;9,95;4,58;NULL;0;NULL;0;0;NULL;1;0;0;0;0;NULL;0.00;0;23/02/2026;NULL;NULL;2026-08-18 13:38:10;2026-08-21 05:05:56;ALIE
1485;NULL;COMPONENTES / CI SMD;2213;TOP254PN;PÇ;DISPONÍVEL;produtos/2212.png;NULL;2213-fr9889-smd;1000;0;ativo;5;8,95;2,34;NULL;4,58;NULL;0;0;NULL;1;0;0;0;0;NULL;0.00;0;23/02/2026;NULL;NULL;2026-08-18 13:38:10;2026-08-21 05:05:56;ALIE
1486;NULL;COMPONENTES / CI SMD;2214;LM1117-1,8V;PÇ;INDISPONIVEL;produtos/2213.png;NULL;2214-ft2705-smd;1000;0;ativo;5;;;NULL;2,34;NULL;NULL;NULL;NULL;1;0;0;0;0;NULL;0.00;0;;NULL;NULL;2026-08-18 13:38:10;2026-08-21 05:05:56;
1487;NULL;COMPONENTES / CI SMD;2215;VARISTOR 150V 10-241;PÇ;INDISPONIVEL;produtos/2214.png;NULL;2215-haa9802-smd;1000;0;ativo;5;;0,2238;NULL;0;NULL;6,5;26,82;NULL;1;0;0;0;0;NULL;0.00;0;13/10/2025;NULL;NULL;2026-08-18 13:38:10;2026-08-21 05:05:56;ACP
1488;NULL;COMPONENTES / CI SMD;2216;VARISTOR 275V 10-431;PÇ;INDISPONIVEL;produtos/2215.png;NULL;2216-ht-8691-sp-smd;1000;0;ativo;5;;0,228;NULL;0,29713926;NULL;6,5;26,82;NULL;1;0;0;0;0;NULL;0.00;0;13/10/2025;NULL;NULL;2026-08-18 13:38:10;2026-08-21 05:05:56;ACP
1489;NULL;COMPONENTES / CI SMD;2217;ALCOOL ISOPROPILICO 500 ML;UNI;DISPONÍVEL;produtos/2216.png;NULL;2217-ht-8693-sp-smd;1000;0;ativo;5;28;;NULL;0,31064559;NULL;NULL;NULL;NULL;1;0;0;0;0;NULL;0.00;0;;NULL;NULL;2026-08-18 13:38:10;2026-08-21 05:05:56;
1490;NULL;COMPONENTES / CI SMD;2218;Conector Carga Usb Tipo-c rabicho +-;UNI;DISPONÍVEL;produtos/2217.png;NULL;2218-ir2010-smd;1000;0;ativo;5;5;1,58;4,5;0;NULL;0;0;NULL;1;0;0;0;0;NULL;0.00;0;20/11/2025;NULL;NULL;2026-08-18 13:38:10;2026-08-21 05:05:56;ALIEXPRESS
1491;NULL;COMPONENTES / CI SMD;2219;FUSIVEL 08A 5X20 CERAMICO CX 100 PÇS ;PÇ;INDISPONIVEL;produtos/2218.png;NULL;2219-ir2011-smd;1000;0;ativo;5;;0,15;NULL;1,58;NULL;9,75;11,26;NULL;1;0;0;0;0;NULL;0.00;0;03/11/2025;NULL;NULL;2026-08-18 13:38:10;2026-08-21 05:05:56;ALLSEMI
1492;NULL;COMPONENTES / CI SMD;2220;74HC164N;PÇ;DISPONÍVEL;produtos/2219.png;NULL;2220-ir2110-smd;1000;0;ativo;5;2,75;;NULL;0,183161775;NULL;NULL;NULL;NULL;1;0;0;0;0;NULL;0.00;0;;NULL;NULL;2026-08-18 13:38:10;2026-08-21 05:05:56;
1493;NULL;COMPONENTES / CI SMD;2221;P9N50 ISOLADO;PÇ;INDISPONIVEL;produtos/2220.png;NULL;2221-ir2113-smd;1000;0;ativo;5;4,9;2,45;NULL;0;NULL;0;0;NULL;1;0;0;0;0;NULL;0.00;0;17/11/2025;NULL;NULL;2026-08-18 13:38:10;2026-08-21 05:05:56;ALIE
1494;NULL;COMPONENTES / CI SMD;2222;P7N60 ISOLADO;PÇ;INDISPONIVEL;produtos/2221.png;NULL;2222-ir2153-smd;1000;0;ativo;5;4,95;2,45;NULL;2,45;NULL;0;0;NULL;1;0;0;0;0;NULL;0.00;0;17/11/2025;NULL;NULL;2026-08-18 13:38:10;2026-08-21 05:05:56;ALIEX
1495;NULL;COMPONENTES / CI SMD;2223;P6N60 ISOLADO;PÇ;INDISPONIVEL;produtos/2222.png;NULL;2223-ir2156-smd;1000;0;ativo;5;4,66;2,33;NULL;2,45;NULL;0;0;NULL;1;0;0;0;0;NULL;0.00;0;17/11/2025;NULL;NULL;2026-08-18 13:38:10;2026-08-21 05:05:56;ALIEXPRESS
1496;NULL;COMPONENTES / CI SMD;2224;P5N60 ISOLADO ;PÇ;DISPONÍVEL;produtos/2223.png;NULL;2224-ir4427-smd;1000;0;ativo;5;4,95;2,19;NULL;2,33;NULL;0;0;NULL;1;0;0;0;0;NULL;0.00;0;17/11/2025;NULL;NULL;2026-08-18 13:38:10;2026-08-21 05:05:56;ALIEXPRESS
1497;NULL;COMPONENTES / CI SMD;2225;P4N60 ISOLADO;PÇ;DISPONÍVEL;produtos/2224.png;NULL;2225-irs2092s-smd;1000;0;ativo;5;4,85;2,14;NULL;2,19;NULL;0;0;NULL;1;0;0;0;0;NULL;0.00;0;17/11/2025;NULL;NULL;2026-08-18 13:38:10;2026-08-21 05:05:56;ALIE
1498;NULL;COMPONENTES / CI SMD;2226;P2N60 ISOLADO ;PÇ;INDISPONIVEL;produtos/2225.png;NULL;2226-irs20957-smd;1000;0;ativo;5;4,55;1,78;NULL;2,14;NULL;0;0;NULL;1;0;0;0;0;NULL;0.00;0;17/11/2025;NULL;NULL;2026-08-18 13:38:10;2026-08-21 05:05:56;ALIE
1499;NULL;COMPONENTES / CI SMD;2227;P20N60 ISOLADO;PÇ;INDISPONIVEL;produtos/2226.png;NULL;2227-ir25607s-smd-taramps;1000;0;ativo;5;7,98;1,6277;NULL;1,78;NULL;0;0;NULL;1;0;0;0;0;NULL;0.00;0;05/02/2026;NULL;NULL;2026-08-18 13:38:10;2026-08-21 05:05:56;ALIEXPRESS
1500;NULL;COMPONENTES / CI SMD;2228;P12N60 ISOLADO;PÇ;INDISPONIVEL;produtos/2227.png;NULL;2228-ld5760-smd;1000;0;ativo;5;6,85;1,76;NULL;1,63;NULL;0;0;NULL;1;0;0;0;0;NULL;0.00;0;23/02/2026;NULL;NULL;2026-08-18 13:38:10;2026-08-21 05:05:56;ALIE
1501;NULL;COMPONENTES / CI SMD;2229;CABO POLARIZADO P/ AUDIO 2X0,20MM ROLO 100MTS 100% COBRE;UNI;INDISPONIVEL;produtos/2228.png;NULL;2229-ld6599-smd;1000;0;ativo;5;99,9;60,42;NULL;1,76;NULL;0;20,4;NULL;1;0;0;0;0;NULL;0.00;0;27/11/2025;NULL;NULL;2026-08-18 13:38:10;2026-08-21 05:05:56;INFAP
1502;NULL;COMPONENTES / CI SMD;2230;CABO POLARIZADO P/ AUDIO 2X0,14MM ROLO 100MTS 100% COBRE;UNI;DISPONÍVEL;produtos/2229.png;NULL;2230-ld7560-smd;1000;0;ativo;5;75;39,31;NULL;72,74568;NULL;0;20,4;NULL;1;0;0;0;0;NULL;0.00;0;27/11/2025;NULL;NULL;2026-08-18 13:38:10;2026-08-21 05:05:56;INFAP
1503;NULL;COMPONENTES / CI SMD;2231;FIO CABO GUITARRA 0,20MM VERMELHO 100% COBRE;UNI;INDISPONIVEL;produtos/2230.png;NULL;2231-ld7575-smd;1000;0;ativo;5;235;148,48;NULL;47,32924;NULL;0;20,4;NULL;1;0;0;0;0;NULL;0.00;0;27/11/2025;NULL;NULL;2026-08-18 13:38:10;2026-08-21 05:05:56;INFAP
1504;NULL;COMPONENTES / CI SMD;2232;FIO CABO GUITARRA 0,20MM AZUL 100% COBRE;UNI;INDISPONIVEL;produtos/2231.png;NULL;2232-lm311-smd;1000;0;ativo;5;;148,48;NULL;178,76992;NULL;0;20,4;NULL;1;0;0;0;0;NULL;0.00;0;28/11/2025;NULL;NULL;2026-08-18 13:38:10;2026-08-21 05:05:56;INFAP
1505;NULL;COMPONENTES / CI SMD;2233;FIO CABO GUITARRA 0,20MM LILAS 100% COBRE;UNI;INDISPONIVEL;produtos/2232.png;NULL;2233-lm319-smd;1000;0;ativo;5;;148,48;NULL;178,76992;NULL;0;20,4;NULL;1;0;0;0;0;NULL;0.00;0;29/11/2025;NULL;NULL;2026-08-18 13:38:10;2026-08-21 05:05:56;INFAP
1506;NULL;COMPONENTES / CI SMD;2234;FIO CABO GUITARRA 0,20MM VERDE 100% COBRE;UNI;DISPONÍVEL;produtos/2233.png;NULL;2234-lm324-smd;1000;0;ativo;5;235;148,48;NULL;178,76992;NULL;0;20,4;NULL;1;0;0;0;0;NULL;0.00;0;30/11/2025;NULL;NULL;2026-08-18 13:38:10;2026-08-21 05:05:56;INFAP
1507;NULL;COMPONENTES / CI SMD;2235;TNY286DG SMD;PÇ;INDISPONIVEL;produtos/2234.png;NULL;2235-lm337-smd;1000;0;ativo;5;7,95;2,57;NULL;178,76992;NULL;0;0;NULL;1;0;0;0;0;NULL;0.00;0;23/02/2026;NULL;NULL;2026-08-18 13:38:10;2026-08-21 05:05:56;ali
1508;NULL;COMPONENTES / CI SMD;2337;OPA1678 SMD;PÇ;DISPONÍVEL;produtos/2235.png;NULL;2337-lm339-smd;1000;0;ativo;5;9,86;3,92;9,86;2,57;NULL;0;0;NULL;1;0;0;0;0;NULL;0.00;0;23/02/2026;NULL;NULL;2026-08-18 13:38:10;2026-08-21 05:05:56;ALIEXP
1509;NULL;COMPONENTES / CI SMD;2338;UCC270112DR SMD;PÇ;INDISPONIVEL;produtos/2337.png;NULL;2338-lm358-smd;1000;0;ativo;5;9,54;4,6;9,54;3,92;NULL;0;0;NULL;1;0;0;0;0;NULL;0.00;0;01/12/2025;NULL;NULL;2026-08-18 13:38:10;2026-08-21 05:05:56;alie
1510;NULL;COMPONENTES / CI SMD;2339;OPA1679 SMD ;PÇ;DISPONÍVEL;produtos/2338.png;NULL;2339-lm393-smd;1000;0;ativo;5;9,95;4,25;9,95;4,6;NULL;0;0;NULL;1;0;0;0;0;NULL;0.00;0;23/02/2026;NULL;NULL;2026-08-18 13:38:10;2026-08-21 05:05:56;ALIEXP
1511;NULL;COMPONENTES / CI SMD;2340;LNK564PN;PÇ;DISPONÍVEL;produtos/2339.png;NULL;2340-lnk302dn-smd;1000;0;ativo;5;8,25;1,421;8,25;4,25;NULL;0;65;NULL;1;0;0;0;0;NULL;0.00;0;12/12/2025;NULL;NULL;2026-08-18 13:38:10;2026-08-21 05:05:56;ALIEXPRESS
1512;NULL;COMPONENTES / CI SMD;2341;Pot MINI linear 100KA EIXO L35 3 pinos ;UNI;DISPONÍVEL;produtos/2340.png;NULL;2341-lnk304dn-smd;1000;0;ativo;5;2,5;1,032;4,686;2,343;NULL;6,5;18,87;NULL;1;0;0;0;0;NULL;0.00;0;15/12/2025;NULL;NULL;2026-08-18 13:38:10;2026-08-21 05:05:56;ATLAS
1513;NULL;COMPONENTES / CI SMD;2342;RT8269 SMD;PÇ;DISPONÍVEL;produtos/2341.png;NULL;2342-lnk306-smd;1000;0;ativo;5;8,97;3,34;2,60788893;1,303944465;NULL;0;0;NULL;1;0;0;0;0;NULL;0.00;0;23/02/2026;NULL;NULL;2026-08-18 13:38:10;2026-08-21 05:05:56;ali
1514;NULL;COMPONENTES / CI SMD;2343;RT8272 SMD;PÇ;DISPONÍVEL;produtos/2342.png;NULL;2343-lnk624dn-smd;1000;0;ativo;5;8,95;3,34;6,68;3,34;NULL;0;0;NULL;1;0;0;0;0;NULL;0.00;0;23/02/2026;NULL;NULL;2026-08-18 13:38:10;2026-08-21 05:05:56;aliexpress
1515;NULL;COMPONENTES / CI SMD;2344;ALCOOL ISOPROPILICO 1 L;UNI;DISPONÍVEL;produtos/2343.png;NULL;2344-lnk625dg-smd;1000;0;ativo;5;48;;6,68;3,34;NULL;NULL;NULL;NULL;1;0;0;0;0;NULL;0.00;0;;NULL;NULL;2026-08-18 13:38:10;2026-08-21 05:05:56;
1516;NULL;COMPONENTES / CI SMD;2346;LM337 SMD;PÇ;DISPONÍVEL;produtos/2344.png;NULL;2346-lnk626dg-smd;1000;0;ativo;5;2,56;2,56;0;0;NULL;0;0;NULL;1;0;0;0;0;NULL;0.00;0;23/02/2026;NULL;NULL;2026-08-18 13:38:10;2026-08-21 05:05:56;ALIEXPRESS
1517;NULL;COMPONENTES / CI SMD;2347;FUSIVEL 0,5A 5X20 VIDRO CX 100 PÇS ;PÇ;DISPONÍVEL;produtos/2346.png;NULL;2347-lnk364dn-smd;1000;0;ativo;5;18;9;5,12;2,56;NULL;9,75;7,16;NULL;1;0;0;0;0;NULL;0.00;0;15/01/2026;NULL;NULL;2026-08-18 13:38:10;2026-08-21 05:05:56;ALLSEMI
1518;NULL;COMPONENTES / CI DIP;2348;FUSIVEL 30A 5X20 VIDRO CX 100 PÇS ;CX 100X;DISPONÍVEL;produtos/2347.png;NULL;2348-lnk6777-smd;1000;0;ativo;5;18;9;21,169458;10,584729;NULL;9,75;8,78;NULL;1;0;0;0;0;NULL;0.00;0;15/01/2026;NULL;NULL;2026-08-18 13:38:10;2026-08-21 05:05:56;ALLSEMI
1519;NULL;COMPONENTES / CI SMD;2350;ORGANIZADOR DE CABOS E FIOS 19MM X 1M;UNI;DISPONÍVEL;produtos/2348.png;NULL;2350-ltk5110-smd;1000;0;ativo;5;4,95;1,9549;21,489489;10,7447445;NULL;5;24;NULL;1;0;0;0;0;NULL;0.00;0;17/01/2026;NULL;NULL;2026-08-18 13:38:10;2026-08-21 05:05:56;NWT
1520;NULL;COMPONENTES / CI SMD;2351;Cantoneira angular de 2 pontas 90° P/ acabamento;UNI;DISPONÍVEL;produtos/2350.png;NULL;2351-ltk5112-smd;1000;0;ativo;5;1,39;0,55;5,0778;2,5389;NULL;0;26;NULL;1;0;0;0;0;NULL;0.00;0;17/01/2026;NULL;NULL;2026-08-18 13:38:10;2026-08-21 05:05:56;adelmetal
1521;NULL;COMPONENTES / CI SMD;2352;Mica para microondas universal 14 x 14 X 14 cm;UNI;DISPONÍVEL;produtos/2351.png;NULL;2352-ltk5128-smd;1000;0;ativo;5;4,6;2,3;1,386;0,693;NULL;0;NULL;NULL;1;0;0;0;0;NULL;0.00;0;17/01/2026;NULL;NULL;2026-08-18 13:38:10;2026-08-21 05:05:56;tf
1522;NULL;COMPONENTES / CI SMD;2353;Chave Gangorra Pulsante 2t - Kcd1-102 Preto;UNI;DISPONÍVEL;produtos/2352.png;NULL;2353-ltk5302-smd;1000;0;ativo;5;2,5;0,925;4,6;2,3;NULL;6,25;27;NULL;1;0;0;0;0;NULL;0.00;0;17/01/2026;NULL;NULL;2026-08-18 13:38:10;2026-08-21 05:05:56;MXT
1523;NULL;COMPONENTES / CI SMD;2354;Knob Chicken Head Preto (AMP METEORO);UNI;DISPONÍVEL;produtos/2353.png;NULL;2354-ltk5828-smd;1000;0;ativo;5;2,5;1;2,5098375;1,25491875;NULL;0;25;NULL;1;0;0;0;0;NULL;0.00;0;17/01/2026;NULL;NULL;2026-08-18 13:38:10;2026-08-21 05:05:56;ADEL
1524;NULL;COMPONENTES / CI SMD;2355; Botão Knob Redondo Estriado Com Parafuso VERMELHO / AZUL / BRANCO;UNI;DISPONÍVEL;produtos/2354.png;NULL;2355-max232dr-smd;1000;0;ativo;5;3,95;1,84;2,5;1,25;NULL;0;25;NULL;1;0;0;0;0;NULL;0.00;0;17/01/2026;NULL;NULL;2026-08-18 13:38:10;2026-08-21 05:05:56;ADEL
1525;NULL;COMPONENTES / CI SMD;2356; Botão Knob Redondo CINZA / BRANCO  com indiador;UNI;DISPONÍVEL;produtos/2355.png;NULL;2356-md8002-a-smd-p-caixinhas;1000;0;ativo;5;2,2;0,88;4,6;2,3;NULL;0;25;NULL;1;0;0;0;0;NULL;0.00;0;17/01/2026;NULL;NULL;2026-08-18 13:38:10;2026-08-21 05:05:56;ADEL
1526;NULL;COMPONENTES / CI SMD;2357;RCA MACHO METAL LINHA DIAMANTE BLACK PRETO;;DISPONÍVEL;produtos/2356.png;NULL;2357-ncp1203d6-smd;1000;0;ativo;5;5,6;2,2569;2,2;1,1;NULL;9,75;21,11;NULL;1;0;0;0;0;NULL;0.00;0;17/01/2026;NULL;NULL;2026-08-18 13:38:10;2026-08-21 05:05:56;NWT
1527;NULL;COMPONENTES / CI SMD;2358;RCA MACHO METAL LINHA DIAMANTE BLACK VERMELHO;;DISPONÍVEL;produtos/2357.png;NULL;2358-ne555-smd;1000;0;ativo;5;5,6;2,2569;6,00790377;3,003951885;NULL;9,75;21,11;NULL;1;0;0;0;0;NULL;0.00;0;17/01/2026;NULL;NULL;2026-08-18 13:38:10;2026-08-21 05:05:56;NWT
1528;NULL;COMPONENTES / CI SMD;2359;DK124 ;PÇ;DISPONÍVEL;produtos/2358.png;NULL;2359-ne5532-smd;1000;0;ativo;5;3,95;;6,00790377;3,003951885;NULL;NULL;NULL;NULL;1;0;0;0;0;NULL;0.00;0;;NULL;NULL;2026-08-18 13:38:10;2026-08-21 05:05:56;
1529;NULL;COMPONENTES / CI SMD;2360;DK125;PÇ;DISPONÍVEL;produtos/2359.png;NULL;2360-ns4110-smd;1000;0;ativo;5;3,95;1,147;0;0;NULL;0;0;NULL;1;0;0;0;0;NULL;0.00;0;23/02/2026;NULL;NULL;2026-08-18 13:38:10;2026-08-21 05:05:56;ALI
1530;NULL;COMPONENTES / CI SMD;2361;IRFP1405;PÇ;DISPONÍVEL;produtos/2360.png;NULL;2361-ns4118-smd;1000;0;ativo;5;23,6;16,9;2,3;1,15;NULL;NULL;NULL;NULL;1;0;0;0;0;NULL;0.00;0;;NULL;NULL;2026-08-18 13:38:10;2026-08-21 05:05:56;NATAN
1531;NULL;COMPONENTES / CI SMD;2362;LNK304DN SMD;PÇ;INDISPONIVEL;produtos/2361.png;NULL;2362-ns4150-smd;1000;0;ativo;5;9,85;2,467;33,8;16,9;NULL;0;0;NULL;1;0;0;0;0;NULL;0.00;0;23/02/2026;NULL;NULL;2026-08-18 13:38:10;2026-08-21 05:05:56;ali
1532;NULL;COMPONENTES / CI SMD;2363;IRFB4127;PÇ;INDISPONIVEL;produtos/2362.png;NULL;2363-ns4160-smd;1000;0;ativo;5;;;4,94;2,47;NULL;NULL;NULL;NULL;1;0;0;0;0;NULL;0.00;0;;NULL;NULL;2026-08-18 13:38:10;2026-08-21 05:05:56;
1533;NULL;COMPONENTES / CI SMD;2364;CABO 2+2 RCA 5M 90 GRAUS ;UNI;DISPONÍVEL;produtos/2363.png;NULL;2364-ob2263-6-pinos-smd;1000;0;ativo;5;13,95;4,7643;0;0;NULL;5;25;NULL;1;0;0;0;0;NULL;0.00;0;22/01/2026;NULL;NULL;2026-08-18 13:38:10;2026-08-21 05:05:56;NWT
1534;NULL;COMPONENTES / CI SMD;2365;CABO HDMI 2.0 4K COM FILTRO GRANEL 1M PLUG 90G;UNI;DISPONÍVEL;produtos/2364.png;NULL;2365-ob2268-smd;1000;0;ativo;5;15,6;6,1292;12,495;6,2475;NULL;5;21,46;NULL;1;0;0;0;0;NULL;0.00;0;05/02/2026;NULL;NULL;2026-08-18 13:38:10;2026-08-21 05:05:56;NWT
1535;NULL;COMPONENTES / CI SMD;2366;Cabo P2 / P2 3,00M;UNI;DISPONÍVEL;produtos/2365.png;NULL;2366-ob2269-smd;1000;0;ativo;5;4,39;1,7229;15,6355458;7,8177729;NULL;5;21,46;NULL;1;0;0;0;0;NULL;0.00;0;05/02/2026;NULL;NULL;2026-08-18 13:38:10;2026-08-21 05:05:56;NWT
1536;NULL;COMPONENTES / CI SMD;2367;CABO 2+2 RCA 3M 90 GRAUS ;UNI;INDISPONIVEL;produtos/2366.png;NULL;2367-ob2276-smd;1000;0;ativo;5;8,87;3,4793;4,3871352;2,1935676;NULL;5;21,46;NULL;1;0;0;0;0;NULL;0.00;0;05/02/2026;NULL;NULL;2026-08-18 13:38:10;2026-08-21 05:05:56;NWT
1537;NULL;COMPONENTES / CI SMD;2368;Cabo 1x1 RCA, 5m com fio para câmera de ré;UNI;DISPONÍVEL;produtos/2367.png;NULL;2368-ob5269-smd;1000;0;ativo;5;12,77;5,0049;8,8762968;4,4381484;NULL;5;21,46;NULL;1;0;0;0;0;NULL;0.00;0;05/02/2026;NULL;NULL;2026-08-18 13:38:10;2026-08-21 05:05:56;NWT
1538;NULL;COMPONENTES / CI SMD;2369;Chave  redonda NEON VERMELHO 10A 12V;UNI ;INDISPONIVEL;produtos/2368.png;NULL;2369-opa1678-smd;1000;0;ativo;5;;;12,7533;6,37665;NULL;NULL;NULL;NULL;1;0;0;0;0;NULL;0.00;0;;NULL;NULL;2026-08-18 13:38:10;2026-08-21 05:05:56;
1539;NULL;COMPONENTES / CI SMD;2370;JACK POWERCON PAINEL, BRANCO POWER-OUT, 3 POLOS, 20A/250V AC COM TRAVA;UNI;DISPONÍVEL;produtos/2369.png;NULL;2370-opa1679-smd;1000;0;ativo;5;3,55;1,4931;0;0;NULL;9,75;20,03;NULL;1;0;0;0;0;NULL;0.00;0;03/09/2026;NULL;NULL;2026-08-18 13:38:10;2026-08-21 05:05:56;NWT
1540;NULL;COMPONENTES / CI SMD;2371;JACK POWERCON PAINEL, AZUL POWER-IN, 3 POLOS, 20A/250V AC COM TRAVA;UNI;DISPONÍVEL;produtos/2370.png;NULL;2371-p2808-smd;1000;0;ativo;5;3,55;1,738;4,63892178;2,31946089;NULL;9,75;21,46;NULL;1;0;0;0;0;NULL;0.00;0;05/02/2026;NULL;NULL;2026-08-18 13:38:10;2026-08-21 05:05:56;NWT
1541;NULL;COMPONENTES / CI SMD;2372;PLUG P10 90 GRAUS MONO METAL CACHIMBO;UNI;DISPONÍVEL;produtos/2371.png;NULL;2372-rc4558-smd;1000;0;ativo;5;3,25;1,5095;4,63892178;2,31946089;NULL;9,75;21,46;NULL;1;0;0;0;0;NULL;0.00;0;05/02/2026;NULL;NULL;2026-08-18 13:38:10;2026-08-21 05:05:56;NWT
1542;NULL;COMPONENTES / CI SMD;2373;J2 STEREO METAL, CORPO PRETO, CONECTOR NÍQUEL BANHADO A OURO;UNI;DISPONÍVEL;produtos/2372.png;NULL;2373-rc4580-smd;1000;0;ativo;5;13,85;5,196;4,02573097;2,012865485;NULL;9,75;21,46;NULL;1;0;0;0;0;NULL;0.00;0;05/02/2026;NULL;NULL;2026-08-18 13:38:10;2026-08-21 05:05:56;NWT
1543;NULL;COMPONENTES / CI SMD;2374;Buzzer continuo 5v 12mm diametro 9,5mm altura ;UNI;DISPONÍVEL;produtos/2373.png;NULL;2374-rc4580-smd-micro-tssop-8;1000;0;ativo;5;2,6;1,0944;13,8634444;6,9317222;NULL;0;9,73;NULL;1;0;0;0;0;NULL;0.00;0;05/02/2026;NULL;NULL;2026-08-18 13:38:10;2026-08-21 05:05:56;ASIA
1544;NULL;COMPONENTES / CI SMD;2375;Buzzer continuo 12v 12mm diametro 9,5mm altura ;UNI;DISPONÍVEL;produtos/2374.png;NULL;2375-rt8269-smd;1000;0;ativo;5;2,95;1,0744;2,392114;1,196057;NULL;0;9,73;NULL;1;0;0;0;0;NULL;0.00;0;05/02/2026;NULL;NULL;2026-08-18 13:38:10;2026-08-21 05:05:56;ASIA
1545;NULL;COMPONENTES / CI SMD;2376;Chave  gangorra KCD4 6 PINOS / PRETO on off on ;UNI;DISPONÍVEL;produtos/2375.png;NULL;2376-rt8272-smd;1000;0;ativo;5;3,95;1,55;2,348222;1,174111;NULL;NULL;9,73;NULL;1;0;0;0;0;NULL;0.00;0;05/02/2026;NULL;NULL;2026-08-18 13:38:10;2026-08-21 05:05:56;ASIA
1546;NULL;COMPONENTES / CI SMD;2377;Chave Gangorra 2 PINOS MINI VERMELHA ;UNI;DISPONÍVEL;produtos/2376.png;NULL;2377-rt8289-smd;1000;0;ativo;5;0,9;0,3533;3,40163;1,700815;NULL;0;9,73;NULL;1;0;0;0;0;NULL;0.00;0;05/02/2026;NULL;NULL;2026-08-18 13:38:10;2026-08-21 05:05:56;ASIA
1547;NULL;COMPONENTES / CI SMD;2378;BTA24-800 ORIGINAL ;PÇ;INDISPONIVEL;produtos/2377.png;NULL;2378-sg-3524-smd;1000;0;ativo;5;5,05;2,2712;0,76811;0,384055;NULL;0;9,73;NULL;1;0;0;0;0;NULL;0.00;0;05/02/2026;NULL;NULL;2026-08-18 13:38:10;2026-08-21 05:05:56;ASIA
1548;NULL;COMPONENTES / CI SMD;2379;BT139-600E;PÇ;DISPONÍVEL;produtos/2378.png;NULL;2379-sg-3525-smd;1000;0;ativo;5;3,4;1,0855;4,981742;2,490871;NULL;0;9,73;NULL;1;0;0;0;0;NULL;0.00;0;05/02/2026;NULL;NULL;2026-08-18 13:38:10;2026-08-21 05:05:56;ASIA
1549;NULL;COMPONENTES / CI SMD;2380;MUR1560 2 TERMINAIS ;UNI;DISPONÍVEL;produtos/2379.png;NULL;2380-sti3408b-smd;1000;0;ativo;5;4,34;1,5;2,392114;1,196057;NULL;0;44,7;NULL;1;0;0;0;0;NULL;0.00;0;10/02/2026;NULL;NULL;2026-08-18 13:38:10;2026-08-21 05:05:56;COMPTOTAL
1550;NULL;COMPONENTES / CI SMD;2381;P10 STEREO 90 metal/plástico;UNI;DISPONÍVEL;produtos/2380.png;NULL;2381-sti3470-smd;1000;0;ativo;5;9,55;4,7646;4,341;2,1705;NULL;9,75;21,46;NULL;1;0;0;0;0;NULL;0.00;0;10/02/2026;NULL;NULL;2026-08-18 13:38:10;2026-08-21 05:05:56;NWT
1551;NULL;COMPONENTES / CI SMD;2382;P18N60 ISOLADO;PÇ;INDISPONIVEL;produtos/2381.png;NULL;2382-si4501b-smd;1000;0;ativo;5;7,95;3,07;12,69038372;6,34519186;NULL;0;0;NULL;1;0;0;0;0;NULL;0.00;0;23/02/2026;NULL;NULL;2026-08-18 13:38:10;2026-08-21 05:05:56;ALIEXPRESS
1552;NULL;COMPONENTES / CI SMD;2383;P6N80 ISOLADO ;PÇ;INDISPONIVEL;produtos/2382.png;NULL;2383-tas5342-smd;1000;0;ativo;5;5,65;2,82;6,14;3,07;NULL;0;0;NULL;1;0;0;0;0;NULL;0.00;0;23/02/2026;NULL;NULL;2026-08-18 13:38:10;2026-08-21 05:05:56;ALIE
1553;NULL;COMPONENTES / CI SMD;2384;TOP256PN;PÇ;DISPONÍVEL;produtos/2383.png;NULL;2384-tas5352a-smd;1000;0;ativo;5;8,95;2,34;5,64;2,82;NULL;0;0;NULL;1;0;0;0;0;NULL;0.00;0;23/02/2026;NULL;NULL;2026-08-18 13:38:10;2026-08-21 05:05:56;ALIE
1554;NULL;COMPONENTES / CI SMD;2386;IR 2111;PÇ;DISPONÍVEL;produtos/2384.png;NULL;2386-tas5612la-saida-stetson;1000;0;ativo;5;10,97;4,35;4,68;2,34;NULL;0;0;NULL;1;0;0;0;0;NULL;0.00;0;23/02/2026;NULL;NULL;2026-08-18 13:38:10;2026-08-21 05:05:56;ALIE
1555;NULL;COMPONENTES / CI SMD;2387;LTK5828 SMD;PÇ;INDISPONIVEL;produtos/2386.png;NULL;2387-tas5612a-quadrado-saida-stetso;1000;0;ativo;5;10,57;;4,35;4,35;NULL;NULL;NULL;NULL;1;0;0;0;0;NULL;0.00;0;;NULL;NULL;2026-08-18 13:38:10;2026-08-21 05:05:56;
1556;NULL;COMPONENTES / CI SMD;2388;TPA3110 SMD;PÇ;DISPONÍVEL;produtos/2387.png;NULL;2388-tas5624-smd;1000;0;ativo;5;13,95;;0;0;NULL;NULL;NULL;NULL;1;0;0;0;0;NULL;0.00;0;;NULL;NULL;2026-08-18 13:38:10;2026-08-21 05:05:56;
1557;NULL;COMPONENTES / CI SMD;2389;TNY280PN;PÇ;DISPONÍVEL;produtos/2388.png;NULL;2389-tas5634-smd;1000;0;ativo;5;9,95;;0;0;NULL;NULL;NULL;NULL;1;0;0;0;0;NULL;0.00;0;;NULL;NULL;2026-08-18 13:38:10;2026-08-21 05:05:56;
1558;NULL;COMPONENTES / CI SMD;2390;TIP142 GRANDE;PÇ;DISPONÍVEL;produtos/2389.png;NULL;2390-tas5733-smd;1000;0;ativo;5;4,65;;0;0;NULL;NULL;NULL;NULL;1;0;0;0;0;NULL;0.00;0;;NULL;NULL;2026-08-18 13:38:10;2026-08-21 05:05:56;
1559;NULL;COMPONENTES / CI SMD;2391;CONECTOR DB9 MACHO 180 GRAUS p/ painel;UNI;DISPONÍVEL;produtos/2390.png;NULL;2391-tc4056-smd;1000;0;ativo;5;0,9;;0;0;NULL;NULL;NULL;NULL;1;0;0;0;0;NULL;0.00;0;;NULL;NULL;2026-08-18 13:38:10;2026-08-21 05:05:56;
1560;NULL;COMPONENTES / CI SMD;2392;CS8378 SMD;PÇ;DISPONÍVEL;produtos/2391.png;NULL;2392-tda2822-smd;1000;0;ativo;5;7,95;;0;0;NULL;NULL;NULL;NULL;1;0;0;0;0;NULL;0.00;0;;NULL;NULL;2026-08-18 13:38:10;2026-08-21 05:05:56;
1561;NULL;COMPONENTES / CI SMD;2393;PLUG P4 FEMEA PLASTICO 2.1 C/ RABICHO ;UNI;DISPONÍVEL;produtos/2392.png;NULL;2393-tea1506-smd;1000;0;ativo;5;1,25;0,4927;0;0;NULL;5;20,03;NULL;1;0;0;0;0;NULL;0.00;0;01/09/2026;NULL;NULL;2026-08-18 13:38:10;2026-08-21 05:05:56;NWT
1562;NULL;COMPONENTES / CI SMD;2394;ADP P2 P/ J10 STEREO METAL;UNI;DISPONÍVEL;produtos/2393.png;NULL;2394-tea1716-smd;1000;0;ativo;5;2,88;;0;0;NULL;NULL;NULL;NULL;1;0;0;0;0;NULL;0.00;0;;NULL;NULL;2026-08-18 13:38:10;2026-08-21 05:05:56;
1563;NULL;COMPONENTES / CI SMD;2395;CONECTOR F Rg6 ROSCA COMPRESSÃO;UNI;DISPONÍVEL;produtos/2394.png;NULL;2395-tea1733-smd;1000;0;ativo;5;2,1;0,9108;0;0;NULL;9,75;20,03;NULL;1;0;0;0;0;NULL;0.00;0;03/09/2026;NULL;NULL;2026-08-18 13:38:10;2026-08-21 05:05:56;NWT
1564;NULL;COMPONENTES / CI SMD;2396;P2 Stereo METAL Preto PROFISSIONAL P/ CABO 4MM;UNI;INDISPONIVEL;produtos/2395.png;NULL;2396-tl061-smd;1000;0;ativo;5;3,05;;0;0;NULL;NULL;NULL;NULL;1;0;0;0;0;NULL;0.00;0;;NULL;NULL;2026-08-18 13:38:10;2026-08-21 05:05:56;
1565;NULL;COMPONENTES / CI SMD;2397;POWERCON AZUL  MACHO 20A-AC 3 POLOS ;UNI;DISPONÍVEL;produtos/2396.png;NULL;2397-tl064-smd;1000;0;ativo;5;8,5;;0;0;NULL;NULL;NULL;NULL;1;0;0;0;0;NULL;0.00;0;;NULL;NULL;2026-08-18 13:38:10;2026-08-21 05:05:56;
1566;NULL;COMPONENTES / CI SMD;2398;Plug SPEAK - ON MACHO C/ TRAVA;UNI;DISPONÍVEL;produtos/2397.png;NULL;2398-tl071-smd;1000;0;ativo;5;5,4;;0;0;NULL;NULL;NULL;NULL;1;0;0;0;0;NULL;0.00;0;;NULL;NULL;2026-08-18 13:38:10;2026-08-21 05:05:56;
1567;NULL;COMPONENTES / CI SMD;2399;ESPAGUETE TERMO RETRATIL 3,5MM VENDA A PARTIR DE 10M;PCO 10M;DISPONÍVEL;produtos/2398.png;NULL;2399-tl072-smd;1000;0;ativo;5;12;;0;0;NULL;NULL;NULL;NULL;1;0;0;0;0;NULL;0.00;0;;NULL;NULL;2026-08-18 13:38:10;2026-08-21 05:05:56;
1568;NULL;COMPONENTES / CI SMD;2400;ESPAGUETE TERMO RETRATIL 5,0MM VENDA A PARTIR 10M;PCO 10M;DISPONÍVEL;produtos/2399.png;NULL;2400-tl074-smd;1000;0;ativo;5;15;;0;0;NULL;NULL;NULL;NULL;1;0;0;0;0;NULL;0.00;0;;NULL;NULL;2026-08-18 13:38:10;2026-08-21 05:05:56;
1569;NULL;COMPONENTES / CI SMD;2401;ESPAGUETE TERMO RETRATIL 7,0MM VENDA A PARTIR DE 10M;PCO 10M;DISPONÍVEL;produtos/2400.png;NULL;2401-tl081-smd;1000;0;ativo;5;17;;0;0;NULL;NULL;NULL;NULL;1;0;0;0;0;NULL;0.00;0;;NULL;NULL;2026-08-18 13:38:10;2026-08-21 05:05:56;
1570;NULL;COMPONENTES / CI SMD;2402;ESPAGUETE TERMO RETRATIL 8,0MM VENDA A PARTIR DE 10M;PCO 10M;DISPONÍVEL;produtos/2401.png;NULL;2402-tl082-smd;1000;0;ativo;5;20;;0;0;NULL;NULL;NULL;NULL;1;0;0;0;0;NULL;0.00;0;;NULL;NULL;2026-08-18 13:38:10;2026-08-21 05:05:56;
1571;NULL;COMPONENTES / CI SMD;2403;ESPAGUETE TERMO RETRATIL 9,0MM VENDA A PARTIR DE 10M;PCO 10M;DISPONÍVEL;produtos/2402.png;NULL;2403-tl084-smd;1000;0;ativo;5;22;;0;0;NULL;NULL;NULL;NULL;1;0;0;0;0;NULL;0.00;0;;NULL;NULL;2026-08-18 13:38:10;2026-08-21 05:05:56;
1572;NULL;COMPONENTES / CI SMD;2404;DIODO duplo  DE ALTA TENSÃO PARA MICRO-ONDAS;uni;DISPONÍVEL;produtos/2403.png;NULL;2404-tl431-smd;1000;0;ativo;5;5,4;;0;0;NULL;NULL;NULL;NULL;1;0;0;0;0;NULL;0.00;0;;NULL;NULL;2026-08-18 13:38:10;2026-08-21 05:05:56;
1573;NULL;COMPONENTES / CI SMD;2405;Módulo de alimentação ajustável Step-UP  3.2V-35V;UNI;DISPONÍVEL;produtos/2404.png;NULL;2405-tl494-smd;1000;0;ativo;5;9,9;;0;0;NULL;NULL;NULL;NULL;1;0;0;0;0;NULL;0.00;0;;NULL;NULL;2026-08-18 13:38:10;2026-08-21 05:05:56;
1574;NULL;COMPONENTES / CI SMD;2406;KBJ1008;UNI;DISPONÍVEL;produtos/2405.png;NULL;2406-tny286dg-smd;1000;0;ativo;5;4,95;;0;0;NULL;NULL;NULL;NULL;1;0;0;0;0;NULL;0.00;0;;NULL;NULL;2026-08-18 13:38:10;2026-08-21 05:05:56;
1575;NULL;COMPONENTES / CI SMD;2407;CS8511 SMD;PÇ;INDISPONIVEL;produtos/2406.png;NULL;2407-tny274gn-smd;1000;0;ativo;5;;;0;0;NULL;NULL;NULL;NULL;1;0;0;0;0;NULL;0.00;0;;NULL;NULL;2026-08-18 13:38:10;2026-08-21 05:05:56;
1576;NULL;COMPONENTES / CI SMD;2408;CAPACITOR ELETROLITICO ELCO 2,2 x 16;PÇ;DISPONÍVEL;produtos/2407.png;NULL;2408-tpa3110-smd;1000;0;ativo;5;0,08;;0;0;NULL;NULL;NULL;NULL;1;0;0;0;0;NULL;0.00;0;;NULL;NULL;2026-08-18 13:38:10;2026-08-21 05:05:56;
1577;NULL;COMPONENTES / CI SMD;2409;CAPACITOR ELETROLITICO ELCO 4,7 x 350;PÇ;DISPONÍVEL;produtos/2408.png;NULL;2409-tpa3116-smd;1000;0;ativo;5;0,5;;0;0;NULL;NULL;NULL;NULL;1;0;0;0;0;NULL;0.00;0;;NULL;NULL;2026-08-18 13:38:10;2026-08-21 05:05:56;
1578;NULL;COMPONENTES / CI SMD;2410;CAPACITOR ELETROLITICO ELCO 6800 x 35;PÇ;DISPONÍVEL;produtos/2409.png;NULL;2410-tpa3118-smd-jbl;1000;0;ativo;5;6,87;;0;0;NULL;NULL;NULL;NULL;1;0;0;0;0;NULL;0.00;0;;NULL;NULL;2026-08-18 13:38:10;2026-08-21 05:05:56;
1579;NULL;COMPONENTES / CI SMD;2411;CAPACITOR ELETROLITICO ELCO 2,2 x 160;PÇ;INDISPONIVEL;produtos/2410.png;NULL;2411-tps54240-smd;1000;0;ativo;5;;;0;0;NULL;NULL;NULL;NULL;1;0;0;0;0;NULL;0.00;0;;NULL;NULL;2026-08-18 13:38:10;2026-08-21 05:05:56;
1580;NULL;COMPONENTES / CI SMD;2412;CAPACITOR ELETROLITICO ELCO 2,2 x 350;PÇ;INDISPONIVEL;produtos/2411.png;NULL;2412-tps54260-smd;1000;0;ativo;5;1,2649;;0;0;NULL;NULL;NULL;NULL;1;0;0;0;0;NULL;0.00;0;;NULL;NULL;2026-08-18 13:38:10;2026-08-21 05:05:56;
1581;NULL;COMPONENTES / CI SMD;2413;CAPACITOR ELETROLITICO ELCO 0,47 x 160;PÇ;INDISPONIVEL;produtos/2412.png;NULL;2413-u27712-smd;1000;0;ativo;5;1,8951;;0;0;NULL;NULL;NULL;NULL;1;0;0;0;0;NULL;0.00;0;;NULL;NULL;2026-08-18 13:38:10;2026-08-21 05:05:56;
1582;NULL;COMPONENTES / CI SMD;2414;CAPACITOR ELETROLITICO ELCO 0,47 x 250;PÇ;INDISPONIVEL;produtos/2413.png;NULL;2414-uc3843-smd;1000;0;ativo;5;0,8951;;0;0;NULL;NULL;NULL;NULL;1;0;0;0;0;NULL;0.00;0;;NULL;NULL;2026-08-18 13:38:10;2026-08-21 05:05:56;
1583;NULL;COMPONENTES / CI SMD;2415;CAPACITOR ELETROLITICO ELCO 1 x 160;PÇ;INDISPONIVEL;produtos/2414.png;NULL;2415-uc3844-smd;1000;0;ativo;5;;;0;0;NULL;NULL;NULL;NULL;1;0;0;0;0;NULL;0.00;0;;NULL;NULL;2026-08-18 13:38:10;2026-08-21 05:05:56;
1584;NULL;COMPONENTES / CI SMD;2416;CAPACITOR ELETROLITICO ELCO 1 x 250;PÇ;INDISPONIVEL;produtos/2415.png;NULL;2416-ucc270112dr-smd;1000;0;ativo;5;;;0;0;NULL;NULL;NULL;NULL;1;0;0;0;0;NULL;0.00;0;;NULL;NULL;2026-08-18 13:38:10;2026-08-21 05:05:56;
1585;NULL;COMPONENTES / CI SMD;2417;CAPACITOR ELETROLITICO ELCO 1 x 350;PÇ;INDISPONIVEL;produtos/2416.png;NULL;2417-uln2003-smd;1000;0;ativo;5;;;0;0;NULL;NULL;NULL;NULL;1;0;0;0;0;NULL;0.00;0;;NULL;NULL;2026-08-18 13:38:10;2026-08-21 05:05:56;
1586;NULL;COMPONENTES / CI SMD;2418;CAPACITOR ELETROLITICO ELCO 1 x 400;PÇ;INDISPONIVEL;produtos/2417.png;NULL;2418-viper12-smd;1000;0;ativo;5;;;0;0;NULL;NULL;NULL;NULL;1;0;0;0;0;NULL;0.00;0;;NULL;NULL;2026-08-18 13:38:10;2026-08-21 05:05:56;
1587;NULL;COMPONENTES / CI DIP;2419;CAPACITOR ELETROLITICO ELCO 1 x 450;PÇ;INDISPONIVEL;produtos/2418.png;NULL;2419-viper22-smd;1000;0;ativo;5;;;0;0;NULL;NULL;NULL;NULL;1;0;0;0;0;NULL;0.00;0;;NULL;NULL;2026-08-18 13:38:10;2026-08-21 05:05:56;
1588;NULL;COMPONENTES / CI SMD;2420;CAPACITOR ELETROLITICO ELCO 3,3 x 160;PÇ;INDISPONIVEL;produtos/2419.png;NULL;2420-xpt9911-smd-p-caixinhas;1000;0;ativo;5;;;0;0;NULL;NULL;NULL;NULL;1;0;0;0;0;NULL;0.00;0;;NULL;NULL;2026-08-18 13:38:10;2026-08-21 05:05:56;
1589;NULL;COMPONENTES / CI REG DIP;2421;CAPACITOR ELETROLITICO ELCO 3,3 x 350;PÇ;INDISPONIVEL;produtos/2420.png;NULL;2421-reg-7805;1000;0;ativo;5;;;0;0;NULL;NULL;NULL;NULL;1;0;0;0;0;NULL;0.00;0;;NULL;NULL;2026-08-18 13:38:10;2026-08-21 05:05:56;
1590;NULL;COMPONENTES / CI REG DIP;2422;CAPACITOR ELETROLITICO ELCO 3,3 x 400;PÇ;INDISPONIVEL;produtos/2421.png;NULL;2422-reg-7905;1000;0;ativo;5;;;0;0;NULL;NULL;NULL;NULL;1;0;0;0;0;NULL;0.00;0;;NULL;NULL;2026-08-18 13:38:10;2026-08-21 05:05:56;
1591;NULL;COMPONENTES / CI REG DIP;2423;CAPACITOR ELETROLITICO ELCO 3,3 x 450;PÇ;INDISPONIVEL;produtos/2422.png;NULL;2423-reg7806;1000;0;ativo;5;;;0;0;NULL;NULL;NULL;NULL;1;0;0;0;0;NULL;0.00;0;;NULL;NULL;2026-08-18 13:38:10;2026-08-21 05:05:56;
1592;NULL;COMPONENTES / CI REG DIP;2424;CAPACITOR ELETROLITICO ELCO 6,8 x 350;PÇ;INDISPONIVEL;produtos/2423.png;NULL;2424-reg7906;1000;0;ativo;5;;;0;0;NULL;NULL;NULL;NULL;1;0;0;0;0;NULL;0.00;0;;NULL;NULL;2026-08-18 13:38:10;2026-08-21 05:05:56;
1593;NULL;COMPONENTES / CI REG DIP;2425;CAPACITOR ELETROLITICO ELCO 6,8 x 400;PÇ;INDISPONIVEL;produtos/2424.png;NULL;2425-reg-7808;1000;0;ativo;5;;;0;0;NULL;NULL;NULL;NULL;1;0;0;0;0;NULL;0.00;0;;NULL;NULL;2026-08-18 13:38:10;2026-08-21 05:05:56;
1594;NULL;COMPONENTES / CI REG DIP;2426;CAPACITOR ELETROLITICO ELCO 6,8 x 450;PÇ;INDISPONIVEL;produtos/2425.png;NULL;2426-reg-7908;1000;0;ativo;5;;;0;0;NULL;NULL;NULL;NULL;1;0;0;0;0;NULL;0.00;0;;NULL;NULL;2026-08-18 13:38:10;2026-08-21 05:05:56;
1595;NULL;COMPONENTES / CI REG DIP;2427;CAPACITOR ELETROLITICO ELCO 10 x 200;PÇ;INDISPONIVEL;produtos/2426.png;NULL;2427-reg-7809;1000;0;ativo;5;;;0;0;NULL;NULL;NULL;NULL;1;0;0;0;0;NULL;0.00;0;;NULL;NULL;2026-08-18 13:38:10;2026-08-21 05:05:56;
1596;NULL;COMPONENTES / CI REG DIP;2428;CAPACITOR ELETROLITICO ELCO 10 x 500;PÇ;INDISPONIVEL;produtos/2427.png;NULL;2428-reg-7909;1000;0;ativo;5;;;0;0;NULL;NULL;NULL;NULL;1;0;0;0;0;NULL;0.00;0;;NULL;NULL;2026-08-18 13:38:10;2026-08-21 05:05:56;
1597;NULL;COMPONENTES / CI REG DIP;2429;CAPACITOR ELETROLITICO ELCO 15 x 450;PÇ;INDISPONIVEL;produtos/2428.png;NULL;2429-reg-7812;1000;0;ativo;5;;;0;0;NULL;NULL;NULL;NULL;1;0;0;0;0;NULL;0.00;0;;NULL;NULL;2026-08-18 13:38:10;2026-08-21 05:05:56;
1598;NULL;COMPONENTES / CI REG DIP;2430;CAPACITOR ELETROLITICO ELCO 33 x 16;PÇ;INDISPONIVEL;produtos/2429.png;NULL;2430-reg-7912;1000;0;ativo;5;;;0;0;NULL;NULL;NULL;NULL;1;0;0;0;0;NULL;0.00;0;;NULL;NULL;2026-08-18 13:38:10;2026-08-21 05:05:56;
1599;NULL;COMPONENTES / CI REG DIP;2431;CAPACITOR ELETROLITICO ELCO 33 x 200;PÇ;INDISPONIVEL;produtos/2430.png;NULL;2431-reg-7815;1000;0;ativo;5;;;0;0;NULL;NULL;NULL;NULL;1;0;0;0;0;NULL;0.00;0;;NULL;NULL;2026-08-18 13:38:10;2026-08-21 05:05:56;
1600;NULL;COMPONENTES / CI REG DIP;2432;CAPACITOR ELETROLITICO ELCO 33 x 350;PÇ;INDISPONIVEL;produtos/2431.png;NULL;2432-reg-7915;1000;0;ativo;5;;;0;0;NULL;NULL;NULL;NULL;1;0;0;0;0;NULL;0.00;0;;NULL;NULL;2026-08-18 13:38:10;2026-08-21 05:05:56;
1601;NULL;COMPONENTES / CI REG DIP;2433;CAPACITOR ELETROLITICO ELCO 68 x 16;PÇ;INDISPONIVEL;produtos/2432.png;NULL;2433-reg-7824;1000;0;ativo;5;;;0;0;NULL;NULL;NULL;NULL;1;0;0;0;0;NULL;0.00;0;;NULL;NULL;2026-08-18 13:38:10;2026-08-21 05:05:56;
1602;NULL;COMPONENTES / CI REG DIP;2434;CAPACITOR ELETROLITICO ELCO 68 x 200;PÇ;INDISPONIVEL;produtos/2433.png;NULL;2434-reg-7924;1000;0;ativo;5;;;0;0;NULL;NULL;NULL;NULL;1;0;0;0;0;NULL;0.00;0;;NULL;NULL;2026-08-18 13:38:10;2026-08-21 05:05:56;
1603;NULL;COMPONENTES / CI REG DIP;2435;CAPACITOR ELETROLITICO ELCO 68 x 250;PÇ;INDISPONIVEL;produtos/2434.png;NULL;2435-lm317;1000;0;ativo;5;;;0;0;NULL;NULL;NULL;NULL;1;0;0;0;0;NULL;0.00;0;;NULL;NULL;2026-08-18 13:38:10;2026-08-21 05:05:56;
1604;NULL;COMPONENTES / CI REG DIP;2436;CAPACITOR ELETROLITICO ELCO 82 x 400;PÇ;INDISPONIVEL;produtos/2435.png;NULL;2436-lm1117-adj;1000;0;ativo;5;;;0;0;NULL;NULL;NULL;NULL;1;0;0;0;0;NULL;0.00;0;;NULL;NULL;2026-08-18 13:38:10;2026-08-21 05:05:56;
1605;NULL;COMPONENTES / CI REG DIP;2437;CAPACITOR ELETROLITICO ELCO 82 x 450;PÇ;INDISPONIVEL;produtos/2436.png;NULL;2437-lm1117-18v;1000;0;ativo;5;;;0;0;NULL;NULL;NULL;NULL;1;0;0;0;0;NULL;0.00;0;;NULL;NULL;2026-08-18 13:38:10;2026-08-21 05:05:56;
1606;NULL;COMPONENTES / CI REG DIP;2438;CAPACITOR ELETROLITICO ELCO 100 x 10;PÇ;INDISPONIVEL;produtos/2437.png;NULL;2438-lm1117-33v;1000;0;ativo;5;;;0;0;NULL;NULL;NULL;NULL;1;0;0;0;0;NULL;0.00;0;;NULL;NULL;2026-08-18 13:38:10;2026-08-21 05:05:56;
1607;NULL;COMPONENTES / CI REG DIP;2439;CAPACITOR ELETROLITICO ELCO 100 x 350;PÇ;INDISPONIVEL;produtos/2438.png;NULL;2439-lm1117-50v;1000;0;ativo;5;;;0;0;NULL;NULL;NULL;NULL;1;0;0;0;0;NULL;0.00;0;;NULL;NULL;2026-08-18 13:38:10;2026-08-21 05:05:56;
1608;NULL;COMPONENTES / CI DIP;2440;CAPACITOR ELETROLITICO ELCO 120 x 200;PÇ;INDISPONIVEL;produtos/2439.png;NULL;2440-lm2576-5v-5pinos;1000;0;ativo;5;;;0;0;NULL;NULL;NULL;NULL;1;0;0;0;0;NULL;0.00;0;;NULL;NULL;2026-08-18 13:38:10;2026-08-21 05:05:56;
1609;NULL;COMPONENTES / CI REG DIP;2441;CAPACITOR ELETROLITICO ELCO 120 x 450;PÇ;INDISPONIVEL;produtos/2440.png;NULL;2441-lm2940-12;1000;0;ativo;5;;;0;0;NULL;NULL;NULL;NULL;1;0;0;0;0;NULL;0.00;0;;NULL;NULL;2026-08-18 13:38:10;2026-08-21 05:05:56;
1610;NULL;COMPONENTES / CI REG DIP;2442;CAPACITOR ELETROLITICO ELCO 150 x 63;PÇ;INDISPONIVEL;produtos/2441.png;NULL;2442-78l33;1000;0;ativo;5;;;0;0;NULL;NULL;NULL;NULL;1;0;0;0;0;NULL;0.00;0;;NULL;NULL;2026-08-18 13:38:10;2026-08-21 05:05:56;
1611;NULL;COMPONENTES / CI REG DIP;2443;CAPACITOR ELETROLITICO ELCO 150 x 120;PÇ;INDISPONIVEL;produtos/2442.png;NULL;2443-78l05;1000;0;ativo;5;;;0;0;NULL;NULL;NULL;NULL;1;0;0;0;0;NULL;0.00;0;;NULL;NULL;2026-08-18 13:38:10;2026-08-21 05:05:56;
1612;NULL;COMPONENTES / CI REG DIP;2444;CAPACITOR ELETROLITICO ELCO 150 x 400;PÇ;INDISPONIVEL;produtos/2443.png;NULL;2444-78l09;1000;0;ativo;5;;;0;0;NULL;NULL;NULL;NULL;1;0;0;0;0;NULL;0.00;0;;NULL;NULL;2026-08-18 13:38:10;2026-08-21 05:05:56;
1613;NULL;COMPONENTES / CI REG DIP;2445;CAPACITOR ELETROLITICO ELCO 220 x 400;PÇ;INDISPONIVEL;produtos/2444.png;NULL;2445-78l12;1000;0;ativo;5;;;0;0;NULL;NULL;NULL;NULL;1;0;0;0;0;NULL;0.00;0;;NULL;NULL;2026-08-18 13:38:10;2026-08-21 05:05:56;
1614;NULL;COMPONENTES / CI REG DIP;2446;CAPACITOR ELETROLITICO ELCO 270 x 400;PÇ;INDISPONIVEL;produtos/2445.png;NULL;2446-78l15;1000;0;ativo;5;;;0;0;NULL;NULL;NULL;NULL;1;0;0;0;0;NULL;0.00;0;;NULL;NULL;2026-08-18 13:38:10;2026-08-21 05:05:56;
1615;NULL;COMPONENTES / CI REG SMD;2447;CAPACITOR ELETROLITICO ELCO 330 x 63;PÇ;INDISPONIVEL;produtos/2446.png;NULL;2447-reg-tensao-smd-12v;1000;0;ativo;5;;;0;0;NULL;NULL;NULL;NULL;1;0;0;0;0;NULL;0.00;0;;NULL;NULL;2026-08-18 13:38:10;2026-08-21 05:05:56;
1616;NULL;COMPONENTES / CI REG SMD;2448;CAPACITOR ELETROLITICO ELCO 330 X 450;PÇ;INDISPONIVEL;produtos/2447.png;NULL;2448-reg-tensao-smd-15v;1000;0;ativo;5;;;0;0;NULL;NULL;NULL;NULL;1;0;0;0;0;NULL;0.00;0;;NULL;NULL;2026-08-18 13:38:11;2026-08-21 05:05:56;
1617;NULL;COMPONENTES / CI REG SMD;2449;CAPACITOR ELETROLITICO ELCO 470 x 385;PÇ;INDISPONIVEL;produtos/2448.png;NULL;2449-reg-tensao-smd-18v;1000;0;ativo;5;;;0;0;NULL;NULL;NULL;NULL;1;0;0;0;0;NULL;0.00;0;;NULL;NULL;2026-08-18 13:38:11;2026-08-21 05:05:56;
1618;NULL;COMPONENTES / CI REG SMD;2450;CAPACITOR ELETROLITICO ELCO 560 x 250;PÇ;INDISPONIVEL;produtos/2449.png;NULL;2450-reg-tensao-smd-25v;1000;0;ativo;5;;;0;0;NULL;NULL;NULL;NULL;1;0;0;0;0;NULL;0.00;0;;NULL;NULL;2026-08-18 13:38:11;2026-08-21 05:05:56;
1619;NULL;COMPONENTES / CI REG SMD;2451;CAPACITOR ELETROLITICO ELCO 560 x 450;PÇ;INDISPONIVEL;produtos/2450.png;NULL;2451-reg-tensao-smd-33v;1000;0;ativo;5;;;0;0;NULL;NULL;NULL;NULL;1;0;0;0;0;NULL;0.00;0;;NULL;NULL;2026-08-18 13:38:11;2026-08-21 05:05:56;
1620;NULL;COMPONENTES / CI REG SMD;2452;CAPACITOR ELETROLITICO ELCO 820 x 200;PÇ;INDISPONIVEL;produtos/2451.png;NULL;2452-reg-tensao-smd-5v;1000;0;ativo;5;;;0;0;NULL;NULL;NULL;NULL;1;0;0;0;0;NULL;0.00;0;;NULL;NULL;2026-08-18 13:38:11;2026-08-21 05:05:56;
1621;NULL;COMPONENTES / CI REG SMD;2453;CAPACITOR ELETROLITICO ELCO 1000 x 160;PÇ;INDISPONIVEL;produtos/2452.png;NULL;2453-reg-tensao-smd-adj;1000;0;ativo;5;;;0;0;NULL;NULL;NULL;NULL;1;0;0;0;0;NULL;0.00;0;;NULL;NULL;2026-08-18 13:38:11;2026-08-21 05:05:56;
1622;NULL;COMPONENTES / CI REG SMD;2454;CAPACITOR ELETROLITICO ELCO 1200 x 200;PÇ;INDISPONIVEL;produtos/2453.png;NULL;2454-g1084-33-smd-33v;1000;0;ativo;5;;;0;0;NULL;NULL;NULL;NULL;1;0;0;0;0;NULL;0.00;0;;NULL;NULL;2026-08-18 13:38:11;2026-08-21 05:05:56;
1623;NULL;COMPONENTES / CI REG SMD;2455;CAPACITOR ELETROLITICO ELCO 1500 x 6,3;PÇ;INDISPONIVEL;produtos/2454.png;NULL;2455-reg-78m05-to-252;1000;0;ativo;5;;;0;0;NULL;NULL;NULL;NULL;1;0;0;0;0;NULL;0.00;0;;NULL;NULL;2026-08-18 13:38:11;2026-08-21 05:05:56;
1624;NULL;COMPONENTES / CI REG SMD;2456;CAPACITOR ELETROLITICO ELCO 1500 x 10;PÇ;INDISPONIVEL;produtos/2455.png;NULL;2456-lm2596-12-smd-to-263;1000;0;ativo;5;;;0;0;NULL;NULL;NULL;NULL;1;0;0;0;0;NULL;0.00;0;;NULL;NULL;2026-08-18 13:38:11;2026-08-21 05:05:56;
1625;NULL;COMPONENTES / IGBT;2457;CAPACITOR ELETROLITICO ELCO 1800 x 6,3;PÇ;INDISPONIVEL;produtos/2456.png;NULL;2457-ikp30n65h5;1000;0;ativo;5;;;0;0;NULL;NULL;NULL;NULL;1;0;0;0;0;NULL;0.00;0;;NULL;NULL;2026-08-18 13:38:11;2026-08-21 05:05:56;
1626;NULL;COMPONENTES / IGBT;2458;CAPACITOR ELETROLITICO ELCO 1800 x 16;PÇ;INDISPONIVEL;produtos/2457.png;NULL;2458-fgh40n60-igbt;1000;0;ativo;5;;;0;0;NULL;NULL;NULL;NULL;1;0;0;0;0;NULL;0.00;0;;NULL;NULL;2026-08-18 13:38:11;2026-08-21 05:05:56;
1627;NULL;COMPONENTES / IGBT;2459;CAPACITOR ELETROLITICO ELCO 1800 x 200;PÇ;INDISPONIVEL;produtos/2458.png;NULL;2459-fgh40n65-igbt;1000;0;ativo;5;;;0;0;NULL;NULL;NULL;NULL;1;0;0;0;0;NULL;0.00;0;;NULL;NULL;2026-08-18 13:38:11;2026-08-21 05:05:56;
1628;NULL;COMPONENTES / IGBT;2460;CAPACITOR ELETROLITICO ELCO 2200 x 6,3;PÇ;INDISPONIVEL;produtos/2459.png;NULL;2460-fgh60n60-igbt;1000;0;ativo;5;;;0;0;NULL;NULL;NULL;NULL;1;0;0;0;0;NULL;0.00;0;;NULL;NULL;2026-08-18 13:38:11;2026-08-21 05:05:56;
1629;NULL;COMPONENTES / IGBT;2461;CAPACITOR ELETROLITICO ELCO 2200 x 100;PÇ;INDISPONIVEL;produtos/2460.png;NULL;2461-60t65pes-igbt;1000;0;ativo;5;;;0;0;NULL;NULL;NULL;NULL;1;0;0;0;0;NULL;0.00;0;;NULL;NULL;2026-08-18 13:38:11;2026-08-21 05:05:56;
1630;NULL;COMPONENTES / IGBT;2462;CAPACITOR ELETROLITICO ELCO 3300 x 6,3v;PÇ;INDISPONIVEL;produtos/2461.png;NULL;2462-50jr22-igbt;1000;0;ativo;5;;;0;0;NULL;NULL;NULL;NULL;1;0;0;0;0;NULL;0.00;0;;NULL;NULL;2026-08-18 13:38:11;2026-08-21 05:05:56;
1631;NULL;COMPONENTES / IGBT;2463;CAPACITOR ELETROLITICO ELCO 3300 x 10v;PÇ;INDISPONIVEL;produtos/2462.png;NULL;2463-irgb4062-igbt;1000;0;ativo;5;;;0;0;NULL;NULL;NULL;NULL;1;0;0;0;0;NULL;0.00;0;;NULL;NULL;2026-08-18 13:38:11;2026-08-21 05:05:56;
1632;NULL;COMPONENTES / IGBT;2464;CAPACITOR ELETROLITICO ELCO 4700 x 6,3;PÇ;INDISPONIVEL;produtos/2463.png;NULL;2464-ikw50n65eh5-igbtsubst-gp4063d;1000;0;ativo;5;;;0;0;NULL;NULL;NULL;NULL;1;0;0;0;0;NULL;0.00;0;;NULL;NULL;2026-08-18 13:38:11;2026-08-21 05:05:56;
1633;NULL;COMPONENTES / IGBT;2465;CAPACITOR ELETROLITICO ELCO 4700 x 100;PÇ;INDISPONIVEL;produtos/2464.png;NULL;2465-ikw75n65eh5-igbt-subst-irgp4;1000;0;ativo;5;;;0;0;NULL;NULL;NULL;NULL;1;0;0;0;2;2026-08-23 13:13:31;0.00;0;;NULL;NULL;2026-08-18 13:38:11;2026-08-23 13:13:31;
1634;NULL;LEDS / 3MM / 5MM;2466;CAPACITOR ELETROLITICO ELCO 6800 x 63;PÇ;INDISPONIVEL;produtos/2465.png;NULL;2466-led-3mm-difuso-azul-pco-50-uni;1000;0;ativo;5;;;0;0;NULL;NULL;NULL;NULL;1;0;0;0;0;NULL;0.00;0;;NULL;NULL;2026-08-18 13:38:11;2026-08-21 05:05:56;
1635;NULL;LEDS / 3MM / 5MM;2467;CAPACITOR ELETROLITICO ELCO 6800 x 100;PÇ;INDISPONIVEL;produtos/2466.png;NULL;2467-led-5mm-difuso-amarelo-pco-50;1000;0;ativo;5;;;0;0;NULL;NULL;NULL;NULL;1;0;0;0;0;NULL;0.00;0;;NULL;NULL;2026-08-18 13:38:11;2026-08-21 05:05:56;
1636;NULL;LEDS / 3MM / 5MM;2468;CAPACITOR ELETROLITICO ELCO 10000 x 35;PÇ;INDISPONIVEL;produtos/2467.png;NULL;2468-led-5mm-difuso-vermelho-pco-50;1000;0;ativo;5;;;0;0;NULL;NULL;NULL;NULL;1;0;0;0;0;NULL;0.00;0;;NULL;NULL;2026-08-18 13:38:11;2026-08-21 05:05:56;
1637;NULL;LEDS / 3MM / 5MM;2469;CAPACITOR ELETROLITICO ELCO 10000 x 63;PÇ;INDISPONIVEL;produtos/2468.png;NULL;2469-led-5mm-difuso-azul-pco-50-uni;1000;0;ativo;5;;;0;0;NULL;NULL;NULL;NULL;1;0;0;0;0;NULL;0.00;0;;NULL;NULL;2026-08-18 13:38:11;2026-08-21 05:05:56;
1638;NULL;LEDS / 3MM / 5MM;2470;CONECTOR DB25 FEMEA 180 GRAUS p/ solda fio ;UNI;DISPONÍVEL;produtos/2469.png;NULL;2470-led-5mm-difuso-verde-pco-50-un;1000;0;ativo;5;1,98;0,85;0,85;0;NULL;0;9,73;NULL;1;0;0;0;0;NULL;0.00;0;05/06/2026;NULL;NULL;2026-08-18 13:38:11;2026-08-21 05:05:56;ASIA
1639;NULL;LEDS / 3MM / 5MM;2471;RESISTOR 100r 1/4W CENTO;PÇ 100X;DISPONÍVEL;produtos/2470.png;NULL;2471-led-auto-brilho-5mm-vermelho-p;1000;0;ativo;5;3;;0,85;0,85;NULL;NULL;NULL;NULL;1;0;0;0;0;NULL;0.00;0;;NULL;NULL;2026-08-18 13:38:11;2026-08-21 05:05:56;
1640;NULL;LEDS / 3MM / 5MM;2472;RESISTOR 10r 1/4W CENTO;PÇ 100X;DISPONÍVEL;produtos/2471.png;NULL;2472-led-auto-brilho-5mm-azul-pco-5;1000;0;ativo;5;3;;0;0;NULL;NULL;NULL;NULL;1;0;0;0;0;NULL;0.00;0;;NULL;NULL;2026-08-18 13:38:11;2026-08-21 05:05:56;
1641;NULL;LEDS / 3MM / 5MM;2473;60T65PES IGBT;PÇ;INDISPONIVEL;produtos/2472.png;NULL;2473-led-auto-brilho-5mm-verde-pco;1000;0;ativo;5;;;0;0;NULL;NULL;NULL;NULL;1;0;0;0;0;NULL;0.00;0;;NULL;NULL;2026-08-18 13:38:11;2026-08-21 05:05:56;
1642;NULL;LEDS / 3MM / 5MM;2474;RESISTOR 470R 2w;NULL;;produtos/2473.png;NULL;2474-led-auto-brilho-5mm-amarelo-pc;1000;0;ativo;5;0,25;0,09458;0,1217295;0;NULL;6,5;27,85;NULL;1;0;0;0;0;NULL;0.00;0;25/06/2026;NULL;NULL;2026-08-18 13:38:11;2026-08-21 05:05:56;ACP
1643;NULL;LEDS / 3MM / 5MM;2475;RESISTOR 33R 2w;;DISPONÍVEL;produtos/2474.png;NULL;2475-led-auto-brilho-5mm-branco-pco;1000;0;ativo;5;0,22;0,0867;0,228123;0,1217295;NULL;6,5;27;NULL;1;0;0;0;0;NULL;0.00;0;25/06/2026;NULL;NULL;2026-08-18 13:38:11;2026-08-21 05:05:56;ACP
1644;NULL;LEDS / 3MM / 5MM;2476;CRISTAL OSCILADOR DT38 32.768 KHZ ;UNI;DISPONÍVEL;produtos/2475.png;NULL;2476-led-rgb-3mm-pisca-rapido-pco-5;1000;0;ativo;5;0,6;0,33;0,4847814;0,1063935;NULL;3,3;11;NULL;1;0;0;0;0;NULL;0.00;0;25/06/2026;NULL;NULL;2026-08-18 13:38:11;2026-08-21 05:05:56;ASIA
1645;NULL;LEDS / TV;2477;CRISTAL OSCILADOR HC49S 4.000 MHZ ;UNI;DISPONÍVEL;produtos/2476.png;NULL;2477-led-3535-6v-2w-p-tv;1000;0;ativo;5;0,73;0,32;0,7453095;0,3783879;NULL;3,3;11;NULL;1;0;0;0;0;NULL;0.00;0;25/06/2026;NULL;NULL;2026-08-18 13:38:11;2026-08-21 05:05:56;ASIA
1646;NULL;LEDS / TV;2478;CRISTAL OSCILADOR HC49S 8.000 MHZ ;UNI;DISPONÍVEL;produtos/2477.png;NULL;2478-led-2835-3v-1w-p-tv;1000;0;ativo;5;0,87;0,38;0,802641;0,3669216;NULL;3,3;11;NULL;1;0;0;0;0;NULL;0.00;0;25/06/2026;NULL;NULL;2026-08-18 13:38:11;2026-08-21 05:05:56;ASIA
1647;NULL;LEDS / MINI LAMPADAS;2479;CRISTAL OSCILADOR HC49S 16.000 MHZ ;UNI;DISPONÍVEL;produtos/2478.png;NULL;2479-esmagada-pinguinho-t5-12w-12v;1000;0;ativo;5;0,87;0,38;0,8714388;0,4357194;NULL;3,3;11;NULL;1;0;0;0;0;NULL;0.00;0;25/06/2026;NULL;NULL;2026-08-18 13:38:11;2026-08-21 05:05:56;ASIA
1648;NULL;LEDS / MINI LAMPADAS;2480;CRISTAL OSCILADOR HC49S 16.000 MHZ SMD;UNI;DISPONÍVEL;produtos/2479.png;NULL;2480-esmagada-pinguinho-t5-12w-24v;1000;0;ativo;5;1,1;0,48;0,9861018;0,4357194;NULL;3,3;11;NULL;1;0;0;0;0;NULL;0.00;0;25/06/2026;NULL;NULL;2026-08-18 13:38:11;2026-08-21 05:05:56;ASIA
1649;NULL;COMPONENTES/RESISTORES;2481;Chave Push Button s/ trava pbs316 2 terminais 1,5a 250v preta aberta;UNI;DISPONÍVEL;produtos/2480.png;NULL;2481-resistor-10r-14w-cento;1000;0;ativo;5;1,95;0,72;1,3495824;0,5503824;NULL;NULL;11;NULL;1;0;0;0;0;NULL;0.00;0;25/06/2026;NULL;NULL;2026-08-18 13:38:11;2026-08-21 05:05:56;ASIA
1650;NULL;COMPONENTES/RESISTORES;2482;CHAVE PBS-211 PUSHBUTTON (DS211) ON/OFF;UNI;DISPONÍVEL;produtos/2481.png;NULL;2482-resistor-100r-14w-cento;1000;0;ativo;5;2,2;0,86;1,7982;0,7992;NULL;9,75;20,03;NULL;1;0;0;0;0;NULL;0.00;0;03/09/2026;NULL;NULL;2026-08-18 13:38:11;2026-08-21 05:05:56;ASIA
1651;NULL;COMPONENTES/RESISTORES;2483;CHAVE PBS-13-507 S/TRAVA 2T PLASTICO ABERTA AZUL ;UNI;DISPONÍVEL;produtos/2482.png;NULL;2483-resistor-1k-14w-cento;1000;0;ativo;5;2,4;0,98;2,0868;0,999;NULL;NULL;11;NULL;1;0;0;0;0;NULL;0.00;0;25/06/2026;NULL;NULL;2026-08-18 13:38:11;2026-08-21 05:05:56;ASIA
1652;NULL;COMPONENTES/RESISTORES;2484;CHAVE PBS-13-507 S/TRAVA 2T PLASTICO ABERTA VERDE;UNI;DISPONÍVEL;produtos/2483.png;NULL;2484-resistor-100k-14w-cento;1000;0;ativo;5;2,4;0,98;2,1756;1,0878;NULL;NULL;11;NULL;1;0;0;0;0;NULL;0.00;0;25/06/2026;NULL;NULL;2026-08-18 13:38:11;2026-08-21 05:05:56;ASIA
1653;NULL;COMPONENTES/RESISTORES;2485;CHAVE PBS-13-507 S/TRAVA 2T PLASTICO ABERTA AMARELA;UNI;DISPONÍVEL;produtos/2484.png;NULL;2485-resistor-470r-14w-fio;1000;0;ativo;5;2,4;0,98;2,1756;1,0878;NULL;NULL;11;NULL;1;0;0;0;0;NULL;0.00;0;25/06/2026;NULL;NULL;2026-08-18 13:38:11;2026-08-21 05:05:56;ASIA
1654;NULL;COMPONENTES/RESISTORES;2486;CHAVE PBS-13-507 S/TRAVA 2T PLASTICO ABERTA PRETA;UNI;DISPONÍVEL;produtos/2485.png;NULL;2486-resistor-33r-2w;1000;0;ativo;5;2,4;0,98;2,1756;1,0878;NULL;NULL;11;NULL;1;0;0;0;0;NULL;0.00;0;25/06/2026;NULL;NULL;2026-08-18 13:38:11;2026-08-21 05:05:56;ASIA
1655;NULL;COMPONENTES/RESISTORES;2487;CHAVE PBS-13-507 S/TRAVA 2T PLASTICO ABERTA BRANCA;UNI;DISPONÍVEL;produtos/2486.png;NULL;2487-resistor-100r-2w;1000;0;ativo;5;2,4;0,98;2,0678;1,0878;NULL;NULL;11;NULL;1;0;0;0;0;NULL;0.00;0;25/06/2026;NULL;NULL;2026-08-18 13:38:11;2026-08-21 05:05:56;ASIA
1656;NULL;COMPONENTES/RESISTORES;2488;CHAVE PBS-13-507 S/TRAVA 2T PLASTICO ABERTA VERMELHA;UNI;INDISPONIVEL;produtos/2487.png;NULL;2488-resistor-47r-2w;1000;0;ativo;5;;;0,98;0,98;NULL;NULL;NULL;NULL;1;0;0;0;0;NULL;0.00;0;;NULL;NULL;2026-08-18 13:38:11;2026-08-21 05:05:56;
1657;NULL;COMPONENTES/RESISTORES;2489;BTA26-600 ORIGINAL ;PÇ;DISPONÍVEL;produtos/2488.png;NULL;2489-resistor-470r-2w;1000;0;ativo;5;8,95;;0;0;NULL;NULL;NULL;NULL;1;0;0;0;0;NULL;0.00;0;;NULL;NULL;2026-08-18 13:38:11;2026-08-21 05:05:56;
1658;NULL;COMPONENTES/RESISTORES;2490;IRF530;PÇ;DISPONÍVEL;produtos/2489.png;NULL;2490-resistor-680r-2w;1000;0;ativo;5;4,3;;0;0;NULL;NULL;NULL;NULL;1;0;0;0;0;NULL;0.00;0;;NULL;NULL;2026-08-18 13:38:11;2026-08-21 05:05:56;
1659;NULL;COMPONENTES/RESISTORES;2491;KBPC 2510;UNI;DISPONÍVEL;produtos/2490.png;NULL;2491-resistor-005r-5w-porcelana;1000;0;ativo;5;6,85;;0;0;NULL;NULL;NULL;NULL;1;0;0;0;0;NULL;0.00;0;;NULL;NULL;2026-08-18 13:38:11;2026-08-21 05:05:56;
1660;NULL;COMPONENTES/RESISTORES;2492;4N25 ;PÇ;DISPONÍVEL;produtos/2491.png;NULL;2492-resistor-010r-5w-fio;1000;0;ativo;5;2,7;1,1;1,1;0;NULL;0;23;NULL;1;0;0;0;0;NULL;0.00;0;15/01/2026;NULL;NULL;2026-08-18 13:38:11;2026-08-21 05:05:56;ALLNETSYS
1661;NULL;COMPONENTES/RESISTORES;2493;74HC02N;PÇ;DISPONÍVEL;produtos/2492.png;NULL;2493-resistor-033r-5w-fio;1000;0;ativo;5;2,2;;1,1;1,1;NULL;NULL;NULL;NULL;1;0;0;0;0;NULL;0.00;0;;NULL;NULL;2026-08-18 13:38:11;2026-08-21 05:05:56;
1662;NULL;COMPONENTES/RESISTORES;2494;74HC14N;PÇ;DISPONÍVEL;produtos/2493.png;NULL;2494-resistor-047r-5w-fio;1000;0;ativo;5;2,35;;0;0;NULL;NULL;NULL;NULL;1;0;0;0;0;NULL;0.00;0;;NULL;NULL;2026-08-18 13:38:11;2026-08-21 05:05:56;
1663;NULL;COMPONENTES/RESISTORES;2495;74HC138N;PÇ;DISPONÍVEL;produtos/2494.png;NULL;2495-resistor-10r-5w-porcelana;1000;0;ativo;5;2,75;;0;0;NULL;NULL;NULL;NULL;1;0;0;0;0;NULL;0.00;0;;NULL;NULL;2026-08-18 13:38:11;2026-08-21 05:05:56;
1664;NULL;COMPONENTES/RESISTORES;2496;74HC595N;PÇ;DISPONÍVEL;produtos/2495.png;NULL;2496-resistor-10r-5w-fio;1000;0;ativo;5;2,85;;0;0;NULL;NULL;NULL;NULL;1;0;0;0;0;NULL;0.00;0;;NULL;NULL;2026-08-18 13:38:11;2026-08-21 05:05:56;
1665;NULL;COMPONENTES/RESISTORES;2497;74HC165N;PÇ;DISPONÍVEL;produtos/2496.png;NULL;2497-resistor-15r-5w-porcelana;1000;0;ativo;5;2,8;;0;0;NULL;NULL;NULL;NULL;1;0;0;0;0;NULL;0.00;0;;NULL;NULL;2026-08-18 13:38:11;2026-08-21 05:05:56;
1666;NULL;COMPONENTES/RESISTORES;2498;TOP255PN;PÇ;DISPONÍVEL;produtos/2497.png;NULL;2498-resistor-22r-5w-fio;1000;0;ativo;5;8,95;;0;0;NULL;NULL;NULL;NULL;1;0;0;0;0;NULL;0.00;0;;NULL;NULL;2026-08-18 13:38:11;2026-08-21 05:05:56;
1667;NULL;COMPONENTES/RESISTORES;2499;Micro Switch 10T85 COM HAST 15MM, 3 TERMINAIS MINI 5A ;;DISPONÍVEL;produtos/2498.png;NULL;2499-resistor-fio-5w-10k;1000;0;ativo;5;3,45;;0;0;NULL;NULL;NULL;NULL;1;0;0;0;0;NULL;0.00;0;;NULL;NULL;2026-08-18 13:38:11;2026-08-21 05:05:56;
1668;NULL;COMPONENTES/RESISTORES;2500;UC3844;PÇ;INDISPONIVEL;produtos/2499.png;NULL;2500-resistor-fio-5w-12k;1000;0;ativo;5;;;0;0;NULL;NULL;NULL;NULL;1;0;0;0;0;NULL;0.00;0;;NULL;NULL;2026-08-18 13:38:11;2026-08-21 05:05:56;
1669;NULL;COMPONENTES;2501;LM13600;PÇ;INDISPONIVEL;produtos/2500.png;NULL;2501-10k-14w-teste-tinker;100;0;ativo;10;;;0;0;NULL;NULL;NULL;80.00;1;0;0;0;3;2026-08-23 12:24:29;0.00;0;;NULL;NULL;2026-08-23 08:51:46;2026-08-23 12:24:29;
;;;2502;LM13700;PÇ;INDISPONIVEL;NULL;NULL;NULL;NULL;NULL;NULL;NULL;NULL;NULL;NULL;NULL;NULL;NULL;NULL;;;;;;;;;;;;;;;
;;;2503;FIO Cabo Áudio Stereo Philips Fio Rca 2 X 0,15mm 100m  100% COBRE;UNI;;NULL;NULL;NULL;NULL;NULL;NULL;NULL;NULL;NULL;NULL;NULL;NULL;NULL;NULL;;;;;;;;;;;;;;;
;;;2504;TAS5538 SMD;PÇ;DISPONÍVEL;NULL;NULL;NULL;NULL;NULL;NULL;NULL;24,9;;NULL;NULL;NULL;NULL;NULL;;;;;;;;;;;;;;;
;;;2505;SUPORTE PARA BATERIA 3 PILHAS AA PARALELO;PÇ;DISPONÍVEL;NULL;NULL;NULL;NULL;NULL;NULL;NULL;3,2;1,1475;NULL;NULL;NULL;0;9,73;;;;;;;;;;05/02/2026;;;;;ASIA
;;;2506;P20N65 ISOLADO ;PÇ;INDISPONIVEL;NULL;NULL;NULL;NULL;NULL;NULL;NULL;8,85;4,05;NULL;NULL;NULL;0;0;;;;;;;;;;23/02/2026;;;;;ALIEXPRESS
;;;2507;COLA QUENTE GROSSA 1KG TRANSPARENTE 35 PCS;PCO 35X;DISPONÍVEL;NULL;NULL;NULL;NULL;NULL;NULL;NULL;39,9;;NULL;NULL;NULL;NULL;NULL;;;;;;;;;;;;;;;
;;;2508;BATERIA 9V UP UNI BLISTER ;UNI;DISPONÍVEL;NULL;NULL;NULL;NULL;NULL;NULL;NULL;5,4;;NULL;NULL;NULL;NULL;NULL;;;;;;;;;;;;;;;
;;;2509;LTK5328 SMD;PÇ;DISPONÍVEL;NULL;NULL;NULL;NULL;NULL;NULL;NULL;8,95;;NULL;NULL;NULL;NULL;NULL;;;;;;;;;;;;;;;
;;;2510;RC4580 SMD GRANDE ;PÇ;INDISPONIVEL;NULL;NULL;NULL;NULL;NULL;NULL;NULL;;;NULL;NULL;NULL;NULL;NULL;;;;;;;;;;;;;;;
;;;2511;PLUG P4 MACHO PLASTICO 2.1 C/ RABICHO ;UNI;DISPONÍVEL;NULL;NULL;NULL;NULL;NULL;NULL;NULL;1,52;0,6047;NULL;NULL;NULL;5;20,03;;;;;;;;;;01/09/2026;;;;;NWT
;;;2512;ADAP J10 STEREO P/ JACK CANNON METAL;UNI;DISPONÍVEL;NULL;NULL;NULL;NULL;NULL;NULL;NULL;13,64;6,0918;NULL;NULL;NULL;9,75;20,03;;;;;;;;;;02/09/2026;;;;;NWT
;;;2513;ADAP J10 STEREO P/ PLUG CANNON METAL;UNI;DISPONÍVEL;NULL;NULL;NULL;NULL;NULL;NULL;NULL;13,76;6,1456;NULL;NULL;NULL;9,75;20,03;;;;;;;;;;02/09/2026;;;;;NWT
;;;2514;ADAP J2 STEREO P/ JACK CANNON METAL;UNI;DISPONÍVEL;NULL;NULL;NULL;NULL;NULL;NULL;NULL;15,78;7,0474;NULL;NULL;NULL;9,75;20,03;;;;;;;;;;02/09/2026;;;;;NWT
;;;2515;ADAP J2 STEREO P/ PLUG CANNON METAL;UNI;DISPONÍVEL;NULL;NULL;NULL;NULL;NULL;NULL;NULL;15,78;7,0474;NULL;NULL;NULL;9,75;20,03;;;;;;;;;;02/09/2026;;;;;NWT
;;;2516;XLR FEMEA METAL LINHA BLACK PROFISSIONAL;UNI;DISPONÍVEL;NULL;NULL;NULL;NULL;NULL;NULL;NULL;4,95;1,959;NULL;NULL;NULL;9,75;20,03;;;;;;;;;;03/09/2026;;;;;NWT
;;;2517;XLR MACHO METAL LINHA BLACK PROFISSIONAL;UNI;DISPONÍVEL;NULL;NULL;NULL;NULL;NULL;NULL;NULL;4,95;1,947;NULL;NULL;NULL;9,75;20,03;;;;;;;;;;03/09/2026;;;;;NWT
;;;2518;P2 stereo metal P/ CABO 4MM;UNI;DISPONÍVEL;NULL;NULL;NULL;NULL;NULL;NULL;NULL;1,9;0,7644;NULL;NULL;NULL;9,75;20,03;;;;;;;;;;03/09/2026;;;;;NWT
;;;2519;Pot deslizante STANER 20k 30mm curso ;UNI;DISPONÍVEL;NULL;NULL;NULL;NULL;NULL;NULL;NULL;4,75;2,08;NULL;NULL;NULL;0;11,45;;;;;;;;;;03/09/2026;;;;;TF
